instance,iterations,wall_seconds,path,status,peak_memory_mib,agent_replans,battery_violations,capacity_violations,complete_service,conflicts_resolved,customers_served,customers_unserved,decision_epochs,distance_per_served_customer,duplicate_customer_proposal_conflicts,duplicate_service_violations,feasible,final_return_feasibility,hidden_information_violations,maximum_planning_time,mcts_iterations,mean_planning_time,mean_unique_intention_coverage,median_planning_time,nodes_expanded,p95_planning_time,service_ratio,symmetry_reused_replans,time_window_violations,total_charging_time,total_charging_visits,total_distance,total_energy_charged,total_planning_time,total_waiting_time,vehicle_activations_caused_by_coordinator,vehicles_activated,wait_selected
c101_21,8,1.5292748000938445,C:\Users\AYOUB\AppData\Local\EVRP\calibration\raw\c101_21_COORDINATED_MPC_MCTS_4343a9152c1c0c7b9c19.json.gz,completed,136.56640625,195,0,0,False,8,64,36,84,21.09305642544479,8,0,False,True,0,0.23753880010917783,1560,0.01656204761959435,2.7738095238095237,0.011812649958301336,1317,0.02733122492791153,0.64,0,0,1798.087338148481,14,1349.9556112284665,530.4092442915872,1.3912120000459254,6600.551964006078,13,13,104
c101_21,16,3.6821416000602767,C:\Users\AYOUB\AppData\Local\EVRP\calibration\raw\c101_21_COORDINATED_MPC_MCTS_b5a54d80491d8c9c89d3.json.gz,completed,143.77734375,227,0,0,False,4,67,33,104,24.729489905131246,4,0,False,True,0,0.5761070000007749,3632,0.034140480770684704,3.019230769230769,0.025709500012453645,2566,0.06240659995819442,0.67,0,0,2763.1598724554133,29,1656.8758236437934,815.0914078039567,3.5506100001512095,5158.309834757853,13,13,118
c101_21,32,9.692288900027052,C:\Users\AYOUB\AppData\Local\EVRP\calibration\raw\c101_21_COORDINATED_MPC_MCTS_6478c331b1257876c19b.json.gz,completed,151.7578125,226,0,0,False,8,66,34,112,25.56279770574505,8,0,False,True,0,1.678493699990213,7232,0.0852723669720165,3.3660714285714284,0.05743109999457374,4968,0.15038005500100535,0.66,0,0,2803.781426585846,37,1687.1446485791735,827.0741671344679,9.550505100865848,5156.946027132556,13,13,110
c101_21,64,14.863648899947293,C:\Users\AYOUB\AppData\Local\EVRP\calibration\raw\c101_21_COORDINATED_MPC_MCTS_971fa1837e9e1f1e5c72.json.gz,completed,154.890625,229,0,0,False,9,65,35,106,26.091690417468612,9,0,False,True,0,2.6036362999584526,14656,0.13854716036727932,3.490566037735849,0.10336874995846301,8192,0.2406560750096105,0.65,0,0,2638.9494623965434,33,1695.95987713546,778.4511688485378,14.685998998931609,5368.888608013167,13,13,118
c201_21,8,1.7846783000277355,C:\Users\AYOUB\AppData\Local\EVRP\calibration\raw\c201_21_COORDINATED_MPC_MCTS_1c7b69640c9cba6457b9.json.gz,completed,154.890625,74,0,0,False,2,45,55,56,17.197465064513548,2,0,False,True,0,0.11836580000817776,592,0.02998245535958891,4.267857142857143,0.026392350031528622,558,0.06086154995136894,0.45,0,0,846.6512235900967,8,773.8859279031096,371.33825596056874,1.679017500136979,11244.652678071321,5,5,16
c201_21,16,3.2274838999146596,C:\Users\AYOUB\AppData\Local\EVRP\calibration\raw\c201_21_COORDINATED_MPC_MCTS_d0b3309f884dfddc5c52.json.gz,completed,154.890625,68,0,0,False,0,40,60,50,20.067820829419386,0,0,False,True,0,0.2265641000121832,1088,0.06258448599139228,4.48,0.060951549967285246,990,0.10935072498978116,0.4,0,0,1128.059639062533,8,802.7128331767755,494.7629995888303,3.1292242995696142,11399.585985536483,5,5,15
c201_21,32,3.258066500071436,C:\Users\AYOUB\AppData\Local\EVRP\calibration\raw\c201_21_COORDINATED_MPC_MCTS_262bc22a4b8cf3330ed0.json.gz,completed,154.890625,53,0,0,False,1,27,73,35,17.908164188545882,1,0,False,True,0,0.45823710004333407,1696,0.09031149142288736,4.085714285714285,0.07597060000989586,1420,0.17237533995648843,0.27,0,0,685.6556741565198,5,483.5204330907388,300.72617287566663,3.1609021998010576,13338.299593297157,5,5,16
c201_21,64,5.805698300013319,C:\Users\AYOUB\AppData\Local\EVRP\calibration\raw\c201_21_COORDINATED_MPC_MCTS_925030028576ad206a8d.json.gz,completed,155.8203125,49,0,0,False,3,26,74,30,17.16437484655736,3,0,False,True,0,0.9112522999057546,3136,0.19060321333818137,4.066666666666666,0.1711178000550717,2542,0.3414174700330476,0.26,0,0,174.30952986380464,1,446.27374601049144,76.45154818587923,5.718096400145441,13969.775181901494,5,5,17
r101_21,8,2.2282988999504596,C:\Users\AYOUB\AppData\Local\EVRP\calibration\raw\r101_21_COORDINATED_MPC_MCTS_ee7d47679376f7e7f458.json.gz,completed,168.22265625,324,0,0,False,25,66,34,93,21.162043479282538,25,0,False,True,0,0.35856299998704344,2592,0.021241068828760857,2.0,0.014216099982149899,2125,0.0416606799699366,0.66,0,0,196.55493754534376,17,1396.6948696326474,409.48945321946616,1.9754194010747597,2194.5785527478915,20,20,221
r101_21,16,4.481574299978092,C:\Users\AYOUB\AppData\Local\EVRP\calibration\raw\r101_21_COORDINATED_MPC_MCTS_e9b95baafab0371f0a49.json.gz,completed,171.35546875,328,0,0,False,13,64,36,105,24.774484880517555,13,0,False,True,0,0.8383653999771923,5248,0.04099010094179816,2.6476190476190475,0.02938480000011623,3927,0.07927816000301384,0.64,0,0,231.40280254806797,36,1585.5670323531235,482.08917197514165,4.303960598888807,1990.8213557896995,20,20,208
r101_21,32,7.525875400053337,C:\Users\AYOUB\AppData\Local\EVRP\calibration\raw\r101_21_COORDINATED_MPC_MCTS_e6a7556e517c25bf6e50.json.gz,completed,172.015625,332,0,0,False,17,61,39,105,25.61868647530991,17,0,False,True,0,1.717643800075166,10624,0.06992903238140225,2.6952380952380954,0.03889389999676496,6331,0.14062857998069372,0.61,0,0,296.0758454441149,37,1562.7398749939046,616.8246780085727,7.342548400047235,1954.854801246146,20,20,214
r101_21,64,13.82552900002338,C:\Users\AYOUB\AppData\Local\EVRP\calibration\raw\r101_21_COORDINATED_MPC_MCTS_daa4540be055693ff7bb.json.gz,completed,173.7265625,358,0,0,False,18,63,37,109,28.462135526823424,18,0,False,True,0,3.016424899920821,22912,0.12501226605979915,2.963302752293578,0.061697399942204356,11377,0.3082437600707629,0.63,0,0,357.3286116849592,43,1793.1145381898757,744.4346076769983,13.626337000518106,1710.9262812639627,20,20,232
r201_21,8,2.020236299955286,C:\Users\AYOUB\AppData\Local\EVRP\calibration\raw\r201_21_COORDINATED_MPC_MCTS_6ca7d89c4b54f20090a7.json.gz,completed,173.7265625,68,0,0,False,0,46,54,56,20.717454850405478,0,0,False,True,0,0.17180400004144758,544,0.03394303035539841,4.053571428571429,0.028686200035735965,515,0.06423875002656132,0.46,0,0,41.583456002791436,8,953.002923118652,259.8966000174465,1.900809699902311,2537.0431321876913,4,4,10
r201_21,16,4.165855800034478,C:\Users\AYOUB\AppData\Local\EVRP\calibration\raw\r201_21_COORDINATED_MPC_MCTS_6689d67239bf8b592902.json.gz,completed,173.7265625,73,0,0,False,1,48,52,61,21.260457249888287,1,0,False,True,0,0.34350519999861717,1168,0.06655002623933871,3.9508196721311477,0.06799550005234778,1062,0.13280839996878058,0.48,0,0,81.00155545428835,10,1020.5019479946377,506.2597215893022,4.0595516005996615,2408.032498864263,4,4,11
r201_21,32,6.9419183999998495,C:\Users\AYOUB\AppData\Local\EVRP\calibration\raw\r201_21_COORDINATED_MPC_MCTS_64d0f7167fb0a7052d8e.json.gz,completed,173.7265625,71,0,0,False,0,47,53,59,18.855533186469135,0,0,False,True,0,0.5229618999874219,2272,0.11572325591716158,4.033898305084746,0.12199350004084408,2032,0.21627054993296035,0.47,0,0,103.64879451851972,10,886.2100597640493,647.8049657407482,6.827672099112533,2533.6072358412703,4,4,10
r201_21,64,10.695877799997106,C:\Users\AYOUB\AppData\Local\EVRP\calibration\raw\r201_21_COORDINATED_MPC_MCTS_0cbcdcdb6caf2ff57bd1.json.gz,completed,176.61328125,71,0,0,False,0,43,57,57,21.879690747458028,0,0,False,True,0,0.9692720000166446,4544,0.18569513332923843,3.8421052631578947,0.19202929991297424,3695,0.3420383999356999,0.43,0,0,77.59582238661918,10,940.8267021406953,484.9738899163699,10.58462259976659,2545.3768958875844,4,4,14
rc101_21,8,2.725195899954997,C:\Users\AYOUB\AppData\Local\EVRP\calibration\raw\rc101_21_COORDINATED_MPC_MCTS_7bc7c535f98fbe992eaf.json.gz,completed,179.09765625,425,0,0,False,29,67,33,96,26.736345931350428,29,0,False,True,0,0.3839144000085071,3400,0.026268586461810628,2.5,0.01663809997262433,2857,0.03996992498287,0.67,0,0,180.289891745189,17,1791.3351774004786,474.44708353997106,2.5217843003338203,2296.238970757498,21,21,320
rc101_21,16,5.590465500019491,C:\Users\AYOUB\AppData\Local\EVRP\calibration\raw\rc101_21_COORDINATED_MPC_MCTS_a65e23a2abc447e49b9f.json.gz,completed,181.44140625,410,0,0,False,21,78,22,113,27.83407545356151,21,0,False,True,0,1.1086510000750422,6560,0.04772898583133103,2.893805309734513,0.029905700008384883,4772,0.10034653998445713,0.78,0,0,313.34957673713865,31,2171.057885377798,824.6041493082596,5.393375398940407,1596.8722907515153,21,21,280
rc101_21,32,10.998063900042325,C:\Users\AYOUB\AppData\Local\EVRP\calibration\raw\rc101_21_COORDINATED_MPC_MCTS_0bbaf0c63f9e43a086ca.json.gz,completed,181.68359375,399,0,0,False,21,71,29,114,30.477514910473545,21,0,False,True,0,2.220352499978617,12768,0.0946162815763321,3.210526315789474,0.05699654994532466,8090,0.18311484002624617,0.71,0,0,303.3513302066671,42,2163.9035586436216,798.2929742280714,10.786256099701859,1731.6937010287784,21,21,265
rc101_21,64,17.06574550003279,C:\Users\AYOUB\AppData\Local\EVRP\calibration\raw\rc101_21_COORDINATED_MPC_MCTS_6e4e16c775881847a251.json.gz,completed,183.31640625,424,0,0,False,29,79,21,113,26.820590294875394,29,0,False,True,0,3.7892026000190526,27136,0.1490869964627483,3.1415929203539825,0.07924719993025064,12808,0.21308731995522973,0.79,0,0,325.6330077180551,28,2118.826633295156,856.9289676790924,16.84683060029056,1686.8177058839651,21,21,296
rc201_21,8,1.8051445999881253,C:\Users\AYOUB\AppData\Local\EVRP\calibration\raw\rc201_21_COORDINATED_MPC_MCTS_4fadc04eb8decd893a15.json.gz,completed,183.31640625,72,0,0,False,2,40,60,48,28.805068676933434,2,0,False,True,0,0.1554917999310419,576,0.03507802081973447,3.6458333333333335,0.03239050001138821,519,0.07613856498501259,0.4,0,0,35.0562302514964,5,1152.2027470773373,250.4016446535457,1.6837449993472546,3201.0417010684905,5,5,22
rc201_21,16,3.1118568000383675,C:\Users\AYOUB\AppData\Local\EVRP\calibration\raw\rc201_21_COORDINATED_MPC_MCTS_b2fe5dc1da4459c6f05a.json.gz,completed,183.31640625,74,0,0,False,2,42,58,53,28.903540205187017,2,0,False,True,0,0.30365149991121143,1184,0.05632862075065034,3.4150943396226414,0.046640300075523555,998,0.1211853799410164,0.42,0,0,61.331700261978625,8,1213.9486886178547,438.08357329984733,2.985416899784468,3072.704459053235,5,5,19
rc201_21,32,5.764189200010151,C:\Users\AYOUB\AppData\Local\EVRP\calibration\raw\rc201_21_COORDINATED_MPC_MCTS_86fcad64e834f6631180.json.gz,completed,183.31640625,71,0,0,False,1,44,56,54,26.50987938289544,1,0,False,True,0,0.6214255000231788,2272,0.10414031481249603,3.7037037037037037,0.1062637499999255,1888,0.20740031996392636,0.44,0,0,75.8132045502103,7,1166.4346928473994,541.5228896443593,5.6235769998747855,3093.5408418441357,5,5,15
rc201_21,64,11.08055549999699,C:\Users\AYOUB\AppData\Local\EVRP\calibration\raw\rc201_21_COORDINATED_MPC_MCTS_bb5f0869795e78dbab87.json.gz,completed,183.31640625,77,0,0,False,1,47,53,58,26.517431531354333,1,0,False,True,0,1.1705200000433251,4928,0.1891281706951398,3.7413793103448274,0.19346865004627034,3944,0.35502116004936396,0.47,0,0,51.56238679818171,8,1246.3192819736537,368.30276284415504,10.969433900318108,3023.653455325334,5,5,17
