study,ablation_factor,first,second,metric,difference,condition,matched_pairs,eligible_pairs,unmatched_records,ambiguous_records,n,mean,median,standard_deviation,ci95_low,ci95_high
ablations,algorithm,COORDINATED_MPC_MCTS,INDEPENDENT_MPC_MCTS,customers_unserved,first-minus-second,all matched service outcomes,6,6,0,0,6,-5.666666666666667,-5.5,5.391351098441527,-11.324542656563567,-0.008790676769764
ablations,algorithm,COORDINATED_MPC_MCTS,INDEPENDENT_MPC_MCTS,vehicles_activated,first-minus-second,equal service count,6,2,0,0,2,0.0,0.0,0.0,0.0,0.0
ablations,algorithm,COORDINATED_MPC_MCTS,INDEPENDENT_MPC_MCTS,total_distance,first-minus-second,equal service count and vehicle count,6,2,0,0,2,-28.917350960815497,-28.917350960815497,21.944698892293825,-226.08264792720811,168.24794600557715
ablations,algorithm,COORDINATED_MPC_MCTS,INDEPENDENT_MPC_MCTS,total_planning_time,first-minus-second,matched execution profile; concurrent timings are not isolated latency,6,0,0,0,0,,,,,
ablations,charging_mode,COORDINATED_MPC_MCTS,INDEPENDENT_MPC_MCTS,customers_unserved,first-minus-second,all matched service outcomes,0,0,0,12,0,,,,,
ablations,charging_mode,COORDINATED_MPC_MCTS,INDEPENDENT_MPC_MCTS,vehicles_activated,first-minus-second,equal service count,0,0,0,12,0,,,,,
ablations,charging_mode,COORDINATED_MPC_MCTS,INDEPENDENT_MPC_MCTS,total_distance,first-minus-second,equal service count and vehicle count,0,0,0,12,0,,,,,
ablations,charging_mode,COORDINATED_MPC_MCTS,INDEPENDENT_MPC_MCTS,total_planning_time,first-minus-second,matched execution profile; concurrent timings are not isolated latency,0,0,0,12,0,,,,,
ablations,mcts_iterations,COORDINATED_MPC_MCTS,INDEPENDENT_MPC_MCTS,customers_unserved,first-minus-second,all matched service outcomes,0,0,0,24,0,,,,,
ablations,mcts_iterations,COORDINATED_MPC_MCTS,INDEPENDENT_MPC_MCTS,vehicles_activated,first-minus-second,equal service count,0,0,0,24,0,,,,,
ablations,mcts_iterations,COORDINATED_MPC_MCTS,INDEPENDENT_MPC_MCTS,total_distance,first-minus-second,equal service count and vehicle count,0,0,0,24,0,,,,,
ablations,mcts_iterations,COORDINATED_MPC_MCTS,INDEPENDENT_MPC_MCTS,total_planning_time,first-minus-second,matched execution profile; concurrent timings are not isolated latency,0,0,0,24,0,,,,,
ablations,prediction_horizon,COORDINATED_MPC_MCTS,INDEPENDENT_MPC_MCTS,customers_unserved,first-minus-second,all matched service outcomes,0,0,0,18,0,,,,,
ablations,prediction_horizon,COORDINATED_MPC_MCTS,INDEPENDENT_MPC_MCTS,vehicles_activated,first-minus-second,equal service count,0,0,0,18,0,,,,,
ablations,prediction_horizon,COORDINATED_MPC_MCTS,INDEPENDENT_MPC_MCTS,total_distance,first-minus-second,equal service count and vehicle count,0,0,0,18,0,,,,,
ablations,prediction_horizon,COORDINATED_MPC_MCTS,INDEPENDENT_MPC_MCTS,total_planning_time,first-minus-second,matched execution profile; concurrent timings are not isolated latency,0,0,0,18,0,,,,,
ablations,top_L,COORDINATED_MPC_MCTS,INDEPENDENT_MPC_MCTS,customers_unserved,first-minus-second,all matched service outcomes,0,0,0,18,0,,,,,
ablations,top_L,COORDINATED_MPC_MCTS,INDEPENDENT_MPC_MCTS,vehicles_activated,first-minus-second,equal service count,0,0,0,18,0,,,,,
ablations,top_L,COORDINATED_MPC_MCTS,INDEPENDENT_MPC_MCTS,total_distance,first-minus-second,equal service count and vehicle count,0,0,0,18,0,,,,,
ablations,top_L,COORDINATED_MPC_MCTS,INDEPENDENT_MPC_MCTS,total_planning_time,first-minus-second,matched execution profile; concurrent timings are not isolated latency,0,0,0,18,0,,,,,
