study,ablation_factor,algorithm,DoD_target,prediction_horizon,top_l,candidate_limit,charging_mode,budget_mode,iterations,time_limit,parallel_agents,execution_profile,source_sha256,metric,n,mean,median,standard_deviation,ci95_low,ci95_high,number_of_runs,contributing_runs,maximum_observed
ablations,prediction_horizon,COORDINATED_MPC_MCTS,0.5,1,3,12,partial,iterations,16,0.5,False,concurrent,06d868f693a728ac1102e913d6ba675227fc8ef9ccd5c18031507f8350390552,service_ratio,6,0.38,0.38,0.1305373509766457,0.2430094515474971,0.516990548452503,6,6,0.57
ablations,prediction_horizon,COORDINATED_MPC_MCTS,0.5,1,3,12,partial,iterations,16,0.5,False,concurrent,06d868f693a728ac1102e913d6ba675227fc8ef9ccd5c18031507f8350390552,distance_complete,0,,,,,,6,0,
ablations,prediction_horizon,COORDINATED_MPC_MCTS,0.5,1,3,12,partial,iterations,16,0.5,False,concurrent,06d868f693a728ac1102e913d6ba675227fc8ef9ccd5c18031507f8350390552,total_planning_time,6,1.3441881164326333,1.0443814498721622,0.969094985672786,0.327185300023123,2.361190932842144,6,6,2.8100554996635765
ablations,prediction_horizon,COORDINATED_MPC_MCTS,0.5,3,3,12,partial,iterations,16,0.5,False,concurrent,06d868f693a728ac1102e913d6ba675227fc8ef9ccd5c18031507f8350390552,service_ratio,6,0.4216666666666666,0.48,0.1950811796833991,0.2169415240339551,0.6263918092993781,6,6,0.6
ablations,prediction_horizon,COORDINATED_MPC_MCTS,0.5,3,3,12,partial,iterations,16,0.5,False,concurrent,06d868f693a728ac1102e913d6ba675227fc8ef9ccd5c18031507f8350390552,distance_complete,0,,,,,,6,0,
ablations,prediction_horizon,COORDINATED_MPC_MCTS,0.5,3,3,12,partial,iterations,16,0.5,False,concurrent,06d868f693a728ac1102e913d6ba675227fc8ef9ccd5c18031507f8350390552,total_planning_time,6,3.252727066845788,3.732319300295785,1.7369629921894392,1.42989619766182,5.075557936029757,6,6,5.068494000588544
ablations,prediction_horizon,COORDINATED_MPC_MCTS,0.5,5,3,12,partial,iterations,16,0.5,False,isolated,06d868f693a728ac1102e913d6ba675227fc8ef9ccd5c18031507f8350390552,service_ratio,6,0.565,0.56,0.153850576859497,0.4035437214250873,0.7264562785749126,6,6,0.78
ablations,prediction_horizon,COORDINATED_MPC_MCTS,0.5,5,3,12,partial,iterations,16,0.5,False,isolated,06d868f693a728ac1102e913d6ba675227fc8ef9ccd5c18031507f8350390552,distance_complete,0,,,,,,6,0,
ablations,prediction_horizon,COORDINATED_MPC_MCTS,0.5,5,3,12,partial,iterations,16,0.5,False,isolated,06d868f693a728ac1102e913d6ba675227fc8ef9ccd5c18031507f8350390552,total_planning_time,6,3.9036897996556954,3.805080800375436,0.8912193975344214,2.968412400916445,4.838967198394943,6,6,5.393375398940407
