Family,Algorithm,n,Service_pct,Unserved,EVs,Distance,Planning_s
C1,Greedy,1,100.0,0.0,100.0,5799.981952150488,0.09875840006861836
C1,Independent,1,100.0,0.0,100.0,6185.245408010363,16.356908299727365
C1,Coordinated,1,100.0,0.0,58.0,4214.564614331664,568.4937567012385
C2,Greedy,1,100.0,0.0,100.0,5942.811573417777,0.06766779895406216
C2,Independent,1,100.0,0.0,100.0,5999.949606029852,7.5078942980617285
C2,Coordinated,1,100.0,0.0,55.0,3831.7173407368014,2517.064141700277
R1,Greedy,1,100.0,0.0,97.0,5262.773826244579,0.1931833993876353
R1,Independent,1,100.0,0.0,100.0,5313.40062961295,17.295019100420177
R1,Coordinated,1,99.0,1.0,75.0,3851.3968049534183,160.24599750048947
R2,Greedy,1,100.0,0.0,100.0,4989.4226212577205,0.08011310047004372
R2,Independent,1,100.0,0.0,100.0,5063.123924289149,6.579637600574642
R2,Coordinated,1,100.0,0.0,44.0,3052.6387089049044,517.5445839996682
RC1,Greedy,1,100.0,0.0,96.0,6624.584291530398,0.09115559910424054
RC1,Independent,1,100.0,0.0,98.0,6839.094532744842,10.799096799455583
RC1,Coordinated,1,97.0,3.0,65.0,4721.951642662612,131.01895229914226
RC2,Greedy,1,100.0,0.0,100.0,6617.543024672589,0.0508766999701038
RC2,Independent,1,100.0,0.0,100.0,6769.097652709054,4.854573098942637
RC2,Coordinated,1,100.0,0.0,45.0,4453.878341616394,597.6882350991946
Overall,Greedy,6,100.0,0.0,98.83333333333333,5872.852881545591,0.09695916632578398
Overall,Independent,6,100.0,0.0,99.66666666666667,6028.318625566036,10.56552153286369
Overall,Coordinated,6,99.33333333333333,0.6666666666666666,57.0,4021.0245755342985,748.6759445500016
