Instance,Algorithm,Served,Unserved,K_ref,EVs,Distance,Planning_s
c101_21,Greedy,100,0,13,100,5799.981952150488,0.06383190059568733
c101_21,Independent,100,0,13,100,7198.0871260909125,22.986421299516223
c101_21,Coordinated,100,0,13,76,4782.651534212532,709.6745387067785
c201_21,Greedy,100,0,5,100,5942.811573417777,0.046545199933461845
c201_21,Independent,100,0,5,100,6519.91655967107,16.452816999983042
c201_21,Coordinated,100,0,5,100,6368.65313973595,6097.921429311391
r101_21,Greedy,100,0,20,99,5210.007078908457,0.0964242002228275
r101_21,Independent,100,0,20,100,6055.088068189054,20.16878180054482
r101_21,Coordinated,92,8,20,80,4180.316539067665,145.36763829970732
r201_21,Greedy,100,0,4,100,4989.4226212577205,0.046119499020278454
r201_21,Independent,100,0,4,100,5291.743269657329,18.243089099181816
r201_21,Coordinated,100,0,4,67,3787.1224747060214,1081.7797110999236
rc101_21,Greedy,100,0,21,100,6859.368180970098,0.08571569994091988
rc101_21,Independent,100,0,21,100,8403.997269009575,23.521360700717196
rc101_21,Coordinated,97,3,21,73,4718.733355406475,135.37060980021488
rc201_21,Greedy,100,0,5,100,6617.543024672589,0.031109098927117884
rc201_21,Independent,100,0,5,100,6876.554729524533,6.629977500415407
rc201_21,Coordinated,100,0,5,70,5283.9316454078,690.6860087006353
