key,instance,family,algorithm,DoD,scenario_identifier,K_ref,budget,horizon,fleet,execution_profile,agent_replans,battery_violations,capacity_violations,complete_service,conflicts_resolved,customers_served,customers_unserved,decision_epochs,distance_per_served_customer,duplicate_customer_proposal_conflicts,duplicate_service_violations,feasible,final_return_feasibility,hidden_information_violations,maximum_planning_time,mcts_iterations,mean_planning_time,mean_unique_intention_coverage,median_planning_time,nodes_expanded,p95_planning_time,service_ratio,time_window_violations,total_charging_time,total_charging_visits,total_distance,total_energy_charged,total_planning_time,total_waiting_time,vehicle_activations_caused_by_coordinator,vehicles_activated,wait_selected,reserve_searches,symmetry_reused_replans,customers_losing_sampled_feasibility,finished_while_known_customers_remain,fraction_feasible_pruned,long_waits_with_feasible_work,mean_mean_root_branching,mean_raw_feasible_customers,mean_shortlisted_customers,mean_visible_customers,minimum_root_visits,premature_returns,return_selections,root_action_coverage,wait_selections
effae7aa41e4e70fad694a488db0e1a34865224bc8c954c3339436f947c6fa9b,c101_21,C1,Offline feasibility oracle,0.0,b66fa749527947e566d083ffa9cf3f9d258216e3222b3031c15471cb40a6dab3,13,64,5,lazy_reserve,concurrent_diagnostic,0,0,0,True,0,100,0,0,14.331355691241342,0,0,True,True,0,0.0,0,0.0,0.0,0.0,0,0.0,1.0,0,2099.5641043282562,12,1433.1355691241342,619.3404437546478,0.0,1450.182242468604,0,13,0,,,,,,,,,,,,,,,
e378964ab103eb5b16f8026f3650adf59a67c6f5905cb4ff89d50ee12401d45b,c101_21,C1,Offline feasibility oracle,0.5,36effcf880a9fa96164abaa2767519ebec30a23ad53c3bff371f65280f13c403,13,64,5,lazy_reserve,concurrent_diagnostic,0,0,0,True,0,100,0,0,14.331355691241342,0,0,True,True,0,0.0,0,0.0,0.0,0.0,0,0.0,1.0,0,2099.5641043282562,12,1433.1355691241342,619.3404437546478,0.0,1450.182242468604,0,13,0,,,,,,,,,,,,,,,
08a93b910f6c542c4494d9e4f7b8da0aaa41aaa0dbbaf8efda827885d7d4fa88,c201_21,C2,Offline feasibility oracle,0.0,697594ab37b2dbcd68eb74ba015160c86a8c70d1a7cdc803e63081c0760fa44f,5,64,5,lazy_reserve,concurrent_diagnostic,0,0,0,True,0,100,0,0,7.745765495681339,0,0,True,True,0,0.0,0,0.0,0.0,0.0,0,0.0,1.0,0,629.3071113175073,4,774.5765495681339,276.0118909287313,0.0,2910.7830751042293,0,5,0,,,,,,,,,,,,,,,
fec57510bfcf877961ef431a630d948143f6aef38e20e2ac49548f8f922ceb9b,c201_21,C2,Offline feasibility oracle,0.5,9ab599bea8692723939603e1b081946a4ebd7f76a1d26675553a2d7862c98003,5,64,5,lazy_reserve,concurrent_diagnostic,0,0,0,True,0,100,0,0,7.745765495681339,0,0,True,True,0,0.0,0,0.0,0.0,0.0,0,0.0,1.0,0,629.3071113175073,4,774.5765495681339,276.0118909287313,0.0,2910.7830751042293,0,5,0,,,,,,,,,,,,,,,
71ad704e5a35cb910d731bd499cef22a536a90906bc85e821f3582f6b5d3281a,r101_21,R1,Offline feasibility oracle,0.0,698440863acaab789931505fdc1fb100090eb420f4f2e4034f1e5d52c49cef21,20,64,5,lazy_reserve,concurrent_diagnostic,0,0,0,True,0,100,0,0,19.39687585967423,0,0,True,True,0,0.0,0,0.0,0.0,0.0,0,0.0,1.0,0,535.5872873273227,29,1939.6875859674228,1115.8068485985889,0.0,741.0433219752471,0,20,0,,,,,,,,,,,,,,,
372992ef58ef5e0f185d867fa7c71ea80c9a09cb08f494f6579e44e00092c4c5,r101_21,R1,Offline feasibility oracle,0.5,89afc6a13ace161299c804b89b155cfbb0ef27b628207f852fa9b81f88148862,20,64,5,lazy_reserve,concurrent_diagnostic,0,0,0,True,0,100,0,0,19.39687585967423,0,0,True,True,0,0.0,0,0.0,0.0,0.0,0,0.0,1.0,0,535.5872873273227,29,1939.6875859674228,1115.8068485985889,0.0,741.0433219752471,0,20,0,,,,,,,,,,,,,,,
668f05b5f501f5fcebea8e0466c8b3bd4948577d96f398af4c43993ea567e5ac,r201_21,R2,Offline feasibility oracle,0.0,0a2d605f477526246db214ae8a0e187b3fa62614a15b9f7fdf67df4314d49fa5,4,64,5,lazy_reserve,concurrent_diagnostic,0,0,0,True,0,100,0,0,18.62550277638186,0,0,True,True,0,0.0,0,0.0,0.0,0.0,0,0.0,1.0,0,211.41107333380666,13,1862.5502776381861,1321.3192083362917,0.0,804.5722664144704,0,4,0,,,,,,,,,,,,,,,
95f61f9c66e0a78f19681c4122e07143a83f9cedead1602ec7f7091f6c995db6,r201_21,R2,Offline feasibility oracle,0.5,86283904b0ad6c920ca8396f492194ad73646d92604f538ac8bc665d1e64e746,4,64,5,lazy_reserve,concurrent_diagnostic,0,0,0,True,0,100,0,0,18.62550277638186,0,0,True,True,0,0.0,0,0.0,0.0,0.0,0,0.0,1.0,0,211.41107333380666,13,1862.5502776381861,1321.3192083362917,0.0,804.5722664144704,0,4,0,,,,,,,,,,,,,,,
aa77e1017bddfa7940f6c5faaa4ce39ed736148ddf9023280c2a9a34ac203f39,rc101_21,RC1,Offline feasibility oracle,0.0,bc3010af7142b241e77fcbfc37541983047aac420144c5ec8aaaa92236157fee,21,64,5,lazy_reserve,concurrent_diagnostic,0,0,0,True,0,100,0,0,24.714005064189482,0,0,True,True,0,0.0,0,0.0,0.0,0.0,0,0.0,1.0,0,475.8581089030928,25,2471.400506418948,1252.2581813239283,0.0,481.49158931576267,0,21,0,,,,,,,,,,,,,,,
5ea76c2f09f9d2ddfd6d53e5d5593bdd9ac65b78574108be79d31dc0fdfb710e,rc101_21,RC1,Offline feasibility oracle,0.5,4208fd31438639b8f67328ae68f1c1d5b20c3c87949003fe710e9a91367b453d,21,64,5,lazy_reserve,concurrent_diagnostic,0,0,0,True,0,100,0,0,24.714005064189482,0,0,True,True,0,0.0,0,0.0,0.0,0.0,0,0.0,1.0,0,475.8581089030928,25,2471.400506418948,1252.2581813239283,0.0,481.49158931576267,0,21,0,,,,,,,,,,,,,,,
d0529c86fca933f3a22f1752e531a3af84f56ce843f1374cbac70e45b9b5f6ec,rc201_21,RC2,Offline feasibility oracle,0.0,281c1ab9638962ea74d5bb8132e4c81b71d37e8d3b2a9b221ade373ef9f2c534,5,64,5,lazy_reserve,concurrent_diagnostic,0,0,0,True,0,100,0,0,24.444010869741806,0,0,True,True,0,0.0,0,0.0,0.0,0.0,0,0.0,1.0,0,257.1614631548545,14,2444.4010869741805,1836.8675939632465,0.0,902.9399130585988,0,5,0,,,,,,,,,,,,,,,
2aa9e20d60cc8d07b4fa028587dc6a038c4da8c3841400212ac424df4bb3b7f9,rc201_21,RC2,Offline feasibility oracle,0.5,3111702a772029549ac38fd4867734ba646a0cf02b6e64b701af3f948a5afea7,5,64,5,lazy_reserve,concurrent_diagnostic,0,0,0,True,0,100,0,0,24.444010869741806,0,0,True,True,0,0.0,0,0.0,0.0,0.0,0,0.0,1.0,0,257.1614631548545,14,2444.4010869741805,1836.8675939632465,0.0,902.9399130585988,0,5,0,,,,,,,,,,,,,,,
5b2f45d13f6bb5a56215f696a9339aa7252913b776ff90706231ae8d55cc6cf9,c101_21,C1,Coordinated,0.5,36effcf880a9fa96164abaa2767519ebec30a23ad53c3bff371f65280f13c403,13,32,5,lazy_reserve,concurrent_diagnostic,2938,0,0,True,921,100,0,511,37.71132591057552,921,0,True,True,0,1.3368461000500247,94901,0.22145011663252812,0.7710371819960861,0.05625830008648336,92203,1.066682850010693,1.0,0,3026.732420849835,40,3771.132591057552,892.8414220795974,113.16100959922187,41011.76890842001,50,50,2651,147.0,0.0,0.0,27.0,0.49010422766131867,0.0,20.50984647244533,16.710371819960862,8.520547945205479,16.716242661448142,1.0,19.0,50.0,1.0,2651.0
035f13da8aeb305937d4e6d885d860ffba78dc260304eb55f1a616c07f652abc,c101_21,C1,Coordinated,0.5,36effcf880a9fa96164abaa2767519ebec30a23ad53c3bff371f65280f13c403,13,64,5,lazy_reserve,concurrent_diagnostic,3509,0,0,True,1235,100,0,556,40.2554774759034,1235,0,True,True,0,2.600216199993156,224576,0.3766887395694205,0.7913669064748201,0.09136044996557757,210783,1.993040299945278,1.0,0,3147.236307236879,53,4025.5477475903394,928.3882912203183,209.43893920059782,47197.6625662902,56,56,3198,158.0,0.0,0.0,23.0,0.5119047619047619,0.0,20.515539633308748,17.676258992805757,8.627697841726619,17.719424460431654,1.0,23.0,56.0,1.0,3198.0
b393b61da6f9499006d372f2c4ec539fe9b8924967cdc3c386e3e1a0357fc9a3,c101_21,C1,Coordinated,0.5,36effcf880a9fa96164abaa2767519ebec30a23ad53c3bff371f65280f13c403,13,96,5,lazy_reserve,concurrent_diagnostic,3743,0,0,True,1604,100,0,542,42.14564614331665,1604,0,True,True,0,7.5392786000156775,359328,1.0488814699284843,0.8523985239852399,0.21032385004218668,333986,5.947716930095339,1.0,0,3045.9504515128174,45,4214.564614331664,898.5104576733975,568.4937567012385,49132.2423591155,58,58,3434,164.0,0.0,0.0,28.0,0.5169491525423728,0.0,20.211046061789688,18.723247232472325,9.044280442804428,18.723247232472325,1.0,24.0,58.0,1.0,3434.0
b5e49e740f57507c8b288e86720f4b99711a29bce234dcae316ecc654e0229af,c201_21,C2,Coordinated,0.5,9ab599bea8692723939603e1b081946a4ebd7f76a1d26675553a2d7862c98003,5,32,5,lazy_reserve,concurrent_diagnostic,10878,0,0,True,4486,100,0,1866,42.7354170714293,4486,0,True,True,0,4.255960399983451,348155,0.46000077711500126,0.3011789924973205,0.08819014998152852,345640,2.9845602250425145,1.0,0,2090.150713271772,30,4273.54170714293,916.7327689788474,858.3614500965923,167131.94912395286,56,56,10615,133.0,0.0,0.0,25.0,0.2709993230224444,0.0,18.960566674620708,10.290996784565916,7.502143622722401,10.294748124330118,1.0,25.0,56.0,1.0,10615.0
47d6f69b055cd7286d2430e1905e7dd2841d732b67bebad4ed3f9d32ede6369c,c201_21,C2,Coordinated,0.5,9ab599bea8692723939603e1b081946a4ebd7f76a1d26675553a2d7862c98003,5,64,5,lazy_reserve,concurrent_diagnostic,11502,0,0,True,5811,100,0,1560,41.26053696922047,5811,0,True,True,0,8.097374999895692,736128,1.1015921330771212,0.41025641025641024,0.19558190001407638,724155,6.294720429979497,1.0,0,1992.4563908648538,38,4126.053696922047,873.8843819582693,1718.483727600309,163801.69437125945,55,55,11170,194.0,0.0,0.0,30.0,0.2611825737123498,0.0,19.097584646494095,12.109615384615385,8.946794871794872,12.109615384615385,1.0,30.0,55.0,1.0,11170.0
00da7e3f02d8499b680af2e34011c7a500929a9cdf2090d8d1de1ba24956a121,c201_21,C2,Coordinated,0.5,9ab599bea8692723939603e1b081946a4ebd7f76a1d26675553a2d7862c98003,5,96,5,lazy_reserve,concurrent_diagnostic,11719,0,0,True,6037,100,0,1498,38.31717340736802,6037,0,True,True,0,13.777011399972253,1125024,1.6802831386517203,0.3998664886515354,0.28513869998278096,1099868,8.23443087493651,1.0,0,1496.1674725416667,28,3831.7173407368014,656.2138037463451,2517.064141700277,164558.61267073752,55,55,11407,184.0,0.0,0.0,29.0,0.26972381448671184,0.0,19.942787601173478,12.81041388518024,9.355140186915888,12.81041388518024,1.0,29.0,55.0,1.0,11407.0
b994ce30a16c5043084e6f4b99868ff0eac80424ecb855e43d0b9270e3507b55,r101_21,R1,Coordinated,0.5,89afc6a13ace161299c804b89b155cfbb0ef27b628207f852fa9b81f88148862,20,32,5,lazy_reserve,concurrent_diagnostic,1121,0,0,False,155,99,1,374,38.14250637888154,155,0,False,True,0,1.220610599964857,36120,0.1288979615033156,0.9411764705882353,0.047040749981533736,30930,0.7841760800161858,0.99,0,443.2820585337447,58,3776.108131509273,923.5042886119681,48.20783760224003,8304.956308887005,64,64,617,347.0,0.0,1.0,64.0,0.3945299705207992,0.0,16.646875489917104,16.32620320855615,9.885026737967914,17.90909090909091,1.0,11.0,64.0,1.0,617.0
9217c76888763b0db161d55717c6217513bff209b36d14d1cfa00133690b27a3,r101_21,R1,Coordinated,0.5,89afc6a13ace161299c804b89b155cfbb0ef27b628207f852fa9b81f88148862,20,64,5,lazy_reserve,concurrent_diagnostic,1465,0,0,False,430,96,4,372,39.2396579838998,430,0,False,True,0,2.6244030999951065,93760,0.2759742034963452,1.0510752688172043,0.10895680001704022,80249,2.088220535020809,0.96,0,463.5464831529481,60,3767.0071664543807,965.7218399019752,102.66240370064043,9653.498301310365,73,73,937,372.0,0.0,4.0,73.0,0.42582089552238805,0.0,16.58384690323905,18.010752688172044,10.341397849462366,21.81451612903226,1.0,22.0,73.0,1.0,937.0
8942f8a0572799bd2c475a0296717229c9c2941031f2907bce523132d802ec84,r101_21,R1,Coordinated,0.5,89afc6a13ace161299c804b89b155cfbb0ef27b628207f852fa9b81f88148862,20,96,5,lazy_reserve,concurrent_diagnostic,1573,0,0,False,515,99,1,369,38.90299802983251,515,0,False,True,0,4.287930499995127,151008,0.4342709959362858,1.089430894308943,0.1493111999006942,127438,3.52005373998545,0.99,0,433.73020427323837,57,3851.3968049534183,903.6045922359133,160.24599750048947,10165.475345161562,75,75,1048,369.0,0.0,1.0,75.0,0.4175840092699884,0.0,17.07061181580927,18.710027100271002,10.897018970189702,20.54471544715447,1.0,12.0,75.0,1.0,1048.0
207b4582dea5dfaefe88cb9b988fcdcbe9beae4b5d24b169241f7d61a960bd21,r201_21,R2,Coordinated,0.5,86283904b0ad6c920ca8396f492194ad73646d92604f538ac8bc665d1e64e746,4,32,5,lazy_reserve,concurrent_diagnostic,2240,0,0,True,960,100,0,527,31.164803482801208,960,0,True,True,0,2.1434985999949276,71691,0.23819789715333042,0.8956356736242884,0.06761990010272712,71216,1.1001768400892615,1.0,0,60.81986383869859,8,3116.480348280121,380.12414899186615,125.53029179980513,36457.05223991617,43,43,2035,97.0,0.0,0.0,18.0,0.31846635367762127,0.0,15.766953425792037,14.550284629981025,9.91650853889943,14.552182163187856,1.0,6.0,43.0,1.0,2035.0
51bb087301edc4ec7eff489ce9280463bceaa226d2f4b7146c1339f8bdbc39a9,r201_21,R2,Coordinated,0.5,86283904b0ad6c920ca8396f492194ad73646d92604f538ac8bc665d1e64e746,4,64,5,lazy_reserve,concurrent_diagnostic,2074,0,0,True,931,100,0,476,32.98192459094929,931,0,True,True,0,4.8803346999920905,132736,0.5441465063031348,0.9936974789915967,0.18152074998943135,130703,2.7513204500137363,1.0,0,57.279646515701245,10,3298.192459094929,357.99779072313277,259.01373700029217,36905.10978841713,44,44,1860,104.0,0.0,0.0,5.0,0.2667928098391675,0.0,16.28186213087492,13.323529411764707,9.768907563025211,13.336134453781513,1.0,1.0,44.0,1.0,1860.0
a208bede49ae63b995261106c2c354f0ed118fb202e033ceb6f2c7524575c69e,r201_21,R2,Coordinated,0.5,86283904b0ad6c920ca8396f492194ad73646d92604f538ac8bc665d1e64e746,4,96,5,lazy_reserve,concurrent_diagnostic,2411,0,0,True,1139,100,0,504,30.526387089049045,1139,0,True,True,0,8.617871399968863,231456,1.0268741746025163,0.9206349206349206,0.2787025500438176,227234,5.22563103003776,1.0,0,60.948063385290276,6,3052.6387089049044,380.92539615806425,517.5445839996682,37446.76151770349,44,44,2204,101.0,0.0,0.0,11.0,0.32190307478172847,0.0,15.786627404597786,15.680555555555555,10.632936507936508,15.700396825396826,1.0,5.0,44.0,1.0,2204.0
8141b16b84e021f539d0177d06aad06663c7dd201562d0f8b2b71eebb09562a5,rc101_21,RC1,Coordinated,0.5,4208fd31438639b8f67328ae68f1c1d5b20c3c87949003fe710e9a91367b453d,21,32,5,lazy_reserve,concurrent_diagnostic,918,0,0,False,167,94,6,317,44.890215619834926,167,0,False,True,0,1.2654222999699414,29618,0.12258570410505125,1.16403785488959,0.0710085000609979,25113,0.5651656399946656,0.94,0,391.65648887181914,45,4219.680268264483,1030.6749707153135,38.85966820130125,6521.353191878201,56,56,478,301.0,0.0,6.0,56.0,0.4494341000365097,0.0,16.997102360755857,17.2807570977918,9.514195583596214,21.79179810725552,1.0,17.0,56.0,1.0,478.0
18ffd9d5cc1f5684a41df9d421df830c8f69f648422a4173f7a00b93e7e65b07,rc101_21,RC1,Coordinated,0.5,4208fd31438639b8f67328ae68f1c1d5b20c3c87949003fe710e9a91367b453d,21,64,5,lazy_reserve,concurrent_diagnostic,1002,0,0,False,203,98,2,335,45.197273926351095,203,0,False,True,0,2.285924099967815,64128,0.19419577522411832,1.128358208955224,0.10727770009543747,51505,0.8912761100218642,0.98,0,431.27543731266894,46,4429.332844782407,1134.9353613491287,65.05558470007963,6974.224273356782,59,59,528,330.0,0.0,2.0,59.0,0.4538323255433894,0.0,16.971167331958707,18.265671641791045,9.976119402985075,20.561194029850746,1.0,17.0,59.0,1.0,528.0
0ea74e839ff83f53fbd405452cc5f0985610b6ea1bdb344d5fd62a725f6a3099,rc101_21,RC1,Coordinated,0.5,4208fd31438639b8f67328ae68f1c1d5b20c3c87949003fe710e9a91367b453d,21,96,5,lazy_reserve,concurrent_diagnostic,1106,0,0,False,242,97,3,354,48.6799138418826,242,0,False,True,0,5.250358600053005,106176,0.3701100347433397,1.2457627118644068,0.22526320005999878,83200,1.7016887149307869,0.97,0,412.2760271660164,62,4721.951642662612,1084.93691359478,131.01895229914226,8037.264948571597,65,65,593,354.0,0.0,3.0,65.0,0.47961884595023824,0.0,18.130436081735443,21.34463276836158,11.107344632768362,24.971751412429377,1.0,18.0,65.0,1.0,593.0
2f1acf20cdb223c95749860856c306fabac8a21b44e4cbe95dab332214da551d,rc201_21,RC2,Coordinated,0.5,3111702a772029549ac38fd4867734ba646a0cf02b6e64b701af3f948a5afea7,5,32,5,lazy_reserve,concurrent_diagnostic,1988,0,0,True,792,100,0,453,41.352968031156095,792,0,True,True,0,2.8396061999956146,63647,0.36542798211992356,1.1015452538631347,0.10748890007380396,62602,1.8187014400027692,1.0,0,73.82963973905417,14,4135.29680311561,527.3545695646727,165.53887590032537,29629.342017260315,38,38,1776,98.0,0.0,0.0,35.0,0.3873708056066827,0.0,16.947825949751035,15.591611479028698,9.551876379690949,15.766004415011038,1.0,24.0,38.0,1.0,1776.0
c141b3cd5a018dd477daf25f0e706b8995afb266b0db7d2a446423cac73369fc,rc201_21,RC2,Coordinated,0.5,3111702a772029549ac38fd4867734ba646a0cf02b6e64b701af3f948a5afea7,5,64,5,lazy_reserve,concurrent_diagnostic,2263,0,0,True,970,100,0,500,41.79487168896122,970,0,True,True,0,4.60434330010321,144832,0.6282261853991077,1.032,0.1853168000234291,140700,3.385617285041371,1.0,0,50.80703677366852,18,4179.487168896122,362.9074055262037,314.1130926995538,34009.17167712779,43,43,2040,105.0,0.0,0.0,17.0,0.34870075440067055,0.0,16.18277189012566,14.316,9.324,14.424,1.0,12.0,43.0,1.0,2040.0
19ebdb7ac35175796666974db4825f0e841dc277e44664db4201a3901a3ed560,rc201_21,RC2,Coordinated,0.5,3111702a772029549ac38fd4867734ba646a0cf02b6e64b701af3f948a5afea7,5,96,5,lazy_reserve,concurrent_diagnostic,2432,0,0,True,1127,100,0,499,44.538783416163945,1127,0,True,True,0,9.378433800069615,233472,1.1977720142268429,1.0561122244488979,0.32732929999474436,225087,6.045719369943253,1.0,0,53.45052027488085,16,4453.878341616394,381.7894305348632,597.6882350991946,35276.988369907755,45,45,2198,118.0,0.0,0.0,27.0,0.3523104416645392,0.0,16.171568404173353,15.69939879759519,10.168336673346694,15.759519038076153,1.0,15.0,45.0,1.0,2198.0
f6ca2cf163f39ae24379cfcb8d900a90459cb897f911ff5fd8f23248e1870934,c101_21,C1,Greedy,0.0,b66fa749527947e566d083ffa9cf3f9d258216e3222b3031c15471cb40a6dab3,13,96,5,lazy_reserve,concurrent_diagnostic,130,0,0,True,0,100,0,123,57.999819521504875,0,0,True,True,0,0.0024877000832930207,0,0.0005189585414283523,0.8130081300813008,0.0004314000252634287,0,0.001389819977339356,1.0,0,1112.1182632079788,21,5799.981952150488,328.0584847221176,0.06383190059568733,45707.518812192124,0,100,0,9.0,0.0,0.0,0.0,0.7863247863247863,0.0,0.0,3.8048780487804876,0.8130081300813008,3.8048780487804876,0.0,0.0,100.0,,0.0
2d09d51a9fb33e5c3870d1be9c67515279158799b0a2addcb3575ed8118c31b4,c101_21,C1,Independent,0.0,b66fa749527947e566d083ffa9cf3f9d258216e3222b3031c15471cb40a6dab3,13,96,5,lazy_reserve,concurrent_diagnostic,213,0,0,True,4,100,0,193,71.98087126090913,3,0,True,True,0,0.6785610999213532,20448,0.11910062849490272,2.233160621761658,0.03597030008677393,18806,0.4514675600454211,1.0,0,5731.259807282646,75,7198.0871260909125,1690.6371112928157,22.986421299516223,43185.754366127054,0,100,0,38.0,0.0,0.0,0.0,0.6150773839241138,0.0,17.621761658031087,10.378238341968911,3.994818652849741,10.963730569948186,1.0,0.0,100.0,1.0,0.0
15098f0c23b235182bba3b698bcb7b3956bbd1d4ec97095914b175bfc5814109,c101_21,C1,Coordinated,0.0,b66fa749527947e566d083ffa9cf3f9d258216e3222b3031c15471cb40a6dab3,13,96,5,lazy_reserve,concurrent_diagnostic,5007,0,0,True,135,100,0,4066,47.82651534212532,135,0,True,True,0,1.1207145999651402,480672,0.17453874537795833,0.13157894736842105,0.14704470004653558,449674,0.41773495002416894,1.0,0,3280.4281349732123,58,4782.651534212532,967.6779159213015,709.6745387067785,68180.95350774901,76,76,4636,213.0,0.0,0.0,11.0,0.6103641941961327,0.0,27.038587707586725,24.128627643876044,9.401377274963108,24.15494343334973,1.0,10.0,76.0,1.0,4636.0
4be00e0dc6ba85be8a9e2c14dfdf1757c54789a574e8619f1b37c400aaa5879f,c101_21,C1,Greedy,0.5,36effcf880a9fa96164abaa2767519ebec30a23ad53c3bff371f65280f13c403,13,96,5,lazy_reserve,concurrent_diagnostic,176,0,0,True,0,100,0,242,57.999819521504875,0,0,True,True,0,0.0018899999558925629,0,0.00040809256226701803,0.4132231404958678,0.00047164998250082135,0,0.0008068400900810955,1.0,0,1112.1182632079788,21,5799.981952150488,328.0584847221176,0.09875840006861836,45775.34208278514,0,100,0,55.0,0.0,0.0,0.0,0.4444444444444444,0.0,0.0,0.743801652892562,0.4132231404958678,0.743801652892562,0.0,0.0,100.0,,0.0
16002495202acbbcb346ef3bff0988a294b7f61240745f5314e8d842d0b7170e,c101_21,C1,Independent,0.5,36effcf880a9fa96164abaa2767519ebec30a23ad53c3bff371f65280f13c403,13,96,5,lazy_reserve,concurrent_diagnostic,225,0,0,True,3,100,0,269,61.85245408010363,3,0,True,True,0,0.4154166999505833,21600,0.060806350556607304,0.6431226765799256,0.04136390006169677,19364,0.20373264001682384,1.0,0,2668.768942947485,42,6185.245408010363,787.2474757957182,16.356908299727365,42249.02864494941,0,100,1,82.0,0.0,0.0,0.0,0.1895424836601307,0.0,9.531288723667906,1.7063197026022305,1.3828996282527881,1.724907063197026,1.0,0.0,100.0,1.0,1.0
8cd50b72de84f95ccd10a763c24c199dcf9012963b82f5cef09ac996b53f692a,c101_21,C1,Coordinated,0.5,36effcf880a9fa96164abaa2767519ebec30a23ad53c3bff371f65280f13c403,13,96,5,fixed_reference,concurrent_diagnostic,132,0,0,False,8,67,33,113,25.304346769961917,8,0,False,True,0,4.782879000063986,12672,0.23958124513366977,3.3628318584070795,0.18755899998359382,10600,0.3969210000243037,0.67,0,2809.6107938435657,36,1695.3912335874484,828.793744496627,27.072680700104684,4061.134754232277,13,13,16,0.0,0.0,30.0,13.0,0.563125,0.0,22.73156342182891,14.15929203539823,6.185840707964601,46.30088495575221,1.0,0.0,13.0,1.0,16.0
70ca3ced52944a1997473b970b4bd797f43ce88113d104ea7fe1111443ea811b,c101_21,C1,Coordinated,0.5,36effcf880a9fa96164abaa2767519ebec30a23ad53c3bff371f65280f13c403,13,96,1,lazy_reserve,concurrent_diagnostic,222,0,0,True,7,100,0,274,59.869198728285056,7,0,True,True,0,0.13192069996148348,21312,0.029300008390190584,0.4051094890510949,0.027486999984830618,16073,0.08462661001249212,1.0,0,3489.7376254673964,32,5986.9198728285055,1029.4211284564592,8.02820229891222,44551.12605849572,100,100,17,73.0,0.0,0.0,0.0,0.40418679549114334,0.0,8.907542579075425,2.2664233576642334,1.3503649635036497,2.2664233576642334,2.0,0.0,100.0,1.0,17.0
288ee45d3cc459e314ac803d89f2bb6f24554bab483e79d18e0ac07fbe366ff0,c101_21,C1,Coordinated,0.5,36effcf880a9fa96164abaa2767519ebec30a23ad53c3bff371f65280f13c403,13,96,3,lazy_reserve,concurrent_diagnostic,3538,0,0,True,1619,100,0,559,39.483474109426936,1619,0,True,True,0,4.728609999991022,339648,0.686642335957726,0.6010733452593918,0.15940149989910424,318901,3.489903799968307,1.0,0,2155.076279426988,38,3948.3474109426934,635.7157166451292,383.8330658003688,49772.54882803854,58,58,3217,183.0,0.0,0.0,34.0,0.4389478764478765,0.0,21.40981417375448,14.826475849731663,8.318425760286225,14.826475849731663,1.0,26.0,58.0,1.0,3217.0
3ae154b9a0a2d9f6d4b785cbedfd1d9902c2ede476724f90557917051da8a138,c201_21,C2,Greedy,0.0,697594ab37b2dbcd68eb74ba015160c86a8c70d1a7cdc803e63081c0760fa44f,5,96,5,lazy_reserve,concurrent_diagnostic,109,0,0,True,0,100,0,107,59.42811573417777,0,0,True,True,0,0.0019450999097898602,0,0.0004350018685370266,0.9345794392523364,0.0003347999881953001,0,0.0014024500269442788,1.0,0,0.0,0,5942.811573417777,0.0,0.046545199933461845,122259.59421329112,0,100,0,9.0,0.0,0.0,0.0,0.7863247863247863,0.0,0.0,4.373831775700935,0.9345794392523364,4.373831775700935,0.0,0.0,100.0,,0.0
6506ff170ef37171f879cdef65a40b87ad6f40a53477ddef01f0fb770a2c290e,c201_21,C2,Independent,0.0,697594ab37b2dbcd68eb74ba015160c86a8c70d1a7cdc803e63081c0760fa44f,5,96,5,lazy_reserve,concurrent_diagnostic,156,0,0,True,11,100,0,134,65.1991655967107,10,0,True,True,0,2.2430768000194803,14976,0.1227822164177839,2.8059701492537314,0.030556000012438744,13264,0.3814085049903951,1.0,0,1508.2943662270084,31,6519.91655967107,661.5326167662319,16.452816999983042,120917.93418082806,0,100,2,23.0,0.0,0.0,0.0,0.6943942133815552,0.0,11.230223880597014,8.253731343283581,2.5223880597014925,8.253731343283581,1.0,0.0,100.0,1.0,2.0
a4f810e22028b727bd63afef5b4f8104623f5a02d19a4a10fb720f63268d4b86,c201_21,C2,Coordinated,0.0,697594ab37b2dbcd68eb74ba015160c86a8c70d1a7cdc803e63081c0760fa44f,5,96,5,lazy_reserve,concurrent_diagnostic,26680,0,0,True,2103,100,0,18634,63.6865313973595,2103,0,True,True,0,2.2785291000036523,2561280,0.3272470446126109,0.04588386819791779,0.2650640999781899,2517778,0.8257948100101196,1.0,0,4041.1178121520206,78,6368.65313973595,1772.420093049132,6097.921429311391,304432.1934699405,100,100,23943,2559.0,0.0,0.0,9.0,0.47994705156108797,0.0,19.529920025861585,21.081624986583666,10.963561232156273,21.545347214768704,1.0,9.0,100.0,1.0,23943.0
e4f7c5955f3f7af006f3f1dce2ce7343ff4d47b4aa500a82eded9ef769635233,c201_21,C2,Greedy,0.5,9ab599bea8692723939603e1b081946a4ebd7f76a1d26675553a2d7862c98003,5,96,5,lazy_reserve,concurrent_diagnostic,155,0,0,True,0,100,0,234,59.42811573417777,0,0,True,True,0,0.0018535000272095203,0,0.00028917862800881267,0.42735042735042733,0.0003510999958962202,0,0.0005710800411179662,1.0,0,0.0,0,5942.811573417777,0.0,0.06766779895406216,122293.02623579356,0,100,0,55.0,0.0,0.0,0.0,0.4444444444444444,0.0,0.0,0.7692307692307693,0.42735042735042733,0.7692307692307693,0.0,0.0,100.0,,0.0
c96707043e385ccb7d80384806fc07136a97bdd88071cf96f760b8d30ea41fc1,c201_21,C2,Independent,0.5,9ab599bea8692723939603e1b081946a4ebd7f76a1d26675553a2d7862c98003,5,96,5,lazy_reserve,concurrent_diagnostic,165,0,0,True,1,100,0,242,59.99949606029852,1,0,True,True,0,0.39825770002789795,15840,0.03102435660356086,0.5826446280991735,0.025485249992925674,13916,0.08445161998388352,1.0,0,173.69921435657028,4,5999.949606029852,76.18386594586416,7.5078942980617285,117909.6497506955,0,100,0,61.0,0.0,0.0,0.0,0.36752136752136755,0.0,5.65633608815427,0.9669421487603306,0.6115702479338843,0.9669421487603306,1.0,0.0,100.0,1.0,0.0
c8caee3f7e7116e498166ac8ef1e1715931d7ab83c6790efd1ce9a69cc551592,c201_21,C2,Coordinated,0.5,9ab599bea8692723939603e1b081946a4ebd7f76a1d26675553a2d7862c98003,5,96,5,fixed_reference,concurrent_diagnostic,36,0,0,False,2,28,72,32,14.657467594316945,2,0,False,True,0,1.565200399956666,3456,0.31535489689122187,4.15625,0.30197500000940636,3313,0.5002080450183711,0.28,0,83.33260715875014,2,410.40909264087446,36.549389104714976,10.0913567005191,12519.202971819286,5,5,1,0.0,0.0,66.0,5.0,0.6628352490421456,0.0,19.5625,24.46875,8.25,71.3125,1.0,0.0,5.0,1.0,1.0
afd726e7351d4c104937114565844248579b69997c886f15b9fab7646f44cf67,c201_21,C2,Coordinated,0.5,9ab599bea8692723939603e1b081946a4ebd7f76a1d26675553a2d7862c98003,5,96,1,lazy_reserve,concurrent_diagnostic,157,0,0,True,0,100,0,243,59.42815287872215,0,0,True,True,0,0.07447570003569126,15072,0.01716676543403509,0.4156378600823045,0.017429300001822412,11005,0.03799755006330087,1.0,0,53.37343159288149,1,5942.815287872215,23.40939982143925,4.1715240004705265,122239.64908974624,100,100,0,56.0,0.0,0.0,0.0,0.4472361809045226,0.0,5.294238683127572,0.8189300411522634,0.45267489711934156,0.8189300411522634,2.0,0.0,100.0,1.0,0.0
bf88c67e5fdfedd49745da0179acfbe0dcbe069b87503e771471b77cc92f72c5,c201_21,C2,Coordinated,0.5,9ab599bea8692723939603e1b081946a4ebd7f76a1d26675553a2d7862c98003,5,96,3,lazy_reserve,concurrent_diagnostic,24094,0,0,True,20013,100,0,1674,59.6643205351607,20013,0,True,True,0,11.234003700083122,2313024,1.5098061835729342,0.2867383512544803,0.1959954000194557,2262118,8.882760945078916,1.0,0,3141.684697661509,67,5966.43205351607,1377.9318849392582,2527.415551301092,305021.39095977513,100,100,23382,545.0,0.0,0.0,81.0,0.26207759699624533,0.0,18.2698813022944,11.932497013142175,8.805256869772998,12.341696535244923,1.0,78.0,100.0,1.0,23382.0
d80753106ea09a709ecc2355a782ace64fc2e510f465e22581c919ed1f2a8581,r101_21,R1,Greedy,0.0,698440863acaab789931505fdc1fb100090eb420f4f2e4034f1e5d52c49cef21,20,96,5,lazy_reserve,concurrent_diagnostic,169,0,0,True,0,100,0,229,52.10007078908457,0,0,True,True,0,0.002546300063841045,0,0.00042106637651889733,0.4759825327510917,0.0003486999776214361,0,0.0015968799823895096,1.0,0,292.2240236289936,36,5210.007078908457,608.8000492270701,0.0964242002228275,8163.387856321231,0,99,1,32.0,0.0,0.0,9.0,0.7787610619469026,0.0,0.0,1.9737991266375545,0.4366812227074236,2.183406113537118,0.0,0.0,99.0,,1.0
2ed9202c3e16d520c7807fda12cb8749ee53eed0d3a281104cb5bc0d7f406996,r101_21,R1,Independent,0.0,698440863acaab789931505fdc1fb100090eb420f4f2e4034f1e5d52c49cef21,20,96,5,lazy_reserve,concurrent_diagnostic,222,0,0,True,12,100,0,188,60.55088068189054,12,0,True,True,0,0.8024351999629289,21312,0.10728075425821713,1.824468085106383,0.04611610004212707,17886,0.340102345001651,1.0,0,799.3891775797105,88,6055.088068189054,1665.3941199577303,20.16878180054482,7711.061426772722,0,100,1,33.0,0.0,0.0,5.0,0.617300131061599,0.0,16.05851063829787,8.117021276595745,3.106382978723404,9.96808510638298,1.0,0.0,100.0,1.0,1.0
f3da20a5f7e61de32f61e68aec98ff68dea512ec7e8bef19c544f0689667a86b,r101_21,R1,Coordinated,0.0,698440863acaab789931505fdc1fb100090eb420f4f2e4034f1e5d52c49cef21,20,96,5,lazy_reserve,concurrent_diagnostic,1638,0,0,False,33,92,8,818,45.43822325073549,33,0,False,True,0,1.4083660999312997,157248,0.17771104926614587,0.5647921760391198,0.13698125001974404,114960,0.4982625349424779,0.92,0,460.4526707891489,75,4180.316539067665,959.2763974773935,145.36763829970732,11891.419887908136,80,80,653,818.0,0.0,8.0,80.0,0.4808587843967342,0.0,16.94818663406683,20.213936430317847,10.493887530562347,28.514669926650367,1.0,7.0,80.0,1.0,653.0
0f166c2229f7e2096bd12c78a30e9b423026c2883edb02e90e4ddfe0a6dcddc0,r101_21,R1,Greedy,0.5,89afc6a13ace161299c804b89b155cfbb0ef27b628207f852fa9b81f88148862,20,96,5,lazy_reserve,concurrent_diagnostic,246,0,0,True,0,100,0,309,52.62773826244579,0,0,True,True,0,0.006437000003643334,0,0.0006251889947819912,0.37216828478964403,0.0005641999887302518,0,0.0019318999722599955,1.0,0,375.78496835260114,41,5262.773826244579,782.8853507345857,0.1931833993876353,8102.271490643575,0,97,1,104.0,0.0,0.0,1.0,0.4293785310734463,0.0,0.0,0.5728155339805825,0.3268608414239482,1.0161812297734627,0.0,0.0,97.0,,1.0
3c518293938dc67bd60810dfa5de9207190a97924688191710d9d368fadfdbb6,r101_21,R1,Independent,0.5,89afc6a13ace161299c804b89b155cfbb0ef27b628207f852fa9b81f88148862,20,96,5,lazy_reserve,concurrent_diagnostic,278,0,0,True,2,100,0,242,53.1340062961295,2,0,True,True,0,0.3113437999272719,26688,0.07146702107611644,0.7396694214876033,0.05112139997072518,21978,0.18696529999142508,1.0,0,341.23845444087334,51,5313.40062961295,710.9134467518195,17.295019100420177,7610.283265303742,0,100,0,127.0,0.0,0.0,19.0,0.12931034482758622,0.0,12.757575757575758,2.87603305785124,2.5041322314049586,3.4628099173553717,1.0,0.0,100.0,1.0,0.0
dd47b9d5bb12c2f1d92f41ffbf742ac907a0cd7f07f8de6cf7c86fbafbdc4e51,r101_21,R1,Coordinated,0.5,89afc6a13ace161299c804b89b155cfbb0ef27b628207f852fa9b81f88148862,20,96,5,fixed_reference,concurrent_diagnostic,139,0,0,False,23,66,34,100,24.14655714044374,23,0,False,True,0,5.794116800068878,13344,0.22663609700626694,2.91,0.1087538999854587,10923,0.44479422506992694,0.66,0,361.62793501591466,32,1593.6727712692868,753.3915312831556,22.663609700626694,1548.9281871743015,20,20,21,0.0,0.0,33.0,20.0,0.5073409461663948,0.0,19.725,12.26,6.04,45.28,1.0,0.0,20.0,1.0,21.0
9ba38778babd1887731004e558e8c68db6fcf3e86ef96b228934ada43b15bb16,r101_21,R1,Coordinated,0.5,89afc6a13ace161299c804b89b155cfbb0ef27b628207f852fa9b81f88148862,20,96,1,lazy_reserve,concurrent_diagnostic,635,0,0,False,80,97,3,280,43.37241588783036,80,0,False,True,0,0.8605689000105485,60960,0.07378022857093518,0.37857142857142856,0.027487699990160763,41484,0.3728855899709747,0.97,0,437.2468462951506,31,4207.124341119545,910.9309297815638,20.65846399986185,7764.277028207408,79,79,255,252.0,0.0,3.0,79.0,0.2420091324200913,0.0,8.474555969823827,1.5642857142857143,1.1857142857142857,3.9571428571428573,2.0,0.0,79.0,1.0,255.0
914b7a02e84ab845f3511ef50e64f65ece2f5335c0a1765973ca1fbdf55b24c0,r101_21,R1,Coordinated,0.5,89afc6a13ace161299c804b89b155cfbb0ef27b628207f852fa9b81f88148862,20,96,3,lazy_reserve,concurrent_diagnostic,1481,0,0,False,524,95,5,368,40.06683148547727,524,0,False,True,0,4.047227000002749,142176,0.3766886763611262,0.8994565217391305,0.14445815002545714,117235,2.7422194099635804,0.95,0,409.7414588571578,55,3806.348991120341,853.6280392857454,138.62143290089443,10323.489526531066,74,74,963,368.0,0.0,5.0,74.0,0.3975629569455727,0.0,16.770382323549192,16.72554347826087,10.076086956521738,21.214673913043477,1.0,39.0,74.0,1.0,963.0
7372fd89d0208ad59166cfc6fcb998377c852c0294faa433421b454abdb9b839,r201_21,R2,Greedy,0.0,0a2d605f477526246db214ae8a0e187b3fa62614a15b9f7fdf67df4314d49fa5,4,96,5,lazy_reserve,concurrent_diagnostic,109,0,0,True,0,100,0,102,49.8942262125772,0,0,True,True,0,0.0035656000254675746,0,0.00045215195117920054,0.9803921568627451,0.00026919995434582233,0,0.0020895500085316584,1.0,0,0.0,0,4989.4226212577205,0.0,0.046119499020278454,40346.28868937114,0,100,0,9.0,0.0,0.0,0.0,0.7863247863247863,0.0,0.0,4.588235294117647,0.9803921568627451,4.588235294117647,0.0,0.0,100.0,,0.0
9fa143270e9db70e56681691f2c98897be134bee4c87b8f027e5c97a6904dc3c,r201_21,R2,Independent,0.0,0a2d605f477526246db214ae8a0e187b3fa62614a15b9f7fdf67df4314d49fa5,4,96,5,lazy_reserve,concurrent_diagnostic,148,0,0,True,7,100,0,132,52.917432696573286,5,0,True,True,0,3.1416503000073135,14208,0.1382052204483471,3.015151515151515,0.02021394995972514,11331,0.5034331100003328,1.0,0,60.5871739250925,20,5291.743269657329,378.66983703182814,18.243089099181816,40181.97412182709,0,100,1,27.0,0.0,0.0,0.0,0.6879489225857941,0.0,8.429924242424242,9.492424242424242,2.962121212121212,9.492424242424242,1.0,0.0,100.0,1.0,1.0
12b341b5bc368fff4d1b883b05b9239fa8631721af9848c74fec8bb7e6c951bf,r201_21,R2,Coordinated,0.0,0a2d605f477526246db214ae8a0e187b3fa62614a15b9f7fdf67df4314d49fa5,4,96,5,lazy_reserve,concurrent_diagnostic,3383,0,0,True,209,100,0,2537,37.87122474706021,209,0,True,True,0,2.2188332000514492,324768,0.426401147457597,0.18131651556957035,0.41344040003605187,316058,1.053921419987455,1.0,0,36.28190310836948,11,3787.1224747060214,226.76189442730922,1081.7797110999236,57827.469359511575,67,67,3189,83.0,0.0,0.0,52.0,0.5223560468569542,0.0,17.160747602154775,21.50137958218368,10.270003941663383,21.57154119038234,1.0,20.0,67.0,1.0,3189.0
2d3787305b19fb4f7ba71e25f6b8bb2067026c542f1da02a6213864f23a5f463,r201_21,R2,Greedy,0.5,86283904b0ad6c920ca8396f492194ad73646d92604f538ac8bc665d1e64e746,4,96,5,lazy_reserve,concurrent_diagnostic,155,0,0,True,0,100,0,225,49.8942262125772,0,0,True,True,0,0.002427999977953732,0,0.0003560582243113054,0.4444444444444444,0.0003749000607058406,0,0.0007595399627462029,1.0,0,0.0,0,4989.4226212577205,0.0,0.08011310047004372,40468.13244719362,0,100,0,55.0,0.0,0.0,0.0,0.4444444444444444,0.0,0.0,0.8,0.4444444444444444,0.8,0.0,0.0,100.0,,0.0
78bcec2d56f6926469fdd4330129bd0915c3bcdeaf3f39349a9f389c15368698,r201_21,R2,Independent,0.5,86283904b0ad6c920ca8396f492194ad73646d92604f538ac8bc665d1e64e746,4,96,5,lazy_reserve,concurrent_diagnostic,171,0,0,True,1,100,0,239,50.63123924289149,1,0,True,True,0,0.4954962999327108,16416,0.027529864437550806,0.7322175732217573,0.01961940003093332,12923,0.07398920997511593,1.0,0,9.837697097809787,4,5063.123924289149,61.48560686131117,6.579637600574642,39692.16654052915,0,100,0,67.0,0.0,0.0,0.0,0.32926829268292684,0.0,4.210599721059972,1.0292887029288702,0.6903765690376569,1.0292887029288702,1.0,0.0,100.0,1.0,0.0
8a5c5f610259e6c97b004dc147f489ba7add6a9b40427865cf4ccf4be8f2e477,r201_21,R2,Coordinated,0.5,86283904b0ad6c920ca8396f492194ad73646d92604f538ac8bc665d1e64e746,4,96,5,fixed_reference,concurrent_diagnostic,59,0,0,False,0,47,53,55,18.058846552692195,0,0,False,True,0,1.7504135000053793,5664,0.37867021999025546,4.2,0.40188359993044287,5457,0.58869393998757,0.47,0,61.05057373559001,8,848.7657879765331,381.56608584743753,20.82686209946405,2447.337727811058,4,4,0,0.0,0.0,53.0,4.0,0.6293859649122807,0.0,20.363636363636363,24.87272727272727,9.218181818181819,66.07272727272728,1.0,0.0,4.0,1.0,0.0
bf99a9b35bf114f852dd645664291db3a95ad2274ffbc3206f80dc88940c2587,r201_21,R2,Coordinated,0.5,86283904b0ad6c920ca8396f492194ad73646d92604f538ac8bc665d1e64e746,4,96,1,lazy_reserve,concurrent_diagnostic,171,0,0,True,6,100,0,264,49.665176852843324,6,0,True,True,0,0.07795509998686612,16416,0.013158907953766175,0.3939393939393939,0.013817000028211623,10049,0.03237456497154198,1.0,0,11.651171527078445,4,4966.517685284332,72.81982204424028,3.47395169979427,40438.890693069654,98,98,9,58.0,0.0,0.0,0.0,0.44912280701754387,0.0,3.663573232323232,1.0795454545454546,0.5946969696969697,1.0795454545454546,2.0,0.0,98.0,1.0,9.0
34fb10ebb89bf4c380d020bf617d2ac3469391353bdd3c015a08729a13cc8bca,r201_21,R2,Coordinated,0.5,86283904b0ad6c920ca8396f492194ad73646d92604f538ac8bc665d1e64e746,4,96,3,lazy_reserve,concurrent_diagnostic,2512,0,0,True,1355,100,0,521,32.68377253936995,1355,0,True,True,0,4.251302799908444,241152,0.5040425817681488,0.5566218809980806,0.12935489998199046,236480,2.5389720000093803,1.0,0,11.42508851819532,4,3268.3772539369947,71.40680323872076,262.6061851012055,44065.431655401924,52,52,2316,92.0,0.0,0.0,0.0,0.20994263862332696,0.0,14.117402367879876,10.038387715930902,7.930902111324376,10.038387715930902,1.0,0.0,52.0,1.0,2316.0
af0744c3f82fd3d51669c1c6082b169b5eb5fd3d318eff0cab130dd5121c6356,rc101_21,RC1,Greedy,0.0,bc3010af7142b241e77fcbfc37541983047aac420144c5ec8aaaa92236157fee,21,96,5,lazy_reserve,concurrent_diagnostic,145,0,0,True,0,100,0,122,68.59368180970098,0,0,True,True,0,0.0029543000273406506,0,0.0007025877044337695,0.8688524590163934,0.0005483000422827899,0,0.0017530249780975276,1.0,0,233.88580781513434,35,6859.368180970098,615.488967934564,0.08571569994091988,6393.2372589186625,0,100,0,10.0,0.0,0.0,3.0,0.782608695652174,0.0,0.0,3.7704918032786887,0.819672131147541,3.918032786885246,0.0,0.0,100.0,,0.0
937212cddb2cc4c75b81af8b696f801dca2434f3e9d343affc262c6e28f67779,rc101_21,RC1,Independent,0.0,bc3010af7142b241e77fcbfc37541983047aac420144c5ec8aaaa92236157fee,21,96,5,lazy_reserve,concurrent_diagnostic,245,0,0,True,3,100,0,206,84.03997269009575,3,0,True,True,0,0.6727023998973891,23520,0.11418136262484076,2.3009708737864076,0.07412955001927912,20292,0.38351027501630597,1.0,0,1065.3039543924212,112,8403.997269009575,2803.431458927424,23.521360700717196,5804.711035244387,0,100,1,32.0,0.0,0.0,1.0,0.5574491478834525,0.0,18.266181229773462,8.830097087378642,3.907766990291262,10.71359223300971,1.0,0.0,100.0,1.0,1.0
242ad6f00f814c0111da637b5e00a8e521069fe63cefa99075219dca15f57f05,rc101_21,RC1,Coordinated,0.0,bc3010af7142b241e77fcbfc37541983047aac420144c5ec8aaaa92236157fee,21,96,5,lazy_reserve,concurrent_diagnostic,1441,0,0,False,66,97,3,690,48.646735622747165,66,0,False,True,0,1.397651799954474,138336,0.1961892895655288,0.6521739130434783,0.10462700005155057,102187,0.5978748800116587,0.97,0,442.755350430038,61,4718.733355406475,1165.1456590264158,135.37060980021488,9658.28125978471,73,73,593,690.0,0.0,3.0,73.0,0.44677192433953417,0.0,18.924106280193236,18.542028985507248,10.257971014492753,23.753623188405797,1.0,16.0,73.0,1.0,593.0
89dcf4b0e31d24d7051e194d27455c38326a0e978ba504b886c456a6580d4c4f,rc101_21,RC1,Greedy,0.5,4208fd31438639b8f67328ae68f1c1d5b20c3c87949003fe710e9a91367b453d,21,96,5,lazy_reserve,concurrent_diagnostic,229,0,0,True,0,100,0,293,66.24584291530398,0,0,True,True,0,0.0012891000369563699,0,0.00031111125974143527,0.35494880546075086,0.0003402000293135643,0,0.0007968599209561937,1.0,0,227.85654254720538,35,6624.584291530398,599.6224803873826,0.09115559910424054,6512.296504417863,0,96,1,93.0,0.0,0.0,6.0,0.43956043956043955,0.0,0.0,0.621160409556314,0.34812286689419797,0.8532423208191127,0.0,0.0,96.0,,1.0
6d7bfa21f848eb847fb1914ee71940a41311403dd7d558a6b2bb983c6b4a916a,rc101_21,RC1,Independent,0.5,4208fd31438639b8f67328ae68f1c1d5b20c3c87949003fe710e9a91367b453d,21,96,5,lazy_reserve,concurrent_diagnostic,255,0,0,True,2,100,0,314,68.39094532744842,2,0,True,True,0,0.22311640006955713,24480,0.034392028023743894,0.5668789808917197,0.022462749970145524,20243,0.1333804349880665,1.0,0,277.9016256092847,43,6839.094532744842,731.3200673928544,10.799096799455583,6415.697433923835,0,98,0,112.0,0.0,0.0,7.0,0.1595197255574614,0.0,8.766985138004246,1.856687898089172,1.5605095541401275,1.980891719745223,1.0,0.0,98.0,1.0,0.0
b2612a70835415d3468ba01a3b88ddc90ba11cea4ab1a7864e8388a36e347947,rc101_21,RC1,Coordinated,0.5,4208fd31438639b8f67328ae68f1c1d5b20c3c87949003fe710e9a91367b453d,21,96,5,fixed_reference,concurrent_diagnostic,163,0,0,False,31,79,21,114,26.819149447387655,31,0,False,True,0,5.094498599995859,15648,0.20842130263969139,3.543859649122807,0.10544539999682456,13314,0.4296927149873223,0.79,0,422.0130969036073,38,2118.712806343625,1110.5607813252823,23.760028500924818,956.1902811043938,21,21,25,0.0,0.0,21.0,21.0,0.5540983606557377,0.0,21.79385964912281,13.37719298245614,5.964912280701754,37.8859649122807,1.0,0.0,21.0,1.0,25.0
5e2b8a014649f7ba7d3415c7b683cfb739c72c75b50c2717f8ab92212a943489,rc101_21,RC1,Coordinated,0.5,4208fd31438639b8f67328ae68f1c1d5b20c3c87949003fe710e9a91367b453d,21,96,1,lazy_reserve,concurrent_diagnostic,263,0,0,True,5,100,0,307,63.071375149231784,5,0,True,True,0,0.20714840001892298,25248,0.025874699017712513,0.34527687296416937,0.01644589996431023,16313,0.0904894300037995,1.0,0,636.7793729332354,41,6307.137514923178,1675.735191929567,7.943532598437741,6087.352248656368,87,87,32,90.0,0.0,0.0,34.0,0.39436619718309857,0.0,7.562703583061889,1.3876221498371335,0.8403908794788274,1.726384364820847,2.0,5.0,87.0,1.0,32.0
6a1981d4768f0505e84697e9eab3d71cac4c0ba49eed5839bba785cc8911769f,rc101_21,RC1,Coordinated,0.5,4208fd31438639b8f67328ae68f1c1d5b20c3c87949003fe710e9a91367b453d,21,96,3,lazy_reserve,concurrent_diagnostic,1190,0,0,False,344,97,3,337,48.700064164504326,344,0,False,True,0,3.097073100041598,114240,0.24986824243521533,0.9881305637982196,0.11996120004914701,92612,1.255963180004619,0.97,0,493.4906767775135,55,4723.906223956919,1298.6596757302987,84.20559770066757,7812.492308905539,66,66,701,337.0,0.0,3.0,66.0,0.47693194925028837,0.0,17.71214884061432,20.58160237388724,10.765578635014837,23.48961424332344,1.0,29.0,66.0,1.0,701.0
becfee0d9bfd05fd722e75a23fa163b66a5c30ca5468a741c41a0deef9c795eb,rc201_21,RC2,Greedy,0.0,281c1ab9638962ea74d5bb8132e4c81b71d37e8d3b2a9b221ade373ef9f2c534,5,96,5,lazy_reserve,concurrent_diagnostic,109,0,0,True,0,100,0,105,66.1754302467259,0,0,True,True,0,0.0014582999283447862,0,0.0002962771326392179,0.9523809523809523,0.00020839995704591274,0,0.0009848400019109248,1.0,0,0.0,0,6617.543024672589,0.0,0.031109098927117884,37354.228487663706,0,100,0,9.0,0.0,0.0,0.0,0.7863247863247863,0.0,0.0,4.457142857142857,0.9523809523809523,4.457142857142857,0.0,0.0,100.0,,0.0
400f778a31193ca16e688bdba9b16fdd998ce5d7d75f5c21ff240b25fb43fe1e,rc201_21,RC2,Independent,0.0,281c1ab9638962ea74d5bb8132e4c81b71d37e8d3b2a9b221ade373ef9f2c534,5,96,5,lazy_reserve,concurrent_diagnostic,129,0,0,True,6,100,0,119,68.76554729524533,6,0,True,True,0,0.4511735000414774,12384,0.05571409664214628,3.008403361344538,0.014198800083249807,9756,0.29770466999616474,1.0,0,36.62710546152984,13,6876.554729524533,261.62218186807024,6.629977500415407,37199.06498921874,0,100,0,16.0,0.0,0.0,0.0,0.6866295264623955,0.0,8.07563025210084,6.033613445378151,1.8907563025210083,6.033613445378151,1.0,0.0,100.0,1.0,0.0
54a284ca199000cfc0df73dee632fe9023f169e75757e37888509694baa38146,rc201_21,RC2,Coordinated,0.0,281c1ab9638962ea74d5bb8132e4c81b71d37e8d3b2a9b221ade373ef9f2c534,5,96,5,lazy_reserve,concurrent_diagnostic,3645,0,0,True,266,100,0,2737,52.839316454077995,266,0,True,True,0,1.7836479999823496,349920,0.2523514829012186,0.17720131530873218,0.24488330003805459,336764,0.5949672200484197,1.0,0,39.47433522280035,14,5283.9316454078,281.9595373057167,690.6860087006353,57171.40369454878,70,70,3455,76.0,0.0,0.0,36.0,0.5234688223214576,0.0,18.646514257877065,22.417975886006577,10.682864450127877,22.571063207891854,1.0,12.0,70.0,1.0,3455.0
2e753f3aa00cfda95a1b619e77b7960393c3a6c8fe476807a4287e91b7a58116,rc201_21,RC2,Greedy,0.5,3111702a772029549ac38fd4867734ba646a0cf02b6e64b701af3f948a5afea7,5,96,5,lazy_reserve,concurrent_diagnostic,155,0,0,True,0,100,0,226,66.1754302467259,0,0,True,True,0,0.0013859000755473971,0,0.0002251181414606363,0.4424778761061947,0.0002481000265106559,0,0.00043899999582208693,1.0,0,0.0,0,6617.543024672589,0.0,0.0508766999701038,37446.750418675365,0,100,0,55.0,0.0,0.0,0.0,0.4444444444444444,0.0,0.0,0.7964601769911505,0.4424778761061947,0.7964601769911505,0.0,0.0,100.0,,0.0
d452cc32b1e62d858077bc3149bb50d6286a7dea530e1ab02d3f18562d952dba,rc201_21,RC2,Independent,0.5,3111702a772029549ac38fd4867734ba646a0cf02b6e64b701af3f948a5afea7,5,96,5,lazy_reserve,concurrent_diagnostic,171,0,0,True,2,100,0,238,67.69097652709054,2,0,True,True,0,0.3051379000535235,16416,0.020397365961943855,0.7184873949579832,0.013791899953503162,13231,0.0777417599456384,1.0,0,19.67225387185054,6,6769.097652709054,140.5160990846467,4.854573098942637,36732.053011466,0,100,0,65.0,0.0,0.0,0.0,0.31906614785992216,0.0,4.582633053221288,1.0798319327731092,0.7352941176470589,1.0798319327731092,1.0,0.0,100.0,1.0,0.0
d875de01f6e9f5351482db1331302de28e8654a38e521f228fc31f7cbcdad7e1,rc201_21,RC2,Coordinated,0.5,3111702a772029549ac38fd4867734ba646a0cf02b6e64b701af3f948a5afea7,5,96,5,fixed_reference,concurrent_diagnostic,57,0,0,False,1,42,58,53,28.650064054248197,1,0,False,True,0,1.410092999925837,5472,0.22031444339696668,3.69811320754717,0.23973320005461574,5021,0.3741838800255209,0.42,0,94.66245148212568,9,1203.3026902784243,676.160367729469,11.676665500039235,2916.4526477352083,5,5,1,0.0,0.0,56.0,5.0,0.5977121067683508,0.0,20.0188679245283,19.79245283018868,7.962264150943396,66.11320754716981,1.0,0.0,5.0,1.0,1.0
dc597a376cfa057bb47c09f6410992cac990adbc6d8bcc84da1ebde506da1c66,rc201_21,RC2,Coordinated,0.5,3111702a772029549ac38fd4867734ba646a0cf02b6e64b701af3f948a5afea7,5,96,1,lazy_reserve,concurrent_diagnostic,155,0,0,True,0,100,0,226,66.1754302467259,0,0,True,True,0,0.0557538999710232,14880,0.009606564600346198,0.4424778761061947,0.00977580004837364,9606,0.019022674969164655,1.0,0,0.0,0,6617.543024672589,0.0,2.1710835996782407,37446.750418675365,100,100,0,55.0,0.0,0.0,0.0,0.4444444444444444,0.0,4.238938053097345,0.7964601769911505,0.4424778761061947,0.7964601769911505,2.0,0.0,100.0,1.0,0.0
4cc1c09c8ebc94c23dabb68157cf06f8f571fe66e7147407784c3e229e322c42,rc201_21,RC2,Coordinated,0.5,3111702a772029549ac38fd4867734ba646a0cf02b6e64b701af3f948a5afea7,5,96,3,lazy_reserve,concurrent_diagnostic,2323,0,0,True,1206,100,0,466,38.11533970319138,1206,0,True,True,0,2.5798271000385284,223008,0.3527799137311392,0.6609442060085837,0.08333885006140918,214583,1.8546009749989025,1.0,0,55.799847260997126,11,3811.5339703191385,398.57033757855083,164.39543979871087,36378.89834414143,46,46,2103,109.0,0.0,0.0,28.0,0.17945945945945946,0.0,14.805709770432788,9.92489270386266,8.143776824034335,9.931330472103005,1.0,19.0,46.0,1.0,2103.0
