run_key,algorithm,budget,fleet,horizon,DoD,candidate_appearances,customer,due_time,failure_reasons,feasible_epochs,final_reason,fleet_exhausted_epochs,instance,last_time_feasible_if_known,pruned_epochs,release_time,times_covered_by_intent,times_in_topL
b994ce30a16c5043084e6f4b99868ff0eac80424ecb855e43d0b9270e3507b55,COORDINATED_MPC_MCTS,32,lazy_reserve,5,0.5,34,C67,153.0,"{'BATTERY': 447, 'TIME_WINDOW': 340, 'UNREACHABLE_SAFE_CONTINUATION': 33}",79,SEARCH_NEVER_SELECTED,0,r101_21,140.19679787874696,45,63.33974996686493,2,1
9217c76888763b0db161d55717c6217513bff209b36d14d1cfa00133690b27a3,COORDINATED_MPC_MCTS,64,lazy_reserve,5,0.5,27,C19,58.0,"{'BATTERY': 338, 'TIME_WINDOW': 1237}",70,SEARCH_NEVER_SELECTED,0,r101_21,42.75065452844574,43,0.0,1,1
9217c76888763b0db161d55717c6217513bff209b36d14d1cfa00133690b27a3,COORDINATED_MPC_MCTS,64,lazy_reserve,5,0.5,3,C65,78.0,"{'BATTERY': 1083, 'TIME_WINDOW': 514, 'UNREACHABLE_SAFE_CONTINUATION': 63}",3,SEARCH_NEVER_SELECTED,0,r101_21,62.02561493873462,0,0.0,1,1
9217c76888763b0db161d55717c6217513bff209b36d14d1cfa00133690b27a3,COORDINATED_MPC_MCTS,64,lazy_reserve,5,0.5,41,C67,153.0,"{'BATTERY': 382, 'TIME_WINDOW': 409, 'UNREACHABLE_SAFE_CONTINUATION': 87}",69,SEARCH_NEVER_SELECTED,0,r101_21,140.19679787874696,28,63.33974996686493,2,0
9217c76888763b0db161d55717c6217513bff209b36d14d1cfa00133690b27a3,COORDINATED_MPC_MCTS,64,lazy_reserve,5,0.5,32,C86,109.0,"{'BATTERY': 286, 'TIME_WINDOW': 705, 'UNREACHABLE_SAFE_CONTINUATION': 35}",137,SEARCH_NEVER_SELECTED,0,r101_21,97.0,105,0.0,5,30
8942f8a0572799bd2c475a0296717229c9c2941031f2907bce523132d802ec84,COORDINATED_MPC_MCTS,96,lazy_reserve,5,0.5,3,C65,78.0,"{'BATTERY': 1066, 'TIME_WINDOW': 555, 'UNREACHABLE_SAFE_CONTINUATION': 86}",3,SEARCH_NEVER_SELECTED,0,r101_21,52.0931798310991,0,0.0,1,0
8141b16b84e021f539d0177d06aad06663c7dd201562d0f8b2b71eebb09562a5,COORDINATED_MPC_MCTS,32,lazy_reserve,5,0.5,16,C27,172.0,"{'BATTERY': 424, 'TIME_WINDOW': 250, 'UNREACHABLE_SAFE_CONTINUATION': 57}",149,SEARCH_NEVER_SELECTED,0,rc101_21,151.11546216735985,133,0.0,5,4
8141b16b84e021f539d0177d06aad06663c7dd201562d0f8b2b71eebb09562a5,COORDINATED_MPC_MCTS,32,lazy_reserve,5,0.5,9,C73,125.0,"{'BATTERY': 179, 'TIME_WINDOW': 429}",9,SEARCH_NEVER_SELECTED,0,rc101_21,111.50487136291726,0,88.4369013940296,1,3
8141b16b84e021f539d0177d06aad06663c7dd201562d0f8b2b71eebb09562a5,COORDINATED_MPC_MCTS,32,lazy_reserve,5,0.5,79,C74,149.0,"{'BATTERY': 224, 'TIME_WINDOW': 340, 'UNREACHABLE_SAFE_CONTINUATION': 26}",106,SEARCH_NEVER_SELECTED,0,rc101_21,133.4984326027589,27,30.944608199204048,2,9
8141b16b84e021f539d0177d06aad06663c7dd201562d0f8b2b71eebb09562a5,COORDINATED_MPC_MCTS,32,lazy_reserve,5,0.5,15,C75,95.0,"{'BATTERY': 340, 'TIME_WINDOW': 509, 'UNREACHABLE_SAFE_CONTINUATION': 48}",19,SEARCH_NEVER_SELECTED,0,rc101_21,55.69069690051006,4,22.9315131865574,1,0
8141b16b84e021f539d0177d06aad06663c7dd201562d0f8b2b71eebb09562a5,COORDINATED_MPC_MCTS,32,lazy_reserve,5,0.5,3,C76,85.0,"{'BATTERY': 263, 'TIME_WINDOW': 570}",3,SEARCH_NEVER_SELECTED,0,rc101_21,53.0,0,46.7747316823456,0,0
8141b16b84e021f539d0177d06aad06663c7dd201562d0f8b2b71eebb09562a5,COORDINATED_MPC_MCTS,32,lazy_reserve,5,0.5,30,C89,159.0,"{'BATTERY': 343, 'TIME_WINDOW': 315, 'UNREACHABLE_SAFE_CONTINUATION': 78}",152,SEARCH_NEVER_SELECTED,0,rc101_21,131.11546216735985,122,0.0,2,4
18ffd9d5cc1f5684a41df9d421df830c8f69f648422a4173f7a00b93e7e65b07,COORDINATED_MPC_MCTS,64,lazy_reserve,5,0.5,25,C27,172.0,"{'BATTERY': 456, 'TIME_WINDOW': 284, 'UNREACHABLE_SAFE_CONTINUATION': 77}",154,SEARCH_NEVER_SELECTED,0,rc101_21,141.91929088155547,129,0.0,2,3
18ffd9d5cc1f5684a41df9d421df830c8f69f648422a4173f7a00b93e7e65b07,COORDINATED_MPC_MCTS,64,lazy_reserve,5,0.5,15,C75,95.0,"{'BATTERY': 386, 'TIME_WINDOW': 563, 'UNREACHABLE_SAFE_CONTINUATION': 74}",21,SEARCH_NEVER_SELECTED,0,rc101_21,48.24703603385894,6,22.9315131865574,1,0
0ea74e839ff83f53fbd405452cc5f0985610b6ea1bdb344d5fd62a725f6a3099,COORDINATED_MPC_MCTS,96,lazy_reserve,5,0.5,16,C27,172.0,"{'BATTERY': 490, 'TIME_WINDOW': 323, 'UNREACHABLE_SAFE_CONTINUATION': 122}",161,SEARCH_NEVER_SELECTED,0,rc101_21,143.16467157960201,145,0.0,2,0
0ea74e839ff83f53fbd405452cc5f0985610b6ea1bdb344d5fd62a725f6a3099,COORDINATED_MPC_MCTS,96,lazy_reserve,5,0.5,11,C75,95.0,"{'BATTERY': 414, 'TIME_WINDOW': 668, 'UNREACHABLE_SAFE_CONTINUATION': 54}",13,SEARCH_NEVER_SELECTED,0,rc101_21,65.80944609263824,2,22.9315131865574,1,0
0ea74e839ff83f53fbd405452cc5f0985610b6ea1bdb344d5fd62a725f6a3099,COORDINATED_MPC_MCTS,96,lazy_reserve,5,0.5,12,C76,85.0,"{'BATTERY': 342, 'TIME_WINDOW': 714}",17,SEARCH_NEVER_SELECTED,0,rc101_21,65.80944609263824,5,46.7747316823456,0,0
8cd50b72de84f95ccd10a763c24c199dcf9012963b82f5cef09ac996b53f692a,COORDINATED_MPC_MCTS,96,fixed_reference,5,0.5,38,C18,601.0,"{'BATTERY': 41, 'TIME_WINDOW': 30, 'UNREACHABLE_SAFE_CONTINUATION': 4}",40,SEARCH_NEVER_SELECTED,111,c101_21,560.106666559195,2,0.0,13,28
8cd50b72de84f95ccd10a763c24c199dcf9012963b82f5cef09ac996b53f692a,COORDINATED_MPC_MCTS,96,fixed_reference,5,0.5,4,C36,346.0,"{'BATTERY': 50, 'TIME_WINDOW': 43, 'UNREACHABLE_SAFE_CONTINUATION': 2}",21,SEARCH_NEVER_SELECTED,111,c101_21,291.0746383759815,17,0.0,0,8
8cd50b72de84f95ccd10a763c24c199dcf9012963b82f5cef09ac996b53f692a,COORDINATED_MPC_MCTS,96,fixed_reference,5,0.5,24,C37,619.0,"{'BATTERY': 56, 'TIME_WINDOW': 19, 'UNREACHABLE_SAFE_CONTINUATION': 5}",33,SEARCH_NEVER_SELECTED,111,c101_21,561.9258240356726,9,3.8569360218117974,1,6
8cd50b72de84f95ccd10a763c24c199dcf9012963b82f5cef09ac996b53f692a,COORDINATED_MPC_MCTS,96,fixed_reference,5,0.5,8,C38,532.0,"{'BATTERY': 59, 'TIME_WINDOW': 22, 'UNREACHABLE_SAFE_CONTINUATION': 1}",31,SEARCH_NEVER_SELECTED,111,c101_21,481.3112887414927,23,58.95880037733927,1,8
8cd50b72de84f95ccd10a763c24c199dcf9012963b82f5cef09ac996b53f692a,COORDINATED_MPC_MCTS,96,fixed_reference,5,0.5,7,C39,440.0,"{'BATTERY': 59, 'TIME_WINDOW': 26, 'UNREACHABLE_SAFE_CONTINUATION': 1}",30,SEARCH_NEVER_SELECTED,111,c101_21,398.578069140785,23,0.0,1,9
8cd50b72de84f95ccd10a763c24c199dcf9012963b82f5cef09ac996b53f692a,COORDINATED_MPC_MCTS,96,fixed_reference,5,0.5,6,C40,199.0,"{'BATTERY': 53, 'TIME_WINDOW': 49}",12,SEARCH_NEVER_SELECTED,111,c101_21,185.35102982293313,6,73.03199029270357,1,5
8cd50b72de84f95ccd10a763c24c199dcf9012963b82f5cef09ac996b53f692a,COORDINATED_MPC_MCTS,96,fixed_reference,5,0.5,1,C53,511.0,"{'BATTERY': 69, 'TIME_WINDOW': 16, 'UNREACHABLE_SAFE_CONTINUATION': 2}",4,SEARCH_NEVER_SELECTED,88,c101_21,445.0,3,311.2937755401417,0,0
8cd50b72de84f95ccd10a763c24c199dcf9012963b82f5cef09ac996b53f692a,COORDINATED_MPC_MCTS,96,fixed_reference,5,0.5,3,C54,868.0,"{'BATTERY': 41, 'TIME_WINDOW': 10, 'UNREACHABLE_SAFE_CONTINUATION': 1}",3,SEARCH_NEVER_SELECTED,54,c101_21,762.4985212649481,0,665.1567889012243,0,1
8cd50b72de84f95ccd10a763c24c199dcf9012963b82f5cef09ac996b53f692a,COORDINATED_MPC_MCTS,96,fixed_reference,5,0.5,12,C55,963.0,"{'BATTERY': 64, 'TIME_WINDOW': 11, 'UNREACHABLE_SAFE_CONTINUATION': 6}",35,SEARCH_NEVER_SELECTED,111,c101_21,936.7567930989194,23,0.0,1,3
8cd50b72de84f95ccd10a763c24c199dcf9012963b82f5cef09ac996b53f692a,COORDINATED_MPC_MCTS,96,fixed_reference,5,0.5,1,C56,410.0,"{'BATTERY': 74, 'TIME_WINDOW': 22, 'UNREACHABLE_SAFE_CONTINUATION': 2}",18,SEARCH_NEVER_SELECTED,111,c101_21,353.0,17,0.0,1,2
8cd50b72de84f95ccd10a763c24c199dcf9012963b82f5cef09ac996b53f692a,COORDINATED_MPC_MCTS,96,fixed_reference,5,0.5,9,C57,1063.0,"{'BATTERY': 60, 'TIME_WINDOW': 7, 'UNREACHABLE_SAFE_CONTINUATION': 15}",16,SEARCH_NEVER_SELECTED,95,c101_21,976.612396667654,7,199.84226589152794,0,3
8cd50b72de84f95ccd10a763c24c199dcf9012963b82f5cef09ac996b53f692a,COORDINATED_MPC_MCTS,96,fixed_reference,5,0.5,2,C58,320.0,"{'BATTERY': 72, 'TIME_WINDOW': 27, 'UNREACHABLE_SAFE_CONTINUATION': 1}",16,SEARCH_NEVER_SELECTED,111,c101_21,259.0,14,0.0,2,4
8cd50b72de84f95ccd10a763c24c199dcf9012963b82f5cef09ac996b53f692a,COORDINATED_MPC_MCTS,96,fixed_reference,5,0.5,2,C59,124.0,"{'BATTERY': 63, 'TIME_WINDOW': 50}",4,SEARCH_NEVER_SELECTED,111,c101_21,85.05539968194611,2,0.0,1,2
8cd50b72de84f95ccd10a763c24c199dcf9012963b82f5cef09ac996b53f692a,COORDINATED_MPC_MCTS,96,fixed_reference,5,0.5,3,C60,223.0,"{'BATTERY': 72, 'TIME_WINDOW': 31, 'UNREACHABLE_SAFE_CONTINUATION': 1}",12,SEARCH_NEVER_SELECTED,111,c101_21,185.35102982293313,9,0.0,1,2
8cd50b72de84f95ccd10a763c24c199dcf9012963b82f5cef09ac996b53f692a,COORDINATED_MPC_MCTS,96,fixed_reference,5,0.5,8,C68,420.0,"{'BATTERY': 47, 'TIME_WINDOW': 42, 'UNREACHABLE_SAFE_CONTINUATION': 2}",25,SEARCH_NEVER_SELECTED,111,c101_21,385.3816329989409,17,0.0,5,11
8cd50b72de84f95ccd10a763c24c199dcf9012963b82f5cef09ac996b53f692a,COORDINATED_MPC_MCTS,96,fixed_reference,5,0.5,0,C70,444.0,"{'BATTERY': 100, 'TIME_WINDOW': 1, 'UNREACHABLE_SAFE_CONTINUATION': 9}",5,CANDIDATE_PRUNED_REPEATEDLY,111,c101_21,259.0,5,7.049997832174703,0,0
8cd50b72de84f95ccd10a763c24c199dcf9012963b82f5cef09ac996b53f692a,COORDINATED_MPC_MCTS,96,fixed_reference,5,0.5,0,C71,543.0,"{'BATTERY': 93, 'TIME_WINDOW': 1, 'UNREACHABLE_SAFE_CONTINUATION': 3}",1,CANDIDATE_PRUNED_REPEATEDLY,95,c101_21,259.0,1,195.3459239402203,0,0
8cd50b72de84f95ccd10a763c24c199dcf9012963b82f5cef09ac996b53f692a,COORDINATED_MPC_MCTS,96,fixed_reference,5,0.5,0,C73,361.0,"{'BATTERY': 95, 'TIME_WINDOW': 7, 'UNREACHABLE_SAFE_CONTINUATION': 8}",5,CANDIDATE_PRUNED_REPEATEDLY,111,c101_21,259.0,5,71.0260207491255,0,0
8cd50b72de84f95ccd10a763c24c199dcf9012963b82f5cef09ac996b53f692a,COORDINATED_MPC_MCTS,96,fixed_reference,5,0.5,7,C74,142.0,"{'BATTERY': 37, 'TIME_WINDOW': 69, 'UNREACHABLE_SAFE_CONTINUATION': 1}",7,SEARCH_NEVER_SELECTED,111,c101_21,106.9959557465451,0,67.8424928606444,0,2
8cd50b72de84f95ccd10a763c24c199dcf9012963b82f5cef09ac996b53f692a,COORDINATED_MPC_MCTS,96,fixed_reference,5,0.5,0,C76,639.0,"{'BATTERY': 63, 'TIME_WINDOW': 5, 'UNREACHABLE_SAFE_CONTINUATION': 1}",0,FLEET_CAP_REACHED,68,c101_21,,0,485.6067598294425,0,0
8cd50b72de84f95ccd10a763c24c199dcf9012963b82f5cef09ac996b53f692a,COORDINATED_MPC_MCTS,96,fixed_reference,5,0.5,0,C77,600.0,"{'BATTERY': 61, 'TIME_WINDOW': 4, 'UNREACHABLE_SAFE_CONTINUATION': 1}",0,FLEET_CAP_REACHED,65,c101_21,,0,513.365401179539,0,0
8cd50b72de84f95ccd10a763c24c199dcf9012963b82f5cef09ac996b53f692a,COORDINATED_MPC_MCTS,96,fixed_reference,5,0.5,0,C78,731.0,"{'BATTERY': 90, 'TIME_WINDOW': 4, 'UNREACHABLE_SAFE_CONTINUATION': 8}",15,CANDIDATE_PRUNED_REPEATEDLY,111,c101_21,353.0,15,0.0,0,0
8cd50b72de84f95ccd10a763c24c199dcf9012963b82f5cef09ac996b53f692a,COORDINATED_MPC_MCTS,96,fixed_reference,5,0.5,0,C79,506.0,"{'BATTERY': 68, 'TIME_WINDOW': 6, 'UNREACHABLE_SAFE_CONTINUATION': 1}",0,FLEET_CAP_REACHED,74,c101_21,,0,410.2092502371579,0,0
8cd50b72de84f95ccd10a763c24c199dcf9012963b82f5cef09ac996b53f692a,COORDINATED_MPC_MCTS,96,fixed_reference,5,0.5,4,C80,689.0,"{'BATTERY': 90, 'TIME_WINDOW': 5, 'UNREACHABLE_SAFE_CONTINUATION': 9}",13,SEARCH_NEVER_SELECTED,111,c101_21,353.0,9,0.0,0,0
8cd50b72de84f95ccd10a763c24c199dcf9012963b82f5cef09ac996b53f692a,COORDINATED_MPC_MCTS,96,fixed_reference,5,0.5,0,C81,823.0,"{'BATTERY': 84, 'TIME_WINDOW': 6, 'UNREACHABLE_SAFE_CONTINUATION': 8}",7,CANDIDATE_PRUNED_REPEATEDLY,102,c101_21,421.2360679774998,7,129.34446688164223,0,0
8cd50b72de84f95ccd10a763c24c199dcf9012963b82f5cef09ac996b53f692a,COORDINATED_MPC_MCTS,96,fixed_reference,5,0.5,1,C82,529.0,"{'BATTERY': 65, 'TIME_WINDOW': 24, 'UNREACHABLE_SAFE_CONTINUATION': 5}",22,SEARCH_NEVER_SELECTED,111,c101_21,445.0,21,0.0,0,1
8cd50b72de84f95ccd10a763c24c199dcf9012963b82f5cef09ac996b53f692a,COORDINATED_MPC_MCTS,96,fixed_reference,5,0.5,2,C83,618.0,"{'BATTERY': 56, 'TIME_WINDOW': 26, 'UNREACHABLE_SAFE_CONTINUATION': 2}",17,SEARCH_NEVER_SELECTED,98,c101_21,560.106666559195,15,173.75938636942558,0,1
8cd50b72de84f95ccd10a763c24c199dcf9012963b82f5cef09ac996b53f692a,COORDINATED_MPC_MCTS,96,fixed_reference,5,0.5,2,C84,710.0,"{'BATTERY': 56, 'TIME_WINDOW': 26, 'UNREACHABLE_SAFE_CONTINUATION': 2}",24,SEARCH_NEVER_SELECTED,105,c101_21,674.0,22,104.73906062831678,0,3
8cd50b72de84f95ccd10a763c24c199dcf9012963b82f5cef09ac996b53f692a,COORDINATED_MPC_MCTS,96,fixed_reference,5,0.5,3,C85,809.0,"{'BATTERY': 55, 'TIME_WINDOW': 22, 'UNREACHABLE_SAFE_CONTINUATION': 5}",34,SEARCH_NEVER_SELECTED,111,c101_21,711.7068531111145,31,0.0,0,5
8cd50b72de84f95ccd10a763c24c199dcf9012963b82f5cef09ac996b53f692a,COORDINATED_MPC_MCTS,96,fixed_reference,5,0.5,4,C86,241.0,"{'BATTERY': 51, 'TIME_WINDOW': 48}",15,SEARCH_NEVER_SELECTED,111,c101_21,212.93171219946132,11,82.24870853360964,0,0
8cd50b72de84f95ccd10a763c24c199dcf9012963b82f5cef09ac996b53f692a,COORDINATED_MPC_MCTS,96,fixed_reference,5,0.5,8,C87,145.0,"{'BATTERY': 51, 'TIME_WINDOW': 55}",10,SEARCH_NEVER_SELECTED,111,c101_21,106.9959557465451,2,0.0,1,2
8cd50b72de84f95ccd10a763c24c199dcf9012963b82f5cef09ac996b53f692a,COORDINATED_MPC_MCTS,96,fixed_reference,5,0.5,0,C90,84.0,"{'BATTERY': 43, 'TIME_WINDOW': 72}",2,CANDIDATE_PRUNED_REPEATEDLY,111,c101_21,1.1845674457032143,2,0.0,0,0
8cd50b72de84f95ccd10a763c24c199dcf9012963b82f5cef09ac996b53f692a,COORDINATED_MPC_MCTS,96,fixed_reference,5,0.5,4,C98,247.0,"{'BATTERY': 44, 'TIME_WINDOW': 55}",17,SEARCH_NEVER_SELECTED,111,c101_21,212.93171219946132,13,0.0,3,5
c8caee3f7e7116e498166ac8ef1e1715931d7ab83c6790efd1ce9a69cc551592,COORDINATED_MPC_MCTS,96,fixed_reference,5,0.5,0,C1,1146.0,"{'BATTERY': 1, 'TIME_WINDOW': 19}",7,CANDIDATE_PRUNED_REPEATEDLY,27,c201_21,818.4160322715378,7,169.52960749375578,0,0
c8caee3f7e7116e498166ac8ef1e1715931d7ab83c6790efd1ce9a69cc551592,COORDINATED_MPC_MCTS,96,fixed_reference,5,0.5,0,C2,1244.0,{'TIME_WINDOW': 20},0,FLEET_CAP_REACHED,20,c201_21,,0,1015.7250467008597,0,0
c8caee3f7e7116e498166ac8ef1e1715931d7ab83c6790efd1ce9a69cc551592,COORDINATED_MPC_MCTS,96,fixed_reference,5,0.5,4,C3,290.0,"{'BATTERY': 3, 'TIME_WINDOW': 22}",7,SEARCH_NEVER_SELECTED,30,c201_21,210.0,3,0.0,0,0
c8caee3f7e7116e498166ac8ef1e1715931d7ab83c6790efd1ce9a69cc551592,COORDINATED_MPC_MCTS,96,fixed_reference,5,0.5,3,C4,196.0,"{'BATTERY': 2, 'TIME_WINDOW': 25}",5,SEARCH_NEVER_SELECTED,30,c201_21,117.0,2,0.0,0,0
c8caee3f7e7116e498166ac8ef1e1715931d7ab83c6790efd1ce9a69cc551592,COORDINATED_MPC_MCTS,96,fixed_reference,5,0.5,2,C7,384.0,"{'BATTERY': 2, 'TIME_WINDOW': 22}",3,SEARCH_NEVER_SELECTED,27,c201_21,302.0,1,165.74740926367835,0,0
c8caee3f7e7116e498166ac8ef1e1715931d7ab83c6790efd1ce9a69cc551592,COORDINATED_MPC_MCTS,96,fixed_reference,5,0.5,3,C9,378.0,{'TIME_WINDOW': 24},5,SEARCH_NEVER_SELECTED,29,c201_21,302.0,2,104.24975804287898,0,0
c8caee3f7e7116e498166ac8ef1e1715931d7ab83c6790efd1ce9a69cc551592,COORDINATED_MPC_MCTS,96,fixed_reference,5,0.5,5,C10,188.0,{'TIME_WINDOW': 27},5,SEARCH_NEVER_SELECTED,30,c201_21,117.0,0,0.0,1,2
c8caee3f7e7116e498166ac8ef1e1715931d7ab83c6790efd1ce9a69cc551592,COORDINATED_MPC_MCTS,96,fixed_reference,5,0.5,3,C11,281.0,{'TIME_WINDOW': 25},5,SEARCH_NEVER_SELECTED,30,c201_21,210.0,2,80.6906483880191,0,0
c8caee3f7e7116e498166ac8ef1e1715931d7ab83c6790efd1ce9a69cc551592,COORDINATED_MPC_MCTS,96,fixed_reference,5,0.5,1,C12,668.0,{'TIME_WINDOW': 23},9,SEARCH_NEVER_SELECTED,30,c201_21,585.0,8,0.0,0,0
c8caee3f7e7116e498166ac8ef1e1715931d7ab83c6790efd1ce9a69cc551592,COORDINATED_MPC_MCTS,96,fixed_reference,5,0.5,1,C13,476.0,{'TIME_WINDOW': 24},6,SEARCH_NEVER_SELECTED,30,c201_21,302.0,5,85.23196987238096,0,0
c8caee3f7e7116e498166ac8ef1e1715931d7ab83c6790efd1ce9a69cc551592,COORDINATED_MPC_MCTS,96,fixed_reference,5,0.5,2,C14,761.0,{'TIME_WINDOW': 22},10,SEARCH_NEVER_SELECTED,30,c201_21,677.2360679774998,8,0.0,0,0
c8caee3f7e7116e498166ac8ef1e1715931d7ab83c6790efd1ce9a69cc551592,COORDINATED_MPC_MCTS,96,fixed_reference,5,0.5,0,C15,571.0,{'TIME_WINDOW': 24},8,CANDIDATE_PRUNED_REPEATEDLY,30,c201_21,302.0,8,0.0,0,0
c8caee3f7e7116e498166ac8ef1e1715931d7ab83c6790efd1ce9a69cc551592,COORDINATED_MPC_MCTS,96,fixed_reference,5,0.5,2,C16,853.0,{'TIME_WINDOW': 21},11,SEARCH_NEVER_SELECTED,30,c201_21,772.2360679774998,9,0.0,0,0
c8caee3f7e7116e498166ac8ef1e1715931d7ab83c6790efd1ce9a69cc551592,COORDINATED_MPC_MCTS,96,fixed_reference,5,0.5,0,C17,1138.0,{'TIME_WINDOW': 20},10,CANDIDATE_PRUNED_REPEATEDLY,30,c201_21,818.4160322715378,10,68.76085406971119,0,0
c8caee3f7e7116e498166ac8ef1e1715931d7ab83c6790efd1ce9a69cc551592,COORDINATED_MPC_MCTS,96,fixed_reference,5,0.5,0,C18,1045.0,{'TIME_WINDOW': 20},12,CANDIDATE_PRUNED_REPEATEDLY,30,c201_21,818.4160322715378,12,0.0,0,0
c8caee3f7e7116e498166ac8ef1e1715931d7ab83c6790efd1ce9a69cc551592,COORDINATED_MPC_MCTS,96,fixed_reference,5,0.5,2,C19,950.0,{'TIME_WINDOW': 20},12,SEARCH_NEVER_SELECTED,30,c201_21,818.4160322715378,10,0.0,0,0
c8caee3f7e7116e498166ac8ef1e1715931d7ab83c6790efd1ce9a69cc551592,COORDINATED_MPC_MCTS,96,fixed_reference,5,0.5,0,C23,1336.0,{'TIME_WINDOW': 20},10,CANDIDATE_PRUNED_REPEATEDLY,30,c201_21,818.4160322715378,10,97.58569232081898,0,0
c8caee3f7e7116e498166ac8ef1e1715931d7ab83c6790efd1ce9a69cc551592,COORDINATED_MPC_MCTS,96,fixed_reference,5,0.5,0,C25,1238.0,{'TIME_WINDOW': 20},5,CANDIDATE_PRUNED_REPEATEDLY,25,c201_21,818.4160322715378,5,211.99403163039395,0,1
c8caee3f7e7116e498166ac8ef1e1715931d7ab83c6790efd1ce9a69cc551592,COORDINATED_MPC_MCTS,96,fixed_reference,5,0.5,1,C26,1434.0,{'TIME_WINDOW': 19},13,SEARCH_NEVER_SELECTED,30,c201_21,1362.0,12,0.0,0,1
c8caee3f7e7116e498166ac8ef1e1715931d7ab83c6790efd1ce9a69cc551592,COORDINATED_MPC_MCTS,96,fixed_reference,5,0.5,0,C28,1753.0,{'TIME_WINDOW': 19},13,CANDIDATE_PRUNED_REPEATEDLY,30,c201_21,1362.0,13,0.0,0,0
c8caee3f7e7116e498166ac8ef1e1715931d7ab83c6790efd1ce9a69cc551592,COORDINATED_MPC_MCTS,96,fixed_reference,5,0.5,2,C31,2420.0,{'TIME_WINDOW': 14},5,SEARCH_NEVER_SELECTED,19,c201_21,2255.0,3,1933.6751417356008,0,1
c8caee3f7e7116e498166ac8ef1e1715931d7ab83c6790efd1ce9a69cc551592,COORDINATED_MPC_MCTS,96,fixed_reference,5,0.5,2,C33,2515.0,{'TIME_WINDOW': 13},4,SEARCH_NEVER_SELECTED,17,c201_21,2429.0,2,2135.642508498969,0,1
c8caee3f7e7116e498166ac8ef1e1715931d7ab83c6790efd1ce9a69cc551592,COORDINATED_MPC_MCTS,96,fixed_reference,5,0.5,1,C34,1854.0,{'TIME_WINDOW': 19},13,SEARCH_NEVER_SELECTED,30,c201_21,1362.0,12,0.0,0,0
c8caee3f7e7116e498166ac8ef1e1715931d7ab83c6790efd1ce9a69cc551592,COORDINATED_MPC_MCTS,96,fixed_reference,5,0.5,1,C36,1947.0,{'TIME_WINDOW': 19},13,SEARCH_NEVER_SELECTED,30,c201_21,1362.0,12,0.0,0,0
c8caee3f7e7116e498166ac8ef1e1715931d7ab83c6790efd1ce9a69cc551592,COORDINATED_MPC_MCTS,96,fixed_reference,5,0.5,3,C37,2229.0,{'TIME_WINDOW': 16},14,SEARCH_NEVER_SELECTED,30,c201_21,2146.0,11,14.011048782223172,0,1
c8caee3f7e7116e498166ac8ef1e1715931d7ab83c6790efd1ce9a69cc551592,COORDINATED_MPC_MCTS,96,fixed_reference,5,0.5,2,C38,2137.0,{'TIME_WINDOW': 18},7,SEARCH_NEVER_SELECTED,25,c201_21,2000.0,5,246.32786937312088,0,1
c8caee3f7e7116e498166ac8ef1e1715931d7ab83c6790efd1ce9a69cc551592,COORDINATED_MPC_MCTS,96,fixed_reference,5,0.5,1,C39,2042.0,{'TIME_WINDOW': 19},12,SEARCH_NEVER_SELECTED,30,c201_21,1362.0,11,3.807248451344064,0,1
c8caee3f7e7116e498166ac8ef1e1715931d7ab83c6790efd1ce9a69cc551592,COORDINATED_MPC_MCTS,96,fixed_reference,5,0.5,5,C40,1128.0,"{'BATTERY': 2, 'TIME_WINDOW': 18}",12,SEARCH_NEVER_SELECTED,30,c201_21,818.4160322715378,7,0.0,0,1
c8caee3f7e7116e498166ac8ef1e1715931d7ab83c6790efd1ce9a69cc551592,COORDINATED_MPC_MCTS,96,fixed_reference,5,0.5,8,C44,1034.0,{'TIME_WINDOW': 20},12,SEARCH_NEVER_SELECTED,30,c201_21,818.4160322715378,4,0.0,0,2
c8caee3f7e7116e498166ac8ef1e1715931d7ab83c6790efd1ce9a69cc551592,COORDINATED_MPC_MCTS,96,fixed_reference,5,0.5,2,C46,938.0,{'TIME_WINDOW': 20},2,SEARCH_NEVER_SELECTED,22,c201_21,818.4160322715378,0,680.8972640193326,0,0
c8caee3f7e7116e498166ac8ef1e1715931d7ab83c6790efd1ce9a69cc551592,COORDINATED_MPC_MCTS,96,fixed_reference,5,0.5,2,C47,467.0,{'TIME_WINDOW': 24},2,SEARCH_NEVER_SELECTED,26,c201_21,302.0,0,201.5093451442645,0,1
c8caee3f7e7116e498166ac8ef1e1715931d7ab83c6790efd1ce9a69cc551592,COORDINATED_MPC_MCTS,96,fixed_reference,5,0.5,2,C49,2119.0,"{'BATTERY': 3, 'TIME_WINDOW': 14}",15,SEARCH_NEVER_SELECTED,30,c201_21,2093.0,13,0.0,0,2
c8caee3f7e7116e498166ac8ef1e1715931d7ab83c6790efd1ce9a69cc551592,COORDINATED_MPC_MCTS,96,fixed_reference,5,0.5,0,C52,562.0,{'TIME_WINDOW': 24},0,FLEET_CAP_REACHED,24,c201_21,,0,320.3128553072878,0,0
c8caee3f7e7116e498166ac8ef1e1715931d7ab83c6790efd1ce9a69cc551592,COORDINATED_MPC_MCTS,96,fixed_reference,5,0.5,0,C53,1831.0,"{'BATTERY': 3, 'TIME_WINDOW': 16}",5,CANDIDATE_PRUNED_REPEATEDLY,24,c201_21,1362.0,5,334.3550051785228,0,0
c8caee3f7e7116e498166ac8ef1e1715931d7ab83c6790efd1ce9a69cc551592,COORDINATED_MPC_MCTS,96,fixed_reference,5,0.5,0,C54,1926.0,"{'BATTERY': 3, 'TIME_WINDOW': 16}",13,CANDIDATE_PRUNED_REPEATEDLY,30,c201_21,1362.0,13,0.0,0,1
c8caee3f7e7116e498166ac8ef1e1715931d7ab83c6790efd1ce9a69cc551592,COORDINATED_MPC_MCTS,96,fixed_reference,5,0.5,1,C55,2021.0,"{'BATTERY': 3, 'TIME_WINDOW': 16}",13,SEARCH_NEVER_SELECTED,30,c201_21,1362.0,12,0.0,0,1
c8caee3f7e7116e498166ac8ef1e1715931d7ab83c6790efd1ce9a69cc551592,COORDINATED_MPC_MCTS,96,fixed_reference,5,0.5,0,C56,1737.0,"{'BATTERY': 3, 'TIME_WINDOW': 16}",3,CANDIDATE_PRUNED_REPEATEDLY,22,c201_21,1362.0,3,713.1125822626288,0,0
c8caee3f7e7116e498166ac8ef1e1715931d7ab83c6790efd1ce9a69cc551592,COORDINATED_MPC_MCTS,96,fixed_reference,5,0.5,0,C57,1361.0,"{'BATTERY': 3, 'TIME_WINDOW': 17}",1,CANDIDATE_PRUNED_REPEATEDLY,21,c201_21,818.4160322715378,1,803.3338098580397,0,0
c8caee3f7e7116e498166ac8ef1e1715931d7ab83c6790efd1ce9a69cc551592,COORDINATED_MPC_MCTS,96,fixed_reference,5,0.5,0,C58,1645.0,"{'BATTERY': 3, 'TIME_WINDOW': 16}",1,CANDIDATE_PRUNED_REPEATEDLY,20,c201_21,1362.0,1,1346.2012352816976,0,0
c8caee3f7e7116e498166ac8ef1e1715931d7ab83c6790efd1ce9a69cc551592,COORDINATED_MPC_MCTS,96,fixed_reference,5,0.5,1,C59,1456.0,"{'BATTERY': 3, 'TIME_WINDOW': 16}",13,SEARCH_NEVER_SELECTED,30,c201_21,1362.0,12,0.0,0,1
c8caee3f7e7116e498166ac8ef1e1715931d7ab83c6790efd1ce9a69cc551592,COORDINATED_MPC_MCTS,96,fixed_reference,5,0.5,1,C60,1552.0,"{'BATTERY': 3, 'TIME_WINDOW': 16}",13,SEARCH_NEVER_SELECTED,30,c201_21,1362.0,12,0.0,0,0
c8caee3f7e7116e498166ac8ef1e1715931d7ab83c6790efd1ce9a69cc551592,COORDINATED_MPC_MCTS,96,fixed_reference,5,0.5,8,C64,2407.0,{'TIME_WINDOW': 14},18,SEARCH_NEVER_SELECTED,30,c201_21,2255.0,10,0.0,4,8
c8caee3f7e7116e498166ac8ef1e1715931d7ab83c6790efd1ce9a69cc551592,COORDINATED_MPC_MCTS,96,fixed_reference,5,0.5,0,C70,1195.0,"{'BATTERY': 8, 'TIME_WINDOW': 12}",0,FLEET_CAP_REACHED,20,c201_21,,0,963.4967678191647,0,0
c8caee3f7e7116e498166ac8ef1e1715931d7ab83c6790efd1ce9a69cc551592,COORDINATED_MPC_MCTS,96,fixed_reference,5,0.5,0,C71,1100.0,"{'BATTERY': 9, 'TIME_WINDOW': 12}",4,CANDIDATE_PRUNED_REPEATEDLY,25,c201_21,772.2360679774998,4,301.99947824964164,0,0
c8caee3f7e7116e498166ac8ef1e1715931d7ab83c6790efd1ce9a69cc551592,COORDINATED_MPC_MCTS,96,fixed_reference,5,0.5,4,C72,2592.0,"{'BATTERY': 1, 'TIME_WINDOW': 11}",5,SEARCH_NEVER_SELECTED,17,c201_21,2537.0,1,2115.2941363729124,0,2
c8caee3f7e7116e498166ac8ef1e1715931d7ab83c6790efd1ce9a69cc551592,COORDINATED_MPC_MCTS,96,fixed_reference,5,0.5,0,C73,1288.0,"{'BATTERY': 8, 'TIME_WINDOW': 12}",0,FLEET_CAP_REACHED,20,c201_21,,0,959.3072243215606,0,0
c8caee3f7e7116e498166ac8ef1e1715931d7ab83c6790efd1ce9a69cc551592,COORDINATED_MPC_MCTS,96,fixed_reference,5,0.5,2,C75,1339.0,{'TIME_WINDOW': 20},12,SEARCH_NEVER_SELECTED,30,c201_21,818.4160322715378,10,0.0,1,2
c8caee3f7e7116e498166ac8ef1e1715931d7ab83c6790efd1ce9a69cc551592,COORDINATED_MPC_MCTS,96,fixed_reference,5,0.5,0,C76,1005.0,"{'BATTERY': 7, 'TIME_WINDOW': 13, 'UNREACHABLE_SAFE_CONTINUATION': 1}",0,FLEET_CAP_REACHED,21,c201_21,,0,812.3478726530159,0,0
c8caee3f7e7116e498166ac8ef1e1715931d7ab83c6790efd1ce9a69cc551592,COORDINATED_MPC_MCTS,96,fixed_reference,5,0.5,0,C77,1774.0,"{'BATTERY': 3, 'TIME_WINDOW': 16}",13,CANDIDATE_PRUNED_REPEATEDLY,30,c201_21,1362.0,13,0.0,0,0
c8caee3f7e7116e498166ac8ef1e1715931d7ab83c6790efd1ce9a69cc551592,COORDINATED_MPC_MCTS,96,fixed_reference,5,0.5,0,C78,1676.0,"{'BATTERY': 6, 'TIME_WINDOW': 13}",0,FLEET_CAP_REACHED,19,c201_21,,0,1394.3435501334784,0,0
c8caee3f7e7116e498166ac8ef1e1715931d7ab83c6790efd1ce9a69cc551592,COORDINATED_MPC_MCTS,96,fixed_reference,5,0.5,1,C79,1482.0,"{'BATTERY': 7, 'TIME_WINDOW': 12, 'UNREACHABLE_SAFE_CONTINUATION': 1}",4,SEARCH_NEVER_SELECTED,24,c201_21,1362.0,3,397.49525280062136,0,0
c8caee3f7e7116e498166ac8ef1e1715931d7ab83c6790efd1ce9a69cc551592,COORDINATED_MPC_MCTS,96,fixed_reference,5,0.5,0,C80,1387.0,"{'BATTERY': 7, 'TIME_WINDOW': 13, 'UNREACHABLE_SAFE_CONTINUATION': 1}",5,CANDIDATE_PRUNED_REPEATEDLY,26,c201_21,772.2360679774998,5,209.3742227754288,0,0
c8caee3f7e7116e498166ac8ef1e1715931d7ab83c6790efd1ce9a69cc551592,COORDINATED_MPC_MCTS,96,fixed_reference,5,0.5,0,C81,1577.0,"{'BATTERY': 6, 'TIME_WINDOW': 13, 'UNREACHABLE_SAFE_CONTINUATION': 1}",12,CANDIDATE_PRUNED_REPEATEDLY,30,c201_21,1362.0,12,0.0,0,0
c8caee3f7e7116e498166ac8ef1e1715931d7ab83c6790efd1ce9a69cc551592,COORDINATED_MPC_MCTS,96,fixed_reference,5,0.5,1,C82,668.0,"{'BATTERY': 6, 'TIME_WINDOW': 17}",4,SEARCH_NEVER_SELECTED,27,c201_21,585.0,3,160.6292600680897,0,0
c8caee3f7e7116e498166ac8ef1e1715931d7ab83c6790efd1ce9a69cc551592,COORDINATED_MPC_MCTS,96,fixed_reference,5,0.5,0,C83,575.0,"{'BATTERY': 5, 'TIME_WINDOW': 19}",8,CANDIDATE_PRUNED_REPEATEDLY,30,c201_21,302.0,8,0.0,0,1
c8caee3f7e7116e498166ac8ef1e1715931d7ab83c6790efd1ce9a69cc551592,COORDINATED_MPC_MCTS,96,fixed_reference,5,0.5,1,C84,481.0,"{'BATTERY': 3, 'TIME_WINDOW': 21}",8,SEARCH_NEVER_SELECTED,30,c201_21,302.0,7,0.0,0,1
c8caee3f7e7116e498166ac8ef1e1715931d7ab83c6790efd1ce9a69cc551592,COORDINATED_MPC_MCTS,96,fixed_reference,5,0.5,2,C85,903.0,"{'BATTERY': 6, 'TIME_WINDOW': 14}",10,SEARCH_NEVER_SELECTED,30,c201_21,818.4160322715378,8,97.36433156173773,0,0
c8caee3f7e7116e498166ac8ef1e1715931d7ab83c6790efd1ce9a69cc551592,COORDINATED_MPC_MCTS,96,fixed_reference,5,0.5,2,C86,386.0,"{'BATTERY': 3, 'TIME_WINDOW': 21}",8,SEARCH_NEVER_SELECTED,30,c201_21,302.0,6,0.0,0,1
c8caee3f7e7116e498166ac8ef1e1715931d7ab83c6790efd1ce9a69cc551592,COORDINATED_MPC_MCTS,96,fixed_reference,5,0.5,1,C87,1872.0,"{'BATTERY': 3, 'TIME_WINDOW': 16}",13,SEARCH_NEVER_SELECTED,30,c201_21,1362.0,12,0.0,0,0
c8caee3f7e7116e498166ac8ef1e1715931d7ab83c6790efd1ce9a69cc551592,COORDINATED_MPC_MCTS,96,fixed_reference,5,0.5,3,C88,291.0,"{'BATTERY': 3, 'TIME_WINDOW': 22}",5,SEARCH_NEVER_SELECTED,30,c201_21,210.0,2,59.90368367187755,0,2
c8caee3f7e7116e498166ac8ef1e1715931d7ab83c6790efd1ce9a69cc551592,COORDINATED_MPC_MCTS,96,fixed_reference,5,0.5,4,C89,182.0,"{'BATTERY': 1, 'TIME_WINDOW': 26}",5,SEARCH_NEVER_SELECTED,30,c201_21,117.0,1,0.0,0,0
c8caee3f7e7116e498166ac8ef1e1715931d7ab83c6790efd1ce9a69cc551592,COORDINATED_MPC_MCTS,96,fixed_reference,5,0.5,4,C90,181.0,"{'BATTERY': 1, 'TIME_WINDOW': 26}",5,SEARCH_NEVER_SELECTED,30,c201_21,117.0,1,0.0,0,1
c8caee3f7e7116e498166ac8ef1e1715931d7ab83c6790efd1ce9a69cc551592,COORDINATED_MPC_MCTS,96,fixed_reference,5,0.5,3,C91,196.0,"{'BATTERY': 1, 'TIME_WINDOW': 26}",3,SEARCH_NEVER_SELECTED,30,c201_21,117.0,0,27.521937529880592,0,0
c8caee3f7e7116e498166ac8ef1e1715931d7ab83c6790efd1ce9a69cc551592,COORDINATED_MPC_MCTS,96,fixed_reference,5,0.5,2,C92,763.0,"{'BATTERY': 6, 'TIME_WINDOW': 16}",10,SEARCH_NEVER_SELECTED,30,c201_21,677.2360679774998,8,0.0,0,0
c8caee3f7e7116e498166ac8ef1e1715931d7ab83c6790efd1ce9a69cc551592,COORDINATED_MPC_MCTS,96,fixed_reference,5,0.5,1,C93,1529.0,{'TIME_WINDOW': 19},1,SEARCH_NEVER_SELECTED,20,c201_21,1362.0,0,1074.3894269666944,0,1
c8caee3f7e7116e498166ac8ef1e1715931d7ab83c6790efd1ce9a69cc551592,COORDINATED_MPC_MCTS,96,fixed_reference,5,0.5,1,C94,669.0,"{'BATTERY': 6, 'TIME_WINDOW': 17}",9,SEARCH_NEVER_SELECTED,30,c201_21,585.0,8,0.0,0,0
c8caee3f7e7116e498166ac8ef1e1715931d7ab83c6790efd1ce9a69cc551592,COORDINATED_MPC_MCTS,96,fixed_reference,5,0.5,0,C95,576.0,"{'BATTERY': 6, 'TIME_WINDOW': 18}",8,CANDIDATE_PRUNED_REPEATEDLY,30,c201_21,302.0,8,0.0,0,0
c8caee3f7e7116e498166ac8ef1e1715931d7ab83c6790efd1ce9a69cc551592,COORDINATED_MPC_MCTS,96,fixed_reference,5,0.5,0,C96,1968.0,"{'BATTERY': 3, 'TIME_WINDOW': 16}",5,CANDIDATE_PRUNED_REPEATEDLY,24,c201_21,1362.0,5,579.5103604021629,0,0
c8caee3f7e7116e498166ac8ef1e1715931d7ab83c6790efd1ce9a69cc551592,COORDINATED_MPC_MCTS,96,fixed_reference,5,0.5,2,C97,860.0,"{'BATTERY': 6, 'TIME_WINDOW': 15}",6,SEARCH_NEVER_SELECTED,27,c201_21,772.2360679774998,4,122.31569092843381,0,0
c8caee3f7e7116e498166ac8ef1e1715931d7ab83c6790efd1ce9a69cc551592,COORDINATED_MPC_MCTS,96,fixed_reference,5,0.5,1,C98,479.0,"{'BATTERY': 2, 'TIME_WINDOW': 22}",2,SEARCH_NEVER_SELECTED,26,c201_21,302.0,1,185.20398587791095,0,0
c8caee3f7e7116e498166ac8ef1e1715931d7ab83c6790efd1ce9a69cc551592,COORDINATED_MPC_MCTS,96,fixed_reference,5,0.5,0,C99,1050.0,"{'BATTERY': 2, 'TIME_WINDOW': 18}",12,CANDIDATE_PRUNED_REPEATEDLY,30,c201_21,818.4160322715378,12,0.0,0,0
c8caee3f7e7116e498166ac8ef1e1715931d7ab83c6790efd1ce9a69cc551592,COORDINATED_MPC_MCTS,96,fixed_reference,5,0.5,2,C100,955.0,"{'BATTERY': 6, 'TIME_WINDOW': 14}",12,SEARCH_NEVER_SELECTED,30,c201_21,818.4160322715378,10,0.0,0,0
f3da20a5f7e61de32f61e68aec98ff68dea512ec7e8bef19c544f0689667a86b,COORDINATED_MPC_MCTS,96,lazy_reserve,5,0.0,0,C3,38.0,"{'BATTERY': 186, 'TIME_WINDOW': 1479}",5,CANDIDATE_PRUNED_REPEATEDLY,0,r101_21,0.0,5,0.0,0,0
f3da20a5f7e61de32f61e68aec98ff68dea512ec7e8bef19c544f0689667a86b,COORDINATED_MPC_MCTS,96,lazy_reserve,5,0.0,84,C25,147.0,"{'BATTERY': 341, 'TIME_WINDOW': 885, 'UNREACHABLE_SAFE_CONTINUATION': 18}",283,SEARCH_NEVER_SELECTED,0,r101_21,135.20238954251857,199,0.0,4,21
f3da20a5f7e61de32f61e68aec98ff68dea512ec7e8bef19c544f0689667a86b,COORDINATED_MPC_MCTS,96,lazy_reserve,5,0.0,13,C38,73.0,"{'BATTERY': 327, 'TIME_WINDOW': 1310, 'UNREACHABLE_SAFE_CONTINUATION': 5}",23,SEARCH_NEVER_SELECTED,0,r101_21,54.02449729157663,10,0.0,1,6
f3da20a5f7e61de32f61e68aec98ff68dea512ec7e8bef19c544f0689667a86b,COORDINATED_MPC_MCTS,96,lazy_reserve,5,0.0,2,C64,121.0,"{'BATTERY': 489, 'TIME_WINDOW': 983, 'UNREACHABLE_SAFE_CONTINUATION': 186}",12,SEARCH_NEVER_SELECTED,0,r101_21,79.33797233497123,10,0.0,0,0
f3da20a5f7e61de32f61e68aec98ff68dea512ec7e8bef19c544f0689667a86b,COORDINATED_MPC_MCTS,96,lazy_reserve,5,0.0,3,C65,78.0,"{'BATTERY': 655, 'TIME_WINDOW': 992, 'UNREACHABLE_SAFE_CONTINUATION': 18}",4,SEARCH_NEVER_SELECTED,0,r101_21,51.63367544101073,1,0.0,1,0
f3da20a5f7e61de32f61e68aec98ff68dea512ec7e8bef19c544f0689667a86b,COORDINATED_MPC_MCTS,96,lazy_reserve,5,0.0,73,C67,153.0,"{'BATTERY': 460, 'TIME_WINDOW': 814, 'UNREACHABLE_SAFE_CONTINUATION': 27}",276,SEARCH_NEVER_SELECTED,0,r101_21,135.20238954251857,203,0.0,3,0
f3da20a5f7e61de32f61e68aec98ff68dea512ec7e8bef19c544f0689667a86b,COORDINATED_MPC_MCTS,96,lazy_reserve,5,0.0,18,C70,59.0,"{'BATTERY': 207, 'TIME_WINDOW': 1422}",31,SEARCH_NEVER_SELECTED,0,r101_21,47.50327544101073,13,0.0,1,4
f3da20a5f7e61de32f61e68aec98ff68dea512ec7e8bef19c544f0689667a86b,COORDINATED_MPC_MCTS,96,lazy_reserve,5,0.0,0,C81,44.0,"{'BATTERY': 250, 'TIME_WINDOW': 1415}",5,CANDIDATE_PRUNED_REPEATEDLY,0,r101_21,0.0,5,0.0,0,0
dd47b9d5bb12c2f1d92f41ffbf742ac907a0cd7f07f8de6cf7c86fbafbdc4e51,COORDINATED_MPC_MCTS,96,fixed_reference,5,0.5,1,C1,46.0,"{'BATTERY': 34, 'TIME_WINDOW': 59}",1,SEARCH_NEVER_SELECTED,91,r101_21,35.0,0,26.463119308950382,0,0
dd47b9d5bb12c2f1d92f41ffbf742ac907a0cd7f07f8de6cf7c86fbafbdc4e51,COORDINATED_MPC_MCTS,96,fixed_reference,5,0.5,0,C3,38.0,"{'BATTERY': 44, 'TIME_WINDOW': 59}",3,CANDIDATE_PRUNED_REPEATEDLY,97,r101_21,2.805264497927281,3,0.0,0,0
dd47b9d5bb12c2f1d92f41ffbf742ac907a0cd7f07f8de6cf7c86fbafbdc4e51,COORDINATED_MPC_MCTS,96,fixed_reference,5,0.5,2,C9,80.0,"{'BATTERY': 64, 'TIME_WINDOW': 27, 'UNREACHABLE_SAFE_CONTINUATION': 2}",7,SEARCH_NEVER_SELECTED,97,r101_21,35.0,5,6.717506084692786,0,0
dd47b9d5bb12c2f1d92f41ffbf742ac907a0cd7f07f8de6cf7c86fbafbdc4e51,COORDINATED_MPC_MCTS,96,fixed_reference,5,0.5,9,C10,167.0,"{'BATTERY': 44, 'TIME_WINDOW': 26, 'UNREACHABLE_SAFE_CONTINUATION': 1}",31,SEARCH_NEVER_SELECTED,97,r101_21,144.45906043549195,22,0.0,1,2
dd47b9d5bb12c2f1d92f41ffbf742ac907a0cd7f07f8de6cf7c86fbafbdc4e51,COORDINATED_MPC_MCTS,96,fixed_reference,5,0.5,2,C11,71.0,"{'BATTERY': 52, 'TIME_WINDOW': 36}",3,SEARCH_NEVER_SELECTED,88,r101_21,54.21954445729288,1,34.48282676812091,0,1
dd47b9d5bb12c2f1d92f41ffbf742ac907a0cd7f07f8de6cf7c86fbafbdc4e51,COORDINATED_MPC_MCTS,96,fixed_reference,5,0.5,3,C19,58.0,"{'BATTERY': 48, 'TIME_WINDOW': 50}",8,SEARCH_NEVER_SELECTED,97,r101_21,37.05337576346953,5,0.0,0,1
dd47b9d5bb12c2f1d92f41ffbf742ac907a0cd7f07f8de6cf7c86fbafbdc4e51,COORDINATED_MPC_MCTS,96,fixed_reference,5,0.5,0,C20,169.0,"{'BATTERY': 41, 'TIME_WINDOW': 16}",2,CANDIDATE_PRUNED_REPEATEDLY,58,r101_21,121.0,2,109.41713740152059,0,0
dd47b9d5bb12c2f1d92f41ffbf742ac907a0cd7f07f8de6cf7c86fbafbdc4e51,COORDINATED_MPC_MCTS,96,fixed_reference,5,0.5,9,C23,129.0,"{'BATTERY': 49, 'TIME_WINDOW': 31, 'UNREACHABLE_SAFE_CONTINUATION': 1}",22,SEARCH_NEVER_SELECTED,97,r101_21,98.07785657866658,13,0.0,0,1
dd47b9d5bb12c2f1d92f41ffbf742ac907a0cd7f07f8de6cf7c86fbafbdc4e51,COORDINATED_MPC_MCTS,96,fixed_reference,5,0.5,3,C29,127.0,"{'BATTERY': 44, 'TIME_WINDOW': 27}",3,SEARCH_NEVER_SELECTED,72,r101_21,98.07785657866658,0,76.16602228942796,0,3
dd47b9d5bb12c2f1d92f41ffbf742ac907a0cd7f07f8de6cf7c86fbafbdc4e51,COORDINATED_MPC_MCTS,96,fixed_reference,5,0.5,2,C30,173.0,"{'BATTERY': 40, 'TIME_WINDOW': 26, 'UNREACHABLE_SAFE_CONTINUATION': 3}",8,SEARCH_NEVER_SELECTED,75,r101_21,121.0,6,68.76458411837923,0,0
dd47b9d5bb12c2f1d92f41ffbf742ac907a0cd7f07f8de6cf7c86fbafbdc4e51,COORDINATED_MPC_MCTS,96,fixed_reference,5,0.5,1,C32,65.0,"{'BATTERY': 62, 'TIME_WINDOW': 38}",6,SEARCH_NEVER_SELECTED,97,r101_21,35.0,5,0.0,0,1
dd47b9d5bb12c2f1d92f41ffbf742ac907a0cd7f07f8de6cf7c86fbafbdc4e51,COORDINATED_MPC_MCTS,96,fixed_reference,5,0.5,6,C33,64.0,"{'BATTERY': 48, 'TIME_WINDOW': 46}",9,SEARCH_NEVER_SELECTED,97,r101_21,35.0,3,0.0,0,0
dd47b9d5bb12c2f1d92f41ffbf742ac907a0cd7f07f8de6cf7c86fbafbdc4e51,COORDINATED_MPC_MCTS,96,fixed_reference,5,0.5,0,C34,92.0,"{'BATTERY': 73, 'TIME_WINDOW': 18, 'UNREACHABLE_SAFE_CONTINUATION': 8}",3,CANDIDATE_PRUNED_REPEATEDLY,97,r101_21,27.48564570508968,3,3.962804370612502,0,0
dd47b9d5bb12c2f1d92f41ffbf742ac907a0cd7f07f8de6cf7c86fbafbdc4e51,COORDINATED_MPC_MCTS,96,fixed_reference,5,0.5,1,C35,135.0,"{'BATTERY': 76, 'TIME_WINDOW': 13, 'UNREACHABLE_SAFE_CONTINUATION': 1}",13,SEARCH_NEVER_SELECTED,97,r101_21,92.01854691600147,12,0.0,0,0
dd47b9d5bb12c2f1d92f41ffbf742ac907a0cd7f07f8de6cf7c86fbafbdc4e51,COORDINATED_MPC_MCTS,96,fixed_reference,5,0.5,1,C36,88.0,"{'BATTERY': 48, 'TIME_WINDOW': 31}",1,SEARCH_NEVER_SELECTED,77,r101_21,60.0,0,57.66181643440981,0,0
dd47b9d5bb12c2f1d92f41ffbf742ac907a0cd7f07f8de6cf7c86fbafbdc4e51,COORDINATED_MPC_MCTS,96,fixed_reference,5,0.5,3,C38,73.0,"{'BATTERY': 47, 'TIME_WINDOW': 41, 'UNREACHABLE_SAFE_CONTINUATION': 4}",11,SEARCH_NEVER_SELECTED,97,r101_21,54.02449729157663,8,0.0,1,1
dd47b9d5bb12c2f1d92f41ffbf742ac907a0cd7f07f8de6cf7c86fbafbdc4e51,COORDINATED_MPC_MCTS,96,fixed_reference,5,0.5,10,C41,191.0,"{'BATTERY': 26, 'TIME_WINDOW': 23, 'UNREACHABLE_SAFE_CONTINUATION': 12}",14,SEARCH_NEVER_SELECTED,73,r101_21,150.0,4,70.61335468072002,0,0
dd47b9d5bb12c2f1d92f41ffbf742ac907a0cd7f07f8de6cf7c86fbafbdc4e51,COORDINATED_MPC_MCTS,96,fixed_reference,5,0.5,4,C47,166.0,"{'BATTERY': 38, 'TIME_WINDOW': 21, 'UNREACHABLE_SAFE_CONTINUATION': 2}",10,SEARCH_NEVER_SELECTED,70,r101_21,135.6155281280883,6,86.58171190101947,0,0
dd47b9d5bb12c2f1d92f41ffbf742ac907a0cd7f07f8de6cf7c86fbafbdc4e51,COORDINATED_MPC_MCTS,96,fixed_reference,5,0.5,4,C49,162.0,"{'BATTERY': 66, 'TIME_WINDOW': 11, 'UNREACHABLE_SAFE_CONTINUATION': 7}",20,SEARCH_NEVER_SELECTED,97,r101_21,121.0,16,0.0,0,0
dd47b9d5bb12c2f1d92f41ffbf742ac907a0cd7f07f8de6cf7c86fbafbdc4e51,COORDINATED_MPC_MCTS,96,fixed_reference,5,0.5,4,C50,128.0,"{'BATTERY': 38, 'TIME_WINDOW': 40, 'UNREACHABLE_SAFE_CONTINUATION': 4}",21,SEARCH_NEVER_SELECTED,97,r101_21,98.0,17,0.0,2,2
dd47b9d5bb12c2f1d92f41ffbf742ac907a0cd7f07f8de6cf7c86fbafbdc4e51,COORDINATED_MPC_MCTS,96,fixed_reference,5,0.5,6,C51,188.0,"{'BATTERY': 54, 'TIME_WINDOW': 18}",30,SEARCH_NEVER_SELECTED,97,r101_21,161.9758619238165,24,0.0,0,4
dd47b9d5bb12c2f1d92f41ffbf742ac907a0cd7f07f8de6cf7c86fbafbdc4e51,COORDINATED_MPC_MCTS,96,fixed_reference,5,0.5,4,C63,142.0,"{'BATTERY': 60, 'TIME_WINDOW': 20, 'UNREACHABLE_SAFE_CONTINUATION': 3}",20,SEARCH_NEVER_SELECTED,97,r101_21,110.29752838624525,16,0.0,1,2
dd47b9d5bb12c2f1d92f41ffbf742ac907a0cd7f07f8de6cf7c86fbafbdc4e51,COORDINATED_MPC_MCTS,96,fixed_reference,5,0.5,0,C64,121.0,"{'BATTERY': 70, 'TIME_WINDOW': 16, 'UNREACHABLE_SAFE_CONTINUATION': 6}",2,CANDIDATE_PRUNED_REPEATEDLY,91,r101_21,74.57431429126582,2,27.28601171708884,0,0
dd47b9d5bb12c2f1d92f41ffbf742ac907a0cd7f07f8de6cf7c86fbafbdc4e51,COORDINATED_MPC_MCTS,96,fixed_reference,5,0.5,0,C65,78.0,"{'BATTERY': 96, 'TIME_WINDOW': 6, 'UNREACHABLE_SAFE_CONTINUATION': 37}",0,FLEET_CAP_REACHED,97,r101_21,,0,0.0,0,0
dd47b9d5bb12c2f1d92f41ffbf742ac907a0cd7f07f8de6cf7c86fbafbdc4e51,COORDINATED_MPC_MCTS,96,fixed_reference,5,0.5,1,C66,76.0,"{'BATTERY': 72, 'TIME_WINDOW': 28, 'UNREACHABLE_SAFE_CONTINUATION': 1}",5,SEARCH_NEVER_SELECTED,97,r101_21,35.0,4,0.0,0,0
dd47b9d5bb12c2f1d92f41ffbf742ac907a0cd7f07f8de6cf7c86fbafbdc4e51,COORDINATED_MPC_MCTS,96,fixed_reference,5,0.5,3,C67,153.0,"{'BATTERY': 58, 'TIME_WINDOW': 10, 'UNREACHABLE_SAFE_CONTINUATION': 3}",6,SEARCH_NEVER_SELECTED,75,r101_21,107.0,3,63.33974996686493,0,0
dd47b9d5bb12c2f1d92f41ffbf742ac907a0cd7f07f8de6cf7c86fbafbdc4e51,COORDINATED_MPC_MCTS,96,fixed_reference,5,0.5,2,C68,67.0,"{'BATTERY': 37, 'TIME_WINDOW': 52}",2,SEARCH_NEVER_SELECTED,88,r101_21,37.40201225042497,0,34.58667427456744,0,0
dd47b9d5bb12c2f1d92f41ffbf742ac907a0cd7f07f8de6cf7c86fbafbdc4e51,COORDINATED_MPC_MCTS,96,fixed_reference,5,0.5,6,C70,59.0,"{'BATTERY': 40, 'TIME_WINDOW': 55}",7,SEARCH_NEVER_SELECTED,97,r101_21,35.0,1,2.805264497927281,0,2
dd47b9d5bb12c2f1d92f41ffbf742ac907a0cd7f07f8de6cf7c86fbafbdc4e51,COORDINATED_MPC_MCTS,96,fixed_reference,5,0.5,1,C71,127.0,"{'BATTERY': 76, 'TIME_WINDOW': 13, 'UNREACHABLE_SAFE_CONTINUATION': 1}",13,SEARCH_NEVER_SELECTED,97,r101_21,74.57431429126582,12,0.0,0,0
dd47b9d5bb12c2f1d92f41ffbf742ac907a0cd7f07f8de6cf7c86fbafbdc4e51,COORDINATED_MPC_MCTS,96,fixed_reference,5,0.5,0,C78,104.0,"{'BATTERY': 60, 'TIME_WINDOW': 28, 'UNREACHABLE_SAFE_CONTINUATION': 4}",11,CANDIDATE_PRUNED_REPEATEDLY,97,r101_21,55.0,11,0.0,0,0
dd47b9d5bb12c2f1d92f41ffbf742ac907a0cd7f07f8de6cf7c86fbafbdc4e51,COORDINATED_MPC_MCTS,96,fixed_reference,5,0.5,0,C79,100.0,"{'BATTERY': 48, 'TIME_WINDOW': 36, 'UNREACHABLE_SAFE_CONTINUATION': 4}",3,CANDIDATE_PRUNED_REPEATEDLY,88,r101_21,55.0,3,33.74673354817689,0,0
dd47b9d5bb12c2f1d92f41ffbf742ac907a0cd7f07f8de6cf7c86fbafbdc4e51,COORDINATED_MPC_MCTS,96,fixed_reference,5,0.5,7,C80,118.0,"{'BATTERY': 38, 'TIME_WINDOW': 38, 'UNREACHABLE_SAFE_CONTINUATION': 3}",24,SEARCH_NEVER_SELECTED,97,r101_21,98.07785657866658,17,0.0,2,9
dd47b9d5bb12c2f1d92f41ffbf742ac907a0cd7f07f8de6cf7c86fbafbdc4e51,COORDINATED_MPC_MCTS,96,fixed_reference,5,0.5,0,C81,44.0,"{'BATTERY': 54, 'TIME_WINDOW': 49}",3,CANDIDATE_PRUNED_REPEATEDLY,97,r101_21,2.805264497927281,3,0.0,0,0
dd47b9d5bb12c2f1d92f41ffbf742ac907a0cd7f07f8de6cf7c86fbafbdc4e51,COORDINATED_MPC_MCTS,96,fixed_reference,5,0.5,5,C90,79.0,"{'BATTERY': 55, 'TIME_WINDOW': 33, 'UNREACHABLE_SAFE_CONTINUATION': 1}",14,SEARCH_NEVER_SELECTED,97,r101_21,54.21954445729288,9,0.0,1,1
9ba38778babd1887731004e558e8c68db6fcf3e86ef96b228934ada43b15bb16,COORDINATED_MPC_MCTS,96,lazy_reserve,1,0.5,11,C36,88.0,"{'BATTERY': 173, 'TIME_WINDOW': 387}",12,SEARCH_NEVER_SELECTED,0,r101_21,71.78479288204703,1,57.66181643440981,0,0
9ba38778babd1887731004e558e8c68db6fcf3e86ef96b228934ada43b15bb16,COORDINATED_MPC_MCTS,96,lazy_reserve,1,0.5,26,C64,121.0,"{'BATTERY': 229, 'TIME_WINDOW': 237, 'UNREACHABLE_SAFE_CONTINUATION': 158}",31,SEARCH_NEVER_SELECTED,0,r101_21,94.72522352021029,5,27.28601171708884,1,9
9ba38778babd1887731004e558e8c68db6fcf3e86ef96b228934ada43b15bb16,COORDINATED_MPC_MCTS,96,lazy_reserve,1,0.5,7,C65,78.0,"{'BATTERY': 238, 'TIME_WINDOW': 415, 'UNREACHABLE_SAFE_CONTINUATION': 62}",7,SEARCH_NEVER_SELECTED,0,r101_21,49.6129531613607,0,0.0,1,4
914b7a02e84ab845f3511ef50e64f65ece2f5335c0a1765973ca1fbdf55b24c0,COORDINATED_MPC_MCTS,96,lazy_reserve,3,0.5,25,C39,60.0,"{'BATTERY': 477, 'TIME_WINDOW': 1102}",49,SEARCH_NEVER_SELECTED,0,r101_21,42.75065452844574,24,6.528796955597951,1,0
914b7a02e84ab845f3511ef50e64f65ece2f5335c0a1765973ca1fbdf55b24c0,COORDINATED_MPC_MCTS,96,lazy_reserve,3,0.5,4,C56,68.0,"{'BATTERY': 360, 'TIME_WINDOW': 1037}",4,SEARCH_NEVER_SELECTED,0,r101_21,49.6129531613607,0,47.015302943847345,0,0
914b7a02e84ab845f3511ef50e64f65ece2f5335c0a1765973ca1fbdf55b24c0,COORDINATED_MPC_MCTS,96,lazy_reserve,3,0.5,3,C65,78.0,"{'BATTERY': 898, 'TIME_WINDOW': 686, 'UNREACHABLE_SAFE_CONTINUATION': 69}",4,SEARCH_NEVER_SELECTED,0,r101_21,50.36514118279149,1,0.0,1,0
914b7a02e84ab845f3511ef50e64f65ece2f5335c0a1765973ca1fbdf55b24c0,COORDINATED_MPC_MCTS,96,lazy_reserve,3,0.5,41,C66,76.0,"{'BATTERY': 396, 'TIME_WINDOW': 1140, 'UNREACHABLE_SAFE_CONTINUATION': 18}",89,SEARCH_NEVER_SELECTED,0,r101_21,57.66181643440981,48,0.0,1,0
914b7a02e84ab845f3511ef50e64f65ece2f5335c0a1765973ca1fbdf55b24c0,COORDINATED_MPC_MCTS,96,lazy_reserve,3,0.5,32,C67,153.0,"{'BATTERY': 500, 'TIME_WINDOW': 421, 'UNREACHABLE_SAFE_CONTINUATION': 94}",64,SEARCH_NEVER_SELECTED,0,r101_21,139.0,32,63.33974996686493,1,0
8a5c5f610259e6c97b004dc147f489ba7add6a9b40427865cf4ccf4be8f2e477,COORDINATED_MPC_MCTS,96,fixed_reference,5,0.5,4,C1,102.0,"{'BATTERY': 1, 'TIME_WINDOW': 50}",4,SEARCH_NEVER_SELECTED,54,r201_21,60.6666177663307,0,2.750987545537619,0,0
8a5c5f610259e6c97b004dc147f489ba7add6a9b40427865cf4ccf4be8f2e477,COORDINATED_MPC_MCTS,96,fixed_reference,5,0.5,3,C2,166.0,"{'BATTERY': 3, 'TIME_WINDOW': 45}",7,SEARCH_NEVER_SELECTED,54,r201_21,144.0,4,16.866283063298408,0,2
8a5c5f610259e6c97b004dc147f489ba7add6a9b40427865cf4ccf4be8f2e477,COORDINATED_MPC_MCTS,96,fixed_reference,5,0.5,5,C7,110.0,"{'BATTERY': 1, 'TIME_WINDOW': 50}",5,SEARCH_NEVER_SELECTED,54,r201_21,60.6666177663307,0,0.0,0,1
8a5c5f610259e6c97b004dc147f489ba7add6a9b40427865cf4ccf4be8f2e477,COORDINATED_MPC_MCTS,96,fixed_reference,5,0.5,1,C8,195.0,"{'BATTERY': 2, 'TIME_WINDOW': 46}",7,SEARCH_NEVER_SELECTED,54,r201_21,144.0,6,12.115378824006067,0,0
8a5c5f610259e6c97b004dc147f489ba7add6a9b40427865cf4ccf4be8f2e477,COORDINATED_MPC_MCTS,96,fixed_reference,5,0.5,10,C9,700.0,"{'BATTERY': 4, 'TIME_WINDOW': 27}",16,SEARCH_NEVER_SELECTED,47,r201_21,656.3722538827378,6,266.84112379782783,4,9
8a5c5f610259e6c97b004dc147f489ba7add6a9b40427865cf4ccf4be8f2e477,COORDINATED_MPC_MCTS,96,fixed_reference,5,0.5,8,C11,821.0,"{'BATTERY': 1, 'TIME_WINDOW': 21}",21,SEARCH_NEVER_SELECTED,43,r201_21,807.1681298053637,13,467.47226876034205,1,5
8a5c5f610259e6c97b004dc147f489ba7add6a9b40427865cf4ccf4be8f2e477,COORDINATED_MPC_MCTS,96,fixed_reference,5,0.5,3,C13,133.0,"{'BATTERY': 2, 'TIME_WINDOW': 48}",5,SEARCH_NEVER_SELECTED,54,r201_21,111.0,2,3.2366570837613025,0,1
8a5c5f610259e6c97b004dc147f489ba7add6a9b40427865cf4ccf4be8f2e477,COORDINATED_MPC_MCTS,96,fixed_reference,5,0.5,1,C14,304.0,"{'BATTERY': 1, 'TIME_WINDOW': 47}",8,SEARCH_NEVER_SELECTED,54,r201_21,144.0,7,0.0,0,1
8a5c5f610259e6c97b004dc147f489ba7add6a9b40427865cf4ccf4be8f2e477,COORDINATED_MPC_MCTS,96,fixed_reference,5,0.5,1,C18,513.0,"{'BATTERY': 1, 'TIME_WINDOW': 43}",12,SEARCH_NEVER_SELECTED,54,r201_21,413.0990195135928,11,0.0,0,2
8a5c5f610259e6c97b004dc147f489ba7add6a9b40427865cf4ccf4be8f2e477,COORDINATED_MPC_MCTS,96,fixed_reference,5,0.5,2,C19,363.0,"{'BATTERY': 1, 'TIME_WINDOW': 45}",10,SEARCH_NEVER_SELECTED,54,r201_21,327.5440037453175,8,0.0,0,0
8a5c5f610259e6c97b004dc147f489ba7add6a9b40427865cf4ccf4be8f2e477,COORDINATED_MPC_MCTS,96,fixed_reference,5,0.5,1,C21,213.0,"{'BATTERY': 4, 'TIME_WINDOW': 44}",8,SEARCH_NEVER_SELECTED,54,r201_21,144.0,7,0.0,0,1
8a5c5f610259e6c97b004dc147f489ba7add6a9b40427865cf4ccf4be8f2e477,COORDINATED_MPC_MCTS,96,fixed_reference,5,0.5,0,C23,274.0,"{'BATTERY': 9, 'TIME_WINDOW': 39}",8,CANDIDATE_PRUNED_REPEATEDLY,54,r201_21,144.0,8,0.0,1,1
8a5c5f610259e6c97b004dc147f489ba7add6a9b40427865cf4ccf4be8f2e477,COORDINATED_MPC_MCTS,96,fixed_reference,5,0.5,3,C25,183.0,"{'BATTERY': 8, 'TIME_WINDOW': 40}",4,SEARCH_NEVER_SELECTED,51,r201_21,144.0,1,53.70243116122113,0,0
8a5c5f610259e6c97b004dc147f489ba7add6a9b40427865cf4ccf4be8f2e477,COORDINATED_MPC_MCTS,96,fixed_reference,5,0.5,5,C28,495.0,"{'BATTERY': 1, 'TIME_WINDOW': 43}",12,SEARCH_NEVER_SELECTED,54,r201_21,413.0990195135928,7,0.0,0,2
8a5c5f610259e6c97b004dc147f489ba7add6a9b40427865cf4ccf4be8f2e477,COORDINATED_MPC_MCTS,96,fixed_reference,5,0.5,5,C30,628.0,"{'BATTERY': 1, 'TIME_WINDOW': 37}",17,SEARCH_NEVER_SELECTED,54,r201_21,585.0,12,0.0,0,0
8a5c5f610259e6c97b004dc147f489ba7add6a9b40427865cf4ccf4be8f2e477,COORDINATED_MPC_MCTS,96,fixed_reference,5,0.5,0,C32,547.0,"{'BATTERY': 2, 'TIME_WINDOW': 42}",2,CANDIDATE_PRUNED_REPEATEDLY,45,r201_21,413.0990195135928,2,355.2053795520439,0,0
8a5c5f610259e6c97b004dc147f489ba7add6a9b40427865cf4ccf4be8f2e477,COORDINATED_MPC_MCTS,96,fixed_reference,5,0.5,1,C33,409.0,"{'BATTERY': 3, 'TIME_WINDOW': 43}",5,SEARCH_NEVER_SELECTED,50,r201_21,327.5440037453175,4,109.68241015439706,1,1
8a5c5f610259e6c97b004dc147f489ba7add6a9b40427865cf4ccf4be8f2e477,COORDINATED_MPC_MCTS,96,fixed_reference,5,0.5,3,C34,191.0,"{'BATTERY': 4, 'TIME_WINDOW': 44}",8,SEARCH_NEVER_SELECTED,54,r201_21,144.0,5,0.0,0,0
8a5c5f610259e6c97b004dc147f489ba7add6a9b40427865cf4ccf4be8f2e477,COORDINATED_MPC_MCTS,96,fixed_reference,5,0.5,10,C35,894.0,"{'BATTERY': 5, 'TIME_WINDOW': 10, 'UNREACHABLE_SAFE_CONTINUATION': 1}",39,SEARCH_NEVER_SELECTED,54,r201_21,850.0252895157403,29,0.0,3,11
8a5c5f610259e6c97b004dc147f489ba7add6a9b40427865cf4ccf4be8f2e477,COORDINATED_MPC_MCTS,96,fixed_reference,5,0.5,9,C38,733.0,"{'BATTERY': 3, 'TIME_WINDOW': 25}",26,SEARCH_NEVER_SELECTED,54,r201_21,683.0085467852278,17,3.9789480576511864,0,4
8a5c5f610259e6c97b004dc147f489ba7add6a9b40427865cf4ccf4be8f2e477,COORDINATED_MPC_MCTS,96,fixed_reference,5,0.5,1,C39,440.0,"{'BATTERY': 8, 'TIME_WINDOW': 37}",8,SEARCH_NEVER_SELECTED,52,r201_21,398.0,7,35.47521039653465,0,0
8a5c5f610259e6c97b004dc147f489ba7add6a9b40427865cf4ccf4be8f2e477,COORDINATED_MPC_MCTS,96,fixed_reference,5,0.5,1,C42,123.0,"{'BATTERY': 2, 'TIME_WINDOW': 49}",5,SEARCH_NEVER_SELECTED,54,r201_21,60.6666177663307,4,0.0,0,0
8a5c5f610259e6c97b004dc147f489ba7add6a9b40427865cf4ccf4be8f2e477,COORDINATED_MPC_MCTS,96,fixed_reference,5,0.5,0,C43,559.0,"{'BATTERY': 4, 'TIME_WINDOW': 40}",4,CANDIDATE_PRUNED_REPEATEDLY,47,r201_21,413.0990195135928,4,240.9332503622578,0,2
8a5c5f610259e6c97b004dc147f489ba7add6a9b40427865cf4ccf4be8f2e477,COORDINATED_MPC_MCTS,96,fixed_reference,5,0.5,1,C46,194.0,"{'BATTERY': 2, 'TIME_WINDOW': 46}",8,SEARCH_NEVER_SELECTED,54,r201_21,144.0,7,0.0,0,0
8a5c5f610259e6c97b004dc147f489ba7add6a9b40427865cf4ccf4be8f2e477,COORDINATED_MPC_MCTS,96,fixed_reference,5,0.5,0,C48,558.0,"{'BATTERY': 2, 'TIME_WINDOW': 42}",12,CANDIDATE_PRUNED_REPEATEDLY,54,r201_21,413.0990195135928,12,0.0,0,2
8a5c5f610259e6c97b004dc147f489ba7add6a9b40427865cf4ccf4be8f2e477,COORDINATED_MPC_MCTS,96,fixed_reference,5,0.5,2,C50,599.0,"{'BATTERY': 1, 'TIME_WINDOW': 41}",3,SEARCH_NEVER_SELECTED,44,r201_21,566.0,1,403.9766607979973,0,0
8a5c5f610259e6c97b004dc147f489ba7add6a9b40427865cf4ccf4be8f2e477,COORDINATED_MPC_MCTS,96,fixed_reference,5,0.5,1,C54,144.0,"{'BATTERY': 5, 'TIME_WINDOW': 46}",5,SEARCH_NEVER_SELECTED,54,r201_21,60.6666177663307,4,0.0,0,0
8a5c5f610259e6c97b004dc147f489ba7add6a9b40427865cf4ccf4be8f2e477,COORDINATED_MPC_MCTS,96,fixed_reference,5,0.5,0,C55,590.0,"{'BATTERY': 7, 'TIME_WINDOW': 37}",4,CANDIDATE_PRUNED_REPEATEDLY,47,r201_21,413.0990195135928,4,190.16335527003434,0,0
8a5c5f610259e6c97b004dc147f489ba7add6a9b40427865cf4ccf4be8f2e477,COORDINATED_MPC_MCTS,96,fixed_reference,5,0.5,3,C57,587.0,"{'BATTERY': 4, 'TIME_WINDOW': 37}",14,SEARCH_NEVER_SELECTED,54,r201_21,566.0,11,0.0,7,12
8a5c5f610259e6c97b004dc147f489ba7add6a9b40427865cf4ccf4be8f2e477,COORDINATED_MPC_MCTS,96,fixed_reference,5,0.5,0,C61,551.0,"{'BATTERY': 1, 'TIME_WINDOW': 43}",4,CANDIDATE_PRUNED_REPEATEDLY,47,r201_21,413.0990195135928,4,216.6653300683536,0,0
8a5c5f610259e6c97b004dc147f489ba7add6a9b40427865cf4ccf4be8f2e477,COORDINATED_MPC_MCTS,96,fixed_reference,5,0.5,3,C65,215.0,"{'BATTERY': 5, 'TIME_WINDOW': 43}",3,SEARCH_NEVER_SELECTED,50,r201_21,144.0,0,109.27411711779708,0,0
8a5c5f610259e6c97b004dc147f489ba7add6a9b40427865cf4ccf4be8f2e477,COORDINATED_MPC_MCTS,96,fixed_reference,5,0.5,6,C66,752.0,"{'BATTERY': 4, 'TIME_WINDOW': 24}",26,SEARCH_NEVER_SELECTED,54,r201_21,683.0085467852278,20,11.257556220077376,6,11
8a5c5f610259e6c97b004dc147f489ba7add6a9b40427865cf4ccf4be8f2e477,COORDINATED_MPC_MCTS,96,fixed_reference,5,0.5,2,C67,199.0,"{'BATTERY': 9, 'TIME_WINDOW': 39}",8,SEARCH_NEVER_SELECTED,54,r201_21,144.0,6,0.0,1,1
8a5c5f610259e6c97b004dc147f489ba7add6a9b40427865cf4ccf4be8f2e477,COORDINATED_MPC_MCTS,96,fixed_reference,5,0.5,2,C68,466.0,"{'BATTERY': 4, 'TIME_WINDOW': 40}",12,SEARCH_NEVER_SELECTED,54,r201_21,413.0990195135928,10,0.0,1,1
8a5c5f610259e6c97b004dc147f489ba7add6a9b40427865cf4ccf4be8f2e477,COORDINATED_MPC_MCTS,96,fixed_reference,5,0.5,2,C69,592.0,"{'BATTERY': 1, 'TIME_WINDOW': 41}",4,SEARCH_NEVER_SELECTED,45,r201_21,566.0,2,346.2936943544708,0,1
8a5c5f610259e6c97b004dc147f489ba7add6a9b40427865cf4ccf4be8f2e477,COORDINATED_MPC_MCTS,96,fixed_reference,5,0.5,4,C70,120.0,"{'BATTERY': 1, 'TIME_WINDOW': 50}",4,SEARCH_NEVER_SELECTED,54,r201_21,60.6666177663307,0,20.480124533354225,0,0
8a5c5f610259e6c97b004dc147f489ba7add6a9b40427865cf4ccf4be8f2e477,COORDINATED_MPC_MCTS,96,fixed_reference,5,0.5,6,C71,796.0,"{'BATTERY': 5, 'TIME_WINDOW': 20}",30,SEARCH_NEVER_SELECTED,54,r201_21,764.8571409625567,24,0.0,3,9
8a5c5f610259e6c97b004dc147f489ba7add6a9b40427865cf4ccf4be8f2e477,COORDINATED_MPC_MCTS,96,fixed_reference,5,0.5,0,C72,252.0,"{'BATTERY': 6, 'TIME_WINDOW': 42}",5,CANDIDATE_PRUNED_REPEATEDLY,52,r201_21,144.0,5,33.41270823187525,0,2
8a5c5f610259e6c97b004dc147f489ba7add6a9b40427865cf4ccf4be8f2e477,COORDINATED_MPC_MCTS,96,fixed_reference,5,0.5,0,C74,549.0,"{'BATTERY': 7, 'TIME_WINDOW': 37}",2,CANDIDATE_PRUNED_REPEATEDLY,45,r201_21,413.0990195135928,2,386.9545984630409,0,0
8a5c5f610259e6c97b004dc147f489ba7add6a9b40427865cf4ccf4be8f2e477,COORDINATED_MPC_MCTS,96,fixed_reference,5,0.5,7,C75,635.0,"{'BATTERY': 8, 'TIME_WINDOW': 28}",19,SEARCH_NEVER_SELECTED,54,r201_21,601.0827625302982,12,0.0,1,6
8a5c5f610259e6c97b004dc147f489ba7add6a9b40427865cf4ccf4be8f2e477,COORDINATED_MPC_MCTS,96,fixed_reference,5,0.5,2,C76,350.0,"{'BATTERY': 1, 'TIME_WINDOW': 45}",2,SEARCH_NEVER_SELECTED,47,r201_21,327.5440037453175,0,213.421571276887,1,1
8a5c5f610259e6c97b004dc147f489ba7add6a9b40427865cf4ccf4be8f2e477,COORDINATED_MPC_MCTS,96,fixed_reference,5,0.5,0,C77,224.0,"{'BATTERY': 4, 'TIME_WINDOW': 44}",3,CANDIDATE_PRUNED_REPEATEDLY,50,r201_21,144.0,3,67.16375924598123,0,0
8a5c5f610259e6c97b004dc147f489ba7add6a9b40427865cf4ccf4be8f2e477,COORDINATED_MPC_MCTS,96,fixed_reference,5,0.5,2,C78,408.0,"{'BATTERY': 4, 'TIME_WINDOW': 42}",10,SEARCH_NEVER_SELECTED,54,r201_21,327.5440037453175,8,0.0,1,1
8a5c5f610259e6c97b004dc147f489ba7add6a9b40427865cf4ccf4be8f2e477,COORDINATED_MPC_MCTS,96,fixed_reference,5,0.5,1,C79,149.0,"{'BATTERY': 4, 'TIME_WINDOW': 47}",4,SEARCH_NEVER_SELECTED,54,r201_21,60.6666177663307,3,7.817607089876063,0,0
8a5c5f610259e6c97b004dc147f489ba7add6a9b40427865cf4ccf4be8f2e477,COORDINATED_MPC_MCTS,96,fixed_reference,5,0.5,3,C80,184.0,"{'BATTERY': 4, 'TIME_WINDOW': 44}",8,SEARCH_NEVER_SELECTED,54,r201_21,144.0,5,0.0,0,2
8a5c5f610259e6c97b004dc147f489ba7add6a9b40427865cf4ccf4be8f2e477,COORDINATED_MPC_MCTS,96,fixed_reference,5,0.5,4,C81,138.0,"{'BATTERY': 4, 'TIME_WINDOW': 47}",5,SEARCH_NEVER_SELECTED,54,r201_21,60.6666177663307,1,0.0,0,0
8a5c5f610259e6c97b004dc147f489ba7add6a9b40427865cf4ccf4be8f2e477,COORDINATED_MPC_MCTS,96,fixed_reference,5,0.5,12,C82,803.0,"{'BATTERY': 2, 'TIME_WINDOW': 22}",31,SEARCH_NEVER_SELECTED,54,r201_21,764.8571409625567,19,0.0,0,9
8a5c5f610259e6c97b004dc147f489ba7add6a9b40427865cf4ccf4be8f2e477,COORDINATED_MPC_MCTS,96,fixed_reference,5,0.5,3,C84,448.0,"{'BATTERY': 1, 'TIME_WINDOW': 43}",12,SEARCH_NEVER_SELECTED,54,r201_21,413.0990195135928,9,0.0,0,1
8a5c5f610259e6c97b004dc147f489ba7add6a9b40427865cf4ccf4be8f2e477,COORDINATED_MPC_MCTS,96,fixed_reference,5,0.5,10,C87,568.0,"{'BATTERY': 1, 'TIME_WINDOW': 43}",12,SEARCH_NEVER_SELECTED,54,r201_21,413.0990195135928,2,0.0,5,11
8a5c5f610259e6c97b004dc147f489ba7add6a9b40427865cf4ccf4be8f2e477,COORDINATED_MPC_MCTS,96,fixed_reference,5,0.5,3,C88,464.0,"{'BATTERY': 1, 'TIME_WINDOW': 43}",12,SEARCH_NEVER_SELECTED,54,r201_21,413.0990195135928,9,0.0,0,2
8a5c5f610259e6c97b004dc147f489ba7add6a9b40427865cf4ccf4be8f2e477,COORDINATED_MPC_MCTS,96,fixed_reference,5,0.5,5,C90,636.0,"{'BATTERY': 1, 'TIME_WINDOW': 37}",7,SEARCH_NEVER_SELECTED,45,r201_21,585.0,2,393.72375091510327,0,2
8a5c5f610259e6c97b004dc147f489ba7add6a9b40427865cf4ccf4be8f2e477,COORDINATED_MPC_MCTS,96,fixed_reference,5,0.5,2,C92,399.0,"{'BATTERY': 1, 'TIME_WINDOW': 45}",3,SEARCH_NEVER_SELECTED,48,r201_21,327.5440037453175,1,136.042811989049,0,1
8a5c5f610259e6c97b004dc147f489ba7add6a9b40427865cf4ccf4be8f2e477,COORDINATED_MPC_MCTS,96,fixed_reference,5,0.5,0,C98,541.0,"{'BATTERY': 1, 'TIME_WINDOW': 43}",4,CANDIDATE_PRUNED_REPEATEDLY,47,r201_21,413.0990195135928,4,239.7782011522797,0,1
242ad6f00f814c0111da637b5e00a8e521069fe63cefa99075219dca15f57f05,COORDINATED_MPC_MCTS,96,lazy_reserve,5,0.0,43,C58,92.0,"{'BATTERY': 250, 'TIME_WINDOW': 1112, 'UNREACHABLE_SAFE_CONTINUATION': 5}",62,SEARCH_NEVER_SELECTED,0,rc101_21,72.42640687119285,19,0.0,1,3
242ad6f00f814c0111da637b5e00a8e521069fe63cefa99075219dca15f57f05,COORDINATED_MPC_MCTS,96,lazy_reserve,5,0.0,8,C75,95.0,"{'BATTERY': 281, 'TIME_WINDOW': 1106, 'UNREACHABLE_SAFE_CONTINUATION': 52}",15,SEARCH_NEVER_SELECTED,0,rc101_21,56.36486298086906,7,0.0,1,0
242ad6f00f814c0111da637b5e00a8e521069fe63cefa99075219dca15f57f05,COORDINATED_MPC_MCTS,96,lazy_reserve,5,0.0,78,C89,159.0,"{'BATTERY': 300, 'TIME_WINDOW': 751, 'UNREACHABLE_SAFE_CONTINUATION': 63}",243,SEARCH_NEVER_SELECTED,0,rc101_21,133.0,165,0.0,2,0
b2612a70835415d3468ba01a3b88ddc90ba11cea4ab1a7864e8388a36e347947,COORDINATED_MPC_MCTS,96,fixed_reference,5,0.5,0,C26,133.0,"{'BATTERY': 78, 'TIME_WINDOW': 11, 'UNREACHABLE_SAFE_CONTINUATION': 2}",1,CANDIDATE_PRUNED_REPEATEDLY,89,rc101_21,60.0,1,59.592372917530255,0,0
b2612a70835415d3468ba01a3b88ddc90ba11cea4ab1a7864e8388a36e347947,COORDINATED_MPC_MCTS,96,fixed_reference,5,0.5,0,C27,172.0,"{'BATTERY': 86, 'TIME_WINDOW': 12, 'UNREACHABLE_SAFE_CONTINUATION': 8}",12,CANDIDATE_PRUNED_REPEATEDLY,110,rc101_21,86.0,12,0.0,0,1
b2612a70835415d3468ba01a3b88ddc90ba11cea4ab1a7864e8388a36e347947,COORDINATED_MPC_MCTS,96,fixed_reference,5,0.5,0,C28,174.0,"{'BATTERY': 74, 'TIME_WINDOW': 11, 'UNREACHABLE_SAFE_CONTINUATION': 2}",1,CANDIDATE_PRUNED_REPEATEDLY,85,rc101_21,86.0,1,65.80944609263824,0,0
b2612a70835415d3468ba01a3b88ddc90ba11cea4ab1a7864e8388a36e347947,COORDINATED_MPC_MCTS,96,fixed_reference,5,0.5,0,C29,158.0,"{'BATTERY': 83, 'TIME_WINDOW': 12, 'UNREACHABLE_SAFE_CONTINUATION': 8}",15,CANDIDATE_PRUNED_REPEATEDLY,110,rc101_21,86.0,15,0.0,1,4
b2612a70835415d3468ba01a3b88ddc90ba11cea4ab1a7864e8388a36e347947,COORDINATED_MPC_MCTS,96,fixed_reference,5,0.5,0,C30,159.0,"{'BATTERY': 83, 'TIME_WINDOW': 12, 'UNREACHABLE_SAFE_CONTINUATION': 9}",14,CANDIDATE_PRUNED_REPEATEDLY,110,rc101_21,86.0,14,0.0,1,1
b2612a70835415d3468ba01a3b88ddc90ba11cea4ab1a7864e8388a36e347947,COORDINATED_MPC_MCTS,96,fixed_reference,5,0.5,3,C31,132.0,"{'BATTERY': 81, 'TIME_WINDOW': 13, 'UNREACHABLE_SAFE_CONTINUATION': 7}",17,SEARCH_NEVER_SELECTED,110,rc101_21,86.0,14,0.0,2,5
b2612a70835415d3468ba01a3b88ddc90ba11cea4ab1a7864e8388a36e347947,COORDINATED_MPC_MCTS,96,fixed_reference,5,0.5,3,C32,97.0,"{'BATTERY': 77, 'TIME_WINDOW': 20}",3,SEARCH_NEVER_SELECTED,96,rc101_21,60.0,0,48.24703603385894,0,2
b2612a70835415d3468ba01a3b88ddc90ba11cea4ab1a7864e8388a36e347947,COORDINATED_MPC_MCTS,96,fixed_reference,5,0.5,2,C33,129.0,"{'BATTERY': 81, 'TIME_WINDOW': 12, 'UNREACHABLE_SAFE_CONTINUATION': 10}",15,SEARCH_NEVER_SELECTED,110,rc101_21,86.0,13,0.0,2,6
b2612a70835415d3468ba01a3b88ddc90ba11cea4ab1a7864e8388a36e347947,COORDINATED_MPC_MCTS,96,fixed_reference,5,0.5,1,C34,182.0,"{'BATTERY': 75, 'TIME_WINDOW': 16, 'UNREACHABLE_SAFE_CONTINUATION': 10}",15,SEARCH_NEVER_SELECTED,110,rc101_21,86.0,14,1.030323858199285,0,2
b2612a70835415d3468ba01a3b88ddc90ba11cea4ab1a7864e8388a36e347947,COORDINATED_MPC_MCTS,96,fixed_reference,5,0.5,9,C35,185.0,"{'BATTERY': 62, 'TIME_WINDOW': 15, 'UNREACHABLE_SAFE_CONTINUATION': 13}",24,SEARCH_NEVER_SELECTED,110,rc101_21,129.07106781186548,15,19.361470462897433,4,8
b2612a70835415d3468ba01a3b88ddc90ba11cea4ab1a7864e8388a36e347947,COORDINATED_MPC_MCTS,96,fixed_reference,5,0.5,8,C50,189.0,"{'BATTERY': 58, 'TIME_WINDOW': 19, 'UNREACHABLE_SAFE_CONTINUATION': 5}",36,SEARCH_NEVER_SELECTED,110,rc101_21,150.0,28,0.0,3,9
b2612a70835415d3468ba01a3b88ddc90ba11cea4ab1a7864e8388a36e347947,COORDINATED_MPC_MCTS,96,fixed_reference,5,0.5,16,C51,179.0,"{'BATTERY': 50, 'TIME_WINDOW': 18, 'UNREACHABLE_SAFE_CONTINUATION': 5}",44,SEARCH_NEVER_SELECTED,110,rc101_21,150.0,28,0.0,0,3
b2612a70835415d3468ba01a3b88ddc90ba11cea4ab1a7864e8388a36e347947,COORDINATED_MPC_MCTS,96,fixed_reference,5,0.5,8,C58,92.0,"{'BATTERY': 55, 'TIME_WINDOW': 43, 'UNREACHABLE_SAFE_CONTINUATION': 3}",18,SEARCH_NEVER_SELECTED,110,rc101_21,68.0,10,0.0,0,1
b2612a70835415d3468ba01a3b88ddc90ba11cea4ab1a7864e8388a36e347947,COORDINATED_MPC_MCTS,96,fixed_reference,5,0.5,9,C63,91.0,"{'BATTERY': 60, 'TIME_WINDOW': 40, 'UNREACHABLE_SAFE_CONTINUATION': 1}",17,SEARCH_NEVER_SELECTED,110,rc101_21,75.16552506059644,8,0.0,1,3
b2612a70835415d3468ba01a3b88ddc90ba11cea4ab1a7864e8388a36e347947,COORDINATED_MPC_MCTS,96,fixed_reference,5,0.5,4,C72,136.0,"{'BATTERY': 42, 'TIME_WINDOW': 33, 'UNREACHABLE_SAFE_CONTINUATION': 1}",5,SEARCH_NEVER_SELECTED,78,rc101_21,112.0,1,78.43404188370492,0,0
b2612a70835415d3468ba01a3b88ddc90ba11cea4ab1a7864e8388a36e347947,COORDINATED_MPC_MCTS,96,fixed_reference,5,0.5,3,C73,125.0,"{'BATTERY': 36, 'TIME_WINDOW': 35}",3,SEARCH_NEVER_SELECTED,71,rc101_21,99.0,0,88.4369013940296,0,0
b2612a70835415d3468ba01a3b88ddc90ba11cea4ab1a7864e8388a36e347947,COORDINATED_MPC_MCTS,96,fixed_reference,5,0.5,4,C75,95.0,"{'BATTERY': 66, 'TIME_WINDOW': 36, 'UNREACHABLE_SAFE_CONTINUATION': 6}",6,SEARCH_NEVER_SELECTED,109,rc101_21,49.65491060496449,2,22.9315131865574,0,0
b2612a70835415d3468ba01a3b88ddc90ba11cea4ab1a7864e8388a36e347947,COORDINATED_MPC_MCTS,96,fixed_reference,5,0.5,3,C76,85.0,"{'BATTERY': 61, 'TIME_WINDOW': 37}",3,SEARCH_NEVER_SELECTED,97,rc101_21,53.0,0,46.7747316823456,0,0
b2612a70835415d3468ba01a3b88ddc90ba11cea4ab1a7864e8388a36e347947,COORDINATED_MPC_MCTS,96,fixed_reference,5,0.5,4,C77,120.0,"{'BATTERY': 53, 'TIME_WINDOW': 26}",4,SEARCH_NEVER_SELECTED,80,rc101_21,99.0,0,72.1018821881375,0,1
b2612a70835415d3468ba01a3b88ddc90ba11cea4ab1a7864e8388a36e347947,COORDINATED_MPC_MCTS,96,fixed_reference,5,0.5,4,C89,159.0,"{'BATTERY': 73, 'TIME_WINDOW': 14, 'UNREACHABLE_SAFE_CONTINUATION': 13}",19,SEARCH_NEVER_SELECTED,110,rc101_21,99.0,15,0.0,0,0
b2612a70835415d3468ba01a3b88ddc90ba11cea4ab1a7864e8388a36e347947,COORDINATED_MPC_MCTS,96,fixed_reference,5,0.5,8,C97,164.0,"{'BATTERY': 57, 'TIME_WINDOW': 18, 'UNREACHABLE_SAFE_CONTINUATION': 12}",26,SEARCH_NEVER_SELECTED,109,rc101_21,99.0,18,21.09095210699419,0,0
6a1981d4768f0505e84697e9eab3d71cac4c0ba49eed5839bba785cc8911769f,COORDINATED_MPC_MCTS,96,lazy_reserve,3,0.5,27,C27,172.0,"{'BATTERY': 376, 'TIME_WINDOW': 335, 'UNREACHABLE_SAFE_CONTINUATION': 149}",172,SEARCH_NEVER_SELECTED,0,rc101_21,143.55140649655274,145,0.0,1,1
6a1981d4768f0505e84697e9eab3d71cac4c0ba49eed5839bba785cc8911769f,COORDINATED_MPC_MCTS,96,lazy_reserve,3,0.5,27,C75,95.0,"{'BATTERY': 471, 'TIME_WINDOW': 587, 'UNREACHABLE_SAFE_CONTINUATION': 91}",43,SEARCH_NEVER_SELECTED,0,rc101_21,55.69069690051006,16,22.9315131865574,1,0
6a1981d4768f0505e84697e9eab3d71cac4c0ba49eed5839bba785cc8911769f,COORDINATED_MPC_MCTS,96,lazy_reserve,3,0.5,6,C76,85.0,"{'BATTERY': 277, 'TIME_WINDOW': 737}",6,SEARCH_NEVER_SELECTED,0,rc101_21,55.69069690051006,0,46.7747316823456,0,0
d875de01f6e9f5351482db1331302de28e8654a38e521f228fc31f7cbcdad7e1,COORDINATED_MPC_MCTS,96,fixed_reference,5,0.5,0,C1,420.0,"{'BATTERY': 5, 'TIME_WINDOW': 38}",4,CANDIDATE_PRUNED_REPEATEDLY,47,rc201_21,218.0,4,49.09424285256406,0,1
d875de01f6e9f5351482db1331302de28e8654a38e521f228fc31f7cbcdad7e1,COORDINATED_MPC_MCTS,96,fixed_reference,5,0.5,0,C2,183.0,"{'BATTERY': 5, 'TIME_WINDOW': 41}",7,CANDIDATE_PRUNED_REPEATEDLY,51,rc201_21,90.0,7,0.0,0,0
d875de01f6e9f5351482db1331302de28e8654a38e521f228fc31f7cbcdad7e1,COORDINATED_MPC_MCTS,96,fixed_reference,5,0.5,0,C3,458.0,"{'BATTERY': 5, 'TIME_WINDOW': 38}",10,CANDIDATE_PRUNED_REPEATEDLY,51,rc201_21,218.0,10,0.0,0,0
d875de01f6e9f5351482db1331302de28e8654a38e521f228fc31f7cbcdad7e1,COORDINATED_MPC_MCTS,96,fixed_reference,5,0.5,0,C6,378.0,"{'BATTERY': 5, 'TIME_WINDOW': 38}",10,CANDIDATE_PRUNED_REPEATEDLY,51,rc201_21,218.0,10,0.0,0,2
d875de01f6e9f5351482db1331302de28e8654a38e521f228fc31f7cbcdad7e1,COORDINATED_MPC_MCTS,96,fixed_reference,5,0.5,2,C7,249.0,"{'BATTERY': 5, 'TIME_WINDOW': 39}",2,SEARCH_NEVER_SELECTED,46,rc201_21,152.08220497520452,0,124.74655847960905,0,0
d875de01f6e9f5351482db1331302de28e8654a38e521f228fc31f7cbcdad7e1,COORDINATED_MPC_MCTS,96,fixed_reference,5,0.5,1,C8,560.0,"{'BATTERY': 5, 'TIME_WINDOW': 35}",3,SEARCH_NEVER_SELECTED,43,rc201_21,478.0,2,383.8215439879198,0,1
d875de01f6e9f5351482db1331302de28e8654a38e521f228fc31f7cbcdad7e1,COORDINATED_MPC_MCTS,96,fixed_reference,5,0.5,3,C11,521.0,"{'BATTERY': 3, 'TIME_WINDOW': 37}",3,SEARCH_NEVER_SELECTED,43,rc201_21,478.0,0,267.41280994707154,0,0
d875de01f6e9f5351482db1331302de28e8654a38e521f228fc31f7cbcdad7e1,COORDINATED_MPC_MCTS,96,fixed_reference,5,0.5,6,C13,159.0,"{'BATTERY': 3, 'TIME_WINDOW': 43}",7,SEARCH_NEVER_SELECTED,51,rc201_21,90.0,1,0.0,0,0
d875de01f6e9f5351482db1331302de28e8654a38e521f228fc31f7cbcdad7e1,COORDINATED_MPC_MCTS,96,fixed_reference,5,0.5,1,C14,318.0,"{'BATTERY': 3, 'TIME_WINDOW': 40}",4,SEARCH_NEVER_SELECTED,47,rc201_21,218.0,3,53.40484188206149,1,2
d875de01f6e9f5351482db1331302de28e8654a38e521f228fc31f7cbcdad7e1,COORDINATED_MPC_MCTS,96,fixed_reference,5,0.5,1,C16,300.0,"{'BATTERY': 3, 'TIME_WINDOW': 40}",10,SEARCH_NEVER_SELECTED,51,rc201_21,218.0,9,0.0,1,2
d875de01f6e9f5351482db1331302de28e8654a38e521f228fc31f7cbcdad7e1,COORDINATED_MPC_MCTS,96,fixed_reference,5,0.5,1,C17,296.0,"{'BATTERY': 5, 'TIME_WINDOW': 38}",10,SEARCH_NEVER_SELECTED,51,rc201_21,218.0,9,0.0,1,2
d875de01f6e9f5351482db1331302de28e8654a38e521f228fc31f7cbcdad7e1,COORDINATED_MPC_MCTS,96,fixed_reference,5,0.5,1,C21,642.0,"{'BATTERY': 3, 'TIME_WINDOW': 35}",2,SEARCH_NEVER_SELECTED,40,rc201_21,563.0,1,489.12220883565385,0,0
d875de01f6e9f5351482db1331302de28e8654a38e521f228fc31f7cbcdad7e1,COORDINATED_MPC_MCTS,96,fixed_reference,5,0.5,14,C22,741.0,"{'BATTERY': 3, 'TIME_WINDOW': 26}",24,SEARCH_NEVER_SELECTED,51,rc201_21,705.0,10,0.0,7,14
d875de01f6e9f5351482db1331302de28e8654a38e521f228fc31f7cbcdad7e1,COORDINATED_MPC_MCTS,96,fixed_reference,5,0.5,3,C23,389.0,"{'BATTERY': 3, 'TIME_WINDOW': 40}",10,SEARCH_NEVER_SELECTED,51,rc201_21,218.0,7,0.0,0,1
d875de01f6e9f5351482db1331302de28e8654a38e521f228fc31f7cbcdad7e1,COORDINATED_MPC_MCTS,96,fixed_reference,5,0.5,3,C24,281.0,"{'BATTERY': 3, 'TIME_WINDOW': 40}",10,SEARCH_NEVER_SELECTED,51,rc201_21,218.0,7,0.0,0,2
d875de01f6e9f5351482db1331302de28e8654a38e521f228fc31f7cbcdad7e1,COORDINATED_MPC_MCTS,96,fixed_reference,5,0.5,6,C25,166.0,"{'BATTERY': 3, 'TIME_WINDOW': 42}",6,SEARCH_NEVER_SELECTED,51,rc201_21,137.33630940518896,0,3.1532791736319057,0,3
d875de01f6e9f5351482db1331302de28e8654a38e521f228fc31f7cbcdad7e1,COORDINATED_MPC_MCTS,96,fixed_reference,5,0.5,1,C28,273.0,"{'BATTERY': 4, 'TIME_WINDOW': 39}",10,SEARCH_NEVER_SELECTED,51,rc201_21,218.0,9,0.0,0,0
d875de01f6e9f5351482db1331302de28e8654a38e521f228fc31f7cbcdad7e1,COORDINATED_MPC_MCTS,96,fixed_reference,5,0.5,1,C29,621.0,"{'BATTERY': 3, 'TIME_WINDOW': 36}",14,SEARCH_NEVER_SELECTED,51,rc201_21,539.0,13,0.0,0,1
d875de01f6e9f5351482db1331302de28e8654a38e521f228fc31f7cbcdad7e1,COORDINATED_MPC_MCTS,96,fixed_reference,5,0.5,2,C30,536.0,"{'BATTERY': 3, 'TIME_WINDOW': 38}",12,SEARCH_NEVER_SELECTED,51,rc201_21,443.0,10,0.0,0,0
d875de01f6e9f5351482db1331302de28e8654a38e521f228fc31f7cbcdad7e1,COORDINATED_MPC_MCTS,96,fixed_reference,5,0.5,1,C32,249.0,"{'BATTERY': 3, 'TIME_WINDOW': 41}",9,SEARCH_NEVER_SELECTED,51,rc201_21,152.08220497520452,8,0.0,0,2
d875de01f6e9f5351482db1331302de28e8654a38e521f228fc31f7cbcdad7e1,COORDINATED_MPC_MCTS,96,fixed_reference,5,0.5,1,C34,236.0,"{'BATTERY': 3, 'TIME_WINDOW': 41}",3,SEARCH_NEVER_SELECTED,47,rc201_21,152.08220497520452,2,53.01316490795858,1,1
d875de01f6e9f5351482db1331302de28e8654a38e521f228fc31f7cbcdad7e1,COORDINATED_MPC_MCTS,96,fixed_reference,5,0.5,11,C35,767.0,"{'BATTERY': 8, 'TIME_WINDOW': 19}",13,SEARCH_NEVER_SELECTED,40,rc201_21,716.1705684210021,2,517.8532780957714,1,3
d875de01f6e9f5351482db1331302de28e8654a38e521f228fc31f7cbcdad7e1,COORDINATED_MPC_MCTS,96,fixed_reference,5,0.5,3,C36,637.0,"{'BATTERY': 8, 'TIME_WINDOW': 29}",16,SEARCH_NEVER_SELECTED,51,rc201_21,592.0116263352131,13,0.0,2,5
d875de01f6e9f5351482db1331302de28e8654a38e521f228fc31f7cbcdad7e1,COORDINATED_MPC_MCTS,96,fixed_reference,5,0.5,0,C37,372.0,"{'BATTERY': 6, 'TIME_WINDOW': 37}",10,CANDIDATE_PRUNED_REPEATEDLY,51,rc201_21,218.0,10,0.0,0,0
d875de01f6e9f5351482db1331302de28e8654a38e521f228fc31f7cbcdad7e1,COORDINATED_MPC_MCTS,96,fixed_reference,5,0.5,2,C38,225.0,"{'BATTERY': 6, 'TIME_WINDOW': 38}",9,SEARCH_NEVER_SELECTED,51,rc201_21,152.08220497520452,7,0.0,0,0
d875de01f6e9f5351482db1331302de28e8654a38e521f228fc31f7cbcdad7e1,COORDINATED_MPC_MCTS,96,fixed_reference,5,0.5,3,C40,632.0,"{'BATTERY': 7, 'TIME_WINDOW': 30}",15,SEARCH_NEVER_SELECTED,51,rc201_21,592.0116263352131,12,1.0385248839041878,2,5
d875de01f6e9f5351482db1331302de28e8654a38e521f228fc31f7cbcdad7e1,COORDINATED_MPC_MCTS,96,fixed_reference,5,0.5,0,C41,377.0,"{'BATTERY': 4, 'TIME_WINDOW': 39}",10,CANDIDATE_PRUNED_REPEATEDLY,51,rc201_21,218.0,10,0.0,0,0
d875de01f6e9f5351482db1331302de28e8654a38e521f228fc31f7cbcdad7e1,COORDINATED_MPC_MCTS,96,fixed_reference,5,0.5,1,C43,222.0,"{'BATTERY': 7, 'TIME_WINDOW': 38}",2,SEARCH_NEVER_SELECTED,47,rc201_21,137.33630940518896,1,71.25242720373528,0,0
d875de01f6e9f5351482db1331302de28e8654a38e521f228fc31f7cbcdad7e1,COORDINATED_MPC_MCTS,96,fixed_reference,5,0.5,1,C44,570.0,"{'BATTERY': 7, 'TIME_WINDOW': 33}",13,SEARCH_NEVER_SELECTED,51,rc201_21,478.0,12,0.0,0,2
d875de01f6e9f5351482db1331302de28e8654a38e521f228fc31f7cbcdad7e1,COORDINATED_MPC_MCTS,96,fixed_reference,5,0.5,0,C47,379.0,"{'BATTERY': 3, 'TIME_WINDOW': 40}",1,CANDIDATE_PRUNED_REPEATEDLY,44,rc201_21,218.0,1,172.81761719325993,0,0
d875de01f6e9f5351482db1331302de28e8654a38e521f228fc31f7cbcdad7e1,COORDINATED_MPC_MCTS,96,fixed_reference,5,0.5,2,C48,190.0,"{'BATTERY': 3, 'TIME_WINDOW': 41}",9,SEARCH_NEVER_SELECTED,51,rc201_21,152.08220497520452,7,0.0,0,1
d875de01f6e9f5351482db1331302de28e8654a38e521f228fc31f7cbcdad7e1,COORDINATED_MPC_MCTS,96,fixed_reference,5,0.5,3,C49,328.0,"{'BATTERY': 3, 'TIME_WINDOW': 40}",8,SEARCH_NEVER_SELECTED,51,rc201_21,218.0,5,16.17205595687784,0,2
d875de01f6e9f5351482db1331302de28e8654a38e521f228fc31f7cbcdad7e1,COORDINATED_MPC_MCTS,96,fixed_reference,5,0.5,3,C51,602.0,"{'BATTERY': 1, 'TIME_WINDOW': 37}",5,SEARCH_NEVER_SELECTED,43,rc201_21,563.0,2,384.0567071097331,0,1
d875de01f6e9f5351482db1331302de28e8654a38e521f228fc31f7cbcdad7e1,COORDINATED_MPC_MCTS,96,fixed_reference,5,0.5,6,C53,387.0,"{'BATTERY': 3, 'TIME_WINDOW': 40}",10,SEARCH_NEVER_SELECTED,51,rc201_21,218.0,4,0.0,0,1
d875de01f6e9f5351482db1331302de28e8654a38e521f228fc31f7cbcdad7e1,COORDINATED_MPC_MCTS,96,fixed_reference,5,0.5,1,C56,304.0,"{'BATTERY': 1, 'TIME_WINDOW': 42}",3,SEARCH_NEVER_SELECTED,46,rc201_21,218.0,2,131.07106338532284,1,1
d875de01f6e9f5351482db1331302de28e8654a38e521f228fc31f7cbcdad7e1,COORDINATED_MPC_MCTS,96,fixed_reference,5,0.5,1,C57,346.0,"{'BATTERY': 3, 'TIME_WINDOW': 40}",1,SEARCH_NEVER_SELECTED,44,rc201_21,218.0,0,205.29114654093365,0,1
d875de01f6e9f5351482db1331302de28e8654a38e521f228fc31f7cbcdad7e1,COORDINATED_MPC_MCTS,96,fixed_reference,5,0.5,1,C58,563.0,"{'BATTERY': 3, 'TIME_WINDOW': 37}",13,SEARCH_NEVER_SELECTED,51,rc201_21,478.0,12,0.0,0,0
d875de01f6e9f5351482db1331302de28e8654a38e521f228fc31f7cbcdad7e1,COORDINATED_MPC_MCTS,96,fixed_reference,5,0.5,10,C59,775.0,"{'BATTERY': 3, 'TIME_WINDOW': 24, 'UNREACHABLE_SAFE_CONTINUATION': 1}",18,SEARCH_NEVER_SELECTED,46,rc201_21,705.0,8,132.35256234474298,2,6
d875de01f6e9f5351482db1331302de28e8654a38e521f228fc31f7cbcdad7e1,COORDINATED_MPC_MCTS,96,fixed_reference,5,0.5,2,C60,163.0,"{'BATTERY': 4, 'TIME_WINDOW': 42}",4,SEARCH_NEVER_SELECTED,50,rc201_21,90.0,2,29.366985546402685,0,0
d875de01f6e9f5351482db1331302de28e8654a38e521f228fc31f7cbcdad7e1,COORDINATED_MPC_MCTS,96,fixed_reference,5,0.5,2,C62,258.0,"{'BATTERY': 1, 'TIME_WINDOW': 42}",10,SEARCH_NEVER_SELECTED,51,rc201_21,218.0,8,0.0,1,2
d875de01f6e9f5351482db1331302de28e8654a38e521f228fc31f7cbcdad7e1,COORDINATED_MPC_MCTS,96,fixed_reference,5,0.5,0,C63,436.0,"{'BATTERY': 2, 'TIME_WINDOW': 41}",10,CANDIDATE_PRUNED_REPEATEDLY,51,rc201_21,218.0,10,0.0,0,0
d875de01f6e9f5351482db1331302de28e8654a38e521f228fc31f7cbcdad7e1,COORDINATED_MPC_MCTS,96,fixed_reference,5,0.5,11,C66,704.0,"{'BATTERY': 3, 'TIME_WINDOW': 27}",13,SEARCH_NEVER_SELECTED,43,rc201_21,681.813917856669,2,415.05214667128655,3,10
d875de01f6e9f5351482db1331302de28e8654a38e521f228fc31f7cbcdad7e1,COORDINATED_MPC_MCTS,96,fixed_reference,5,0.5,4,C70,518.0,"{'BATTERY': 4, 'TIME_WINDOW': 36}",11,SEARCH_NEVER_SELECTED,51,rc201_21,478.0,7,7.1025133227675425,0,3
d875de01f6e9f5351482db1331302de28e8654a38e521f228fc31f7cbcdad7e1,COORDINATED_MPC_MCTS,96,fixed_reference,5,0.5,0,C72,451.0,"{'BATTERY': 2, 'TIME_WINDOW': 41}",0,FLEET_CAP_REACHED,43,rc201_21,,0,308.1327827518295,0,0
d875de01f6e9f5351482db1331302de28e8654a38e521f228fc31f7cbcdad7e1,COORDINATED_MPC_MCTS,96,fixed_reference,5,0.5,0,C73,410.0,"{'BATTERY': 6, 'TIME_WINDOW': 37}",3,CANDIDATE_PRUNED_REPEATEDLY,46,rc201_21,218.0,3,90.73868737959353,0,0
d875de01f6e9f5351482db1331302de28e8654a38e521f228fc31f7cbcdad7e1,COORDINATED_MPC_MCTS,96,fixed_reference,5,0.5,2,C75,504.0,"{'BATTERY': 5, 'TIME_WINDOW': 36}",2,SEARCH_NEVER_SELECTED,43,rc201_21,443.0,0,326.5726721094675,0,0
d875de01f6e9f5351482db1331302de28e8654a38e521f228fc31f7cbcdad7e1,COORDINATED_MPC_MCTS,96,fixed_reference,5,0.5,6,C76,167.0,"{'BATTERY': 2, 'TIME_WINDOW': 42}",9,SEARCH_NEVER_SELECTED,51,rc201_21,152.08220497520452,3,0.0,1,3
d875de01f6e9f5351482db1331302de28e8654a38e521f228fc31f7cbcdad7e1,COORDINATED_MPC_MCTS,96,fixed_reference,5,0.5,7,C77,170.0,"{'BATTERY': 3, 'TIME_WINDOW': 42}",8,SEARCH_NEVER_SELECTED,51,rc201_21,137.33630940518896,1,0.0,0,2
d875de01f6e9f5351482db1331302de28e8654a38e521f228fc31f7cbcdad7e1,COORDINATED_MPC_MCTS,96,fixed_reference,5,0.5,1,C78,472.0,"{'BATTERY': 5, 'TIME_WINDOW': 37}",1,SEARCH_NEVER_SELECTED,43,rc201_21,416.0,0,334.8770625014941,0,1
d875de01f6e9f5351482db1331302de28e8654a38e521f228fc31f7cbcdad7e1,COORDINATED_MPC_MCTS,96,fixed_reference,5,0.5,6,C79,159.0,"{'BATTERY': 6, 'TIME_WINDOW': 40}",7,SEARCH_NEVER_SELECTED,51,rc201_21,90.0,1,0.0,0,0
d875de01f6e9f5351482db1331302de28e8654a38e521f228fc31f7cbcdad7e1,COORDINATED_MPC_MCTS,96,fixed_reference,5,0.5,2,C80,469.0,"{'BATTERY': 3, 'TIME_WINDOW': 38}",5,SEARCH_NEVER_SELECTED,46,rc201_21,443.0,3,104.93634132179791,0,1
d875de01f6e9f5351482db1331302de28e8654a38e521f228fc31f7cbcdad7e1,COORDINATED_MPC_MCTS,96,fixed_reference,5,0.5,2,C85,218.0,"{'BATTERY': 2, 'TIME_WINDOW': 42}",9,SEARCH_NEVER_SELECTED,51,rc201_21,152.08220497520452,7,0.0,1,2
d875de01f6e9f5351482db1331302de28e8654a38e521f228fc31f7cbcdad7e1,COORDINATED_MPC_MCTS,96,fixed_reference,5,0.5,4,C86,493.0,"{'BATTERY': 3, 'TIME_WINDOW': 38}",12,SEARCH_NEVER_SELECTED,51,rc201_21,443.0,8,0.0,0,0
d875de01f6e9f5351482db1331302de28e8654a38e521f228fc31f7cbcdad7e1,COORDINATED_MPC_MCTS,96,fixed_reference,5,0.5,2,C87,501.0,"{'BATTERY': 3, 'TIME_WINDOW': 38}",6,SEARCH_NEVER_SELECTED,47,rc201_21,443.0,4,61.773346903078476,0,0
d875de01f6e9f5351482db1331302de28e8654a38e521f228fc31f7cbcdad7e1,COORDINATED_MPC_MCTS,96,fixed_reference,5,0.5,3,C91,559.0,"{'BATTERY': 1, 'TIME_WINDOW': 38}",4,SEARCH_NEVER_SELECTED,43,rc201_21,539.0,1,335.61473821159944,0,1
d875de01f6e9f5351482db1331302de28e8654a38e521f228fc31f7cbcdad7e1,COORDINATED_MPC_MCTS,96,fixed_reference,5,0.5,0,C93,437.0,"{'BATTERY': 1, 'TIME_WINDOW': 42}",0,FLEET_CAP_REACHED,43,rc201_21,,0,248.7811894437123,0,0
d875de01f6e9f5351482db1331302de28e8654a38e521f228fc31f7cbcdad7e1,COORDINATED_MPC_MCTS,96,fixed_reference,5,0.5,0,C96,397.0,"{'BATTERY': 1, 'TIME_WINDOW': 42}",4,CANDIDATE_PRUNED_REPEATEDLY,47,rc201_21,218.0,4,88.7856027828535,0,1
d875de01f6e9f5351482db1331302de28e8654a38e521f228fc31f7cbcdad7e1,COORDINATED_MPC_MCTS,96,fixed_reference,5,0.5,0,C98,338.0,"{'BATTERY': 4, 'TIME_WINDOW': 39}",3,CANDIDATE_PRUNED_REPEATEDLY,46,rc201_21,218.0,3,126.56573329587646,1,3
