key,path,sha256
effae7aa41e4e70fad694a488db0e1a34865224bc8c954c3339436f947c6fa9b,results/paper_v2/oracle_raw/c101_21_ORACLE_REFERENCE_b87718c2c37d07d803fa.json.gz,fcae72cd4be47ad0b02b6b1883dc71db5c3300ce7e39fd4b5c3a25734eba3adf
e378964ab103eb5b16f8026f3650adf59a67c6f5905cb4ff89d50ee12401d45b,results/paper_v2/oracle_raw/c101_21_ORACLE_REFERENCE_2458d369bcf927feabe8.json.gz,bd1b19fbb5884add3cd47c6577481642b07a868e4d8ed22ca3c619468b4bc04f
08a93b910f6c542c4494d9e4f7b8da0aaa41aaa0dbbaf8efda827885d7d4fa88,results/paper_v2/oracle_raw/c201_21_ORACLE_REFERENCE_b6732011f81bd78ffdfb.json.gz,42cd8c8a582795931fb27dc529106d6356d73f71c4948d9958d805003e72b3b6
fec57510bfcf877961ef431a630d948143f6aef38e20e2ac49548f8f922ceb9b,results/paper_v2/oracle_raw/c201_21_ORACLE_REFERENCE_9ec20a3a3d6ce670c8e8.json.gz,1b93a1c7b31471909511f98846e070f347f4130d3093ad37eeb4b0e354ebe0d0
71ad704e5a35cb910d731bd499cef22a536a90906bc85e821f3582f6b5d3281a,results/paper_v2/oracle_raw/r101_21_ORACLE_REFERENCE_d246624fd1d3abae9263.json.gz,5476d0009ece70442596545327b6f66941702ac5406b152f2d81a8c54027c3ca
372992ef58ef5e0f185d867fa7c71ea80c9a09cb08f494f6579e44e00092c4c5,results/paper_v2/oracle_raw/r101_21_ORACLE_REFERENCE_171adb240e9c8acaf4a5.json.gz,63614ae7877ab0c4bff16be344c28097541efd7b879c40bdfab9b8f52e0f2882
668f05b5f501f5fcebea8e0466c8b3bd4948577d96f398af4c43993ea567e5ac,results/paper_v2/oracle_raw/r201_21_ORACLE_REFERENCE_895879bfabeb89cc30c1.json.gz,7672177292272ad289358f2040344a3987bc1a8e7cb1600fb2d9308d6ea52d64
95f61f9c66e0a78f19681c4122e07143a83f9cedead1602ec7f7091f6c995db6,results/paper_v2/oracle_raw/r201_21_ORACLE_REFERENCE_91a54a76ded1023638fb.json.gz,864d0ab5446b9bfd8be41f9f64ad3e8a7c05c901bada578b70e3f82b0f24d52f
aa77e1017bddfa7940f6c5faaa4ce39ed736148ddf9023280c2a9a34ac203f39,results/paper_v2/oracle_raw/rc101_21_ORACLE_REFERENCE_04e4e36f43deacefef4e.json.gz,9221b02fbf3e5f226c7521e7aa817c5736e77dcb517b504da4381790df582319
5ea76c2f09f9d2ddfd6d53e5d5593bdd9ac65b78574108be79d31dc0fdfb710e,results/paper_v2/oracle_raw/rc101_21_ORACLE_REFERENCE_2787d1c10b0ce3cb8a43.json.gz,c904d9be47a2d8e1ae096b1d081d37d56e1fb7fcca0e7a9d4170dfdfa6718381
d0529c86fca933f3a22f1752e531a3af84f56ce843f1374cbac70e45b9b5f6ec,results/paper_v2/oracle_raw/rc201_21_ORACLE_REFERENCE_c67ac6ecd347fd6d0805.json.gz,251f25f768d8381457d303ed4dfe9aa99bac9a7460df80457b8ae509cc246084
2aa9e20d60cc8d07b4fa028587dc6a038c4da8c3841400212ac424df4bb3b7f9,results/paper_v2/oracle_raw/rc201_21_ORACLE_REFERENCE_902512060f96aa32322a.json.gz,0772a5ab4d204959305cc32a65e375fade331f5566a34cdec29ae1bbd884a4b0
5b2f45d13f6bb5a56215f696a9339aa7252913b776ff90706231ae8d55cc6cf9,results/paper_v2/raw/c101_21_COORDINATED_MPC_MCTS_e092a201c5d80fc8160c.json.gz,6f645fe84bd05822e7c3c92d52b507740e1c4097ff473a3b9f56d3c39cfdcb1b
035f13da8aeb305937d4e6d885d860ffba78dc260304eb55f1a616c07f652abc,results/paper_v2/raw/c101_21_COORDINATED_MPC_MCTS_8dc3fc180cdba46fec08.json.gz,ee5aeed0dd9a2c5283515ddeb2f83c8a444f91d7040c6d1313e23788163ab7f5
b393b61da6f9499006d372f2c4ec539fe9b8924967cdc3c386e3e1a0357fc9a3,results/paper_v2/raw/c101_21_COORDINATED_MPC_MCTS_d76123b7a7eec2eacdc5.json.gz,ee8aea46700759bdb43f68eb4e5c3b9a8798dc16e81f1e3c9c2b3f6cdee0afdf
b5e49e740f57507c8b288e86720f4b99711a29bce234dcae316ecc654e0229af,results/paper_v2/raw/c201_21_COORDINATED_MPC_MCTS_6d52785b0556e80587ca.json.gz,55afa3eb23269039bf179deaf85a00ddf02845111279056d9ef5dd0ff83b5e5a
47d6f69b055cd7286d2430e1905e7dd2841d732b67bebad4ed3f9d32ede6369c,results/paper_v2/raw/c201_21_COORDINATED_MPC_MCTS_70847e1ab70e803494d6.json.gz,8f5c68178ac63733d0118cb06b7fe2f7b574746b9604b80d2dc7293a16d08df1
00da7e3f02d8499b680af2e34011c7a500929a9cdf2090d8d1de1ba24956a121,results/paper_v2/raw/c201_21_COORDINATED_MPC_MCTS_508163aaa5e345648ef6.json.gz,bb451eea8a2cd08f6c6427c2500a122af5839a5343be00efe1f76c25866d0f2b
b994ce30a16c5043084e6f4b99868ff0eac80424ecb855e43d0b9270e3507b55,results/paper_v2/raw/r101_21_COORDINATED_MPC_MCTS_66e07f092abc762afd8f.json.gz,b178b09b37debbd1bcbbb4f1091f099a4b40e0357533eb09126d13aecdc091eb
9217c76888763b0db161d55717c6217513bff209b36d14d1cfa00133690b27a3,results/paper_v2/raw/r101_21_COORDINATED_MPC_MCTS_bbc0267c4d8c41e6d633.json.gz,c4c489d79dd728b5557616cb580f67972b377cf50d21f3e31ad010ace8132e6e
8942f8a0572799bd2c475a0296717229c9c2941031f2907bce523132d802ec84,results/paper_v2/raw/r101_21_COORDINATED_MPC_MCTS_8a8b7ef5432be6850fb6.json.gz,744fa495ace7c4044b0696d185de2460d0280945f3f5388af3ee4c0aa1a61cf5
207b4582dea5dfaefe88cb9b988fcdcbe9beae4b5d24b169241f7d61a960bd21,results/paper_v2/raw/r201_21_COORDINATED_MPC_MCTS_4b129d7d3f59050fa82f.json.gz,86a49b134ed8cc94e3ce6f90ee4b1fc7e63c260bd262391728e839723258bfcd
51bb087301edc4ec7eff489ce9280463bceaa226d2f4b7146c1339f8bdbc39a9,results/paper_v2/raw/r201_21_COORDINATED_MPC_MCTS_d39e5a79e073434e52fa.json.gz,51aed720023460dc36284364d2666459a08fb779780ca9fce86442c7082562cd
a208bede49ae63b995261106c2c354f0ed118fb202e033ceb6f2c7524575c69e,results/paper_v2/raw/r201_21_COORDINATED_MPC_MCTS_b86725071003480aeca7.json.gz,b9652f598fbd929b54cd06edfefd89c250434aecc4acdc4af465fe24b512bf3c
8141b16b84e021f539d0177d06aad06663c7dd201562d0f8b2b71eebb09562a5,results/paper_v2/raw/rc101_21_COORDINATED_MPC_MCTS_788d852d556ad5edef94.json.gz,8279af460e48e543e5b54cdab8e2af28e6587c3cd00ecef159fc50cc296e5342
18ffd9d5cc1f5684a41df9d421df830c8f69f648422a4173f7a00b93e7e65b07,results/paper_v2/raw/rc101_21_COORDINATED_MPC_MCTS_f174ba1345f903cc5340.json.gz,e7a7f01b084d06d4657e45bb43760cb487e7769b558729bce2209811c36d2ad1
0ea74e839ff83f53fbd405452cc5f0985610b6ea1bdb344d5fd62a725f6a3099,results/paper_v2/raw/rc101_21_COORDINATED_MPC_MCTS_6eaaef7329e40a7b3d0e.json.gz,aa8934476fa3a3d52f6dae05c5df084a7f8d581e143907ecffbdb8235573a5bc
2f1acf20cdb223c95749860856c306fabac8a21b44e4cbe95dab332214da551d,results/paper_v2/raw/rc201_21_COORDINATED_MPC_MCTS_faec2a25b86ee08f7f1a.json.gz,c5a8885a69489125c8961b36f544492f60f29923bd752838caf172c2f3b469d7
c141b3cd5a018dd477daf25f0e706b8995afb266b0db7d2a446423cac73369fc,results/paper_v2/raw/rc201_21_COORDINATED_MPC_MCTS_c1beb4f8e808b698b0b7.json.gz,2107d043cf03fd74738d4aec945c0d00ac216f8f7ab126006fe2fd9a183361d8
19ebdb7ac35175796666974db4825f0e841dc277e44664db4201a3901a3ed560,results/paper_v2/raw/rc201_21_COORDINATED_MPC_MCTS_eae904c652b8e2c05fdb.json.gz,a82d7205daf7639c7a72f034738452249f4ccb90f333958d1d43d1d2dc48aa67
f6ca2cf163f39ae24379cfcb8d900a90459cb897f911ff5fd8f23248e1870934,results/paper_v2/raw/c101_21_GREEDY_2811853e3eebbf1b1a55.json.gz,1f7da5774d902e47106d041eaeed6c07ce3a0a35dca3b141158ad7eb0e811783
2d09d51a9fb33e5c3870d1be9c67515279158799b0a2addcb3575ed8118c31b4,results/paper_v2/raw/c101_21_INDEPENDENT_MPC_MCTS_29fa846e6821581002be.json.gz,b824b9ba962d841fa84acefc46f84b687a73a879d56f1f86c89fd2d7ddd6ab82
15098f0c23b235182bba3b698bcb7b3956bbd1d4ec97095914b175bfc5814109,results/paper_v2/raw/c101_21_COORDINATED_MPC_MCTS_7709a1f45261ff27000b.json.gz,cd9c762d03f740c9e84d8ebc6285744f33293d66ab92b9b3662ae1288f65ae74
4be00e0dc6ba85be8a9e2c14dfdf1757c54789a574e8619f1b37c400aaa5879f,results/paper_v2/raw/c101_21_GREEDY_8cab98609bb5d2fd6ae3.json.gz,0d40cd2fae5441639ac224667697aed1f79c354296c218938652c9768513df02
16002495202acbbcb346ef3bff0988a294b7f61240745f5314e8d842d0b7170e,results/paper_v2/raw/c101_21_INDEPENDENT_MPC_MCTS_490f0d6959bfa24df5a2.json.gz,317a3d81396355e3742c0d30eb059c8d17294c480dec00e56ab6da49a2b134ac
8cd50b72de84f95ccd10a763c24c199dcf9012963b82f5cef09ac996b53f692a,results/paper_v2/raw/c101_21_COORDINATED_MPC_MCTS_612f846b2438b17b261b.json.gz,87976da19a08ac88f8b4deb5fc5ba4ce17b73e9c0bffd717275db6797c1e4970
70ca3ced52944a1997473b970b4bd797f43ce88113d104ea7fe1111443ea811b,results/paper_v2/raw/c101_21_COORDINATED_MPC_MCTS_0bef7027666c5c1527f2.json.gz,e009a2e2d6a5660305b9dbf862a614d2a3698896b1f6af3c02f207a584a87e17
288ee45d3cc459e314ac803d89f2bb6f24554bab483e79d18e0ac07fbe366ff0,results/paper_v2/raw/c101_21_COORDINATED_MPC_MCTS_771435918aabe2e2fff4.json.gz,9bd5bc777ad6c09c7393aed250babc4913dadc4bc90f7de582ea8d22b861047e
3ae154b9a0a2d9f6d4b785cbedfd1d9902c2ede476724f90557917051da8a138,results/paper_v2/raw/c201_21_GREEDY_9023b36ba5115921cdc6.json.gz,1a885ffc02e7f17f05e798f1bd458872dfffe47a9438a2a09966dd43a90e265c
6506ff170ef37171f879cdef65a40b87ad6f40a53477ddef01f0fb770a2c290e,results/paper_v2/raw/c201_21_INDEPENDENT_MPC_MCTS_f9a529be0145add937c3.json.gz,d0d568760626d30d8f83b3b344b5be5efe2c1f9546e87540941154aaaf47888b
a4f810e22028b727bd63afef5b4f8104623f5a02d19a4a10fb720f63268d4b86,results/paper_v2/raw/c201_21_COORDINATED_MPC_MCTS_b39e5a118e42100fbb2d.json.gz,e58eecd936c06eadcc4799707606036c91208b643ae7716bfe8b3f62b1cd6ffc
e4f7c5955f3f7af006f3f1dce2ce7343ff4d47b4aa500a82eded9ef769635233,results/paper_v2/raw/c201_21_GREEDY_bdd49aa765500614324b.json.gz,11eb11d93a675d015827bf2f78fa9a4806cf115177acaef40b22f4d0cd2529c0
c96707043e385ccb7d80384806fc07136a97bdd88071cf96f760b8d30ea41fc1,results/paper_v2/raw/c201_21_INDEPENDENT_MPC_MCTS_c52cc835deb878e40f59.json.gz,650f2ca426fbd904417b0a9ae99cb48fb28f44f3d839454f20c4f9c2ac4f6edd
c8caee3f7e7116e498166ac8ef1e1715931d7ab83c6790efd1ce9a69cc551592,results/paper_v2/raw/c201_21_COORDINATED_MPC_MCTS_da9e7f2f6c852fdb5fd8.json.gz,e788f375b4131ab99cc20c189256c5eac12ac51ea1ff9fac8ede7c13538630d4
afd726e7351d4c104937114565844248579b69997c886f15b9fab7646f44cf67,results/paper_v2/raw/c201_21_COORDINATED_MPC_MCTS_ce240e0684c21693878a.json.gz,9a8f9406446cd87762417073da6e29e9a3a4ed93896b01b8e729b8e5a3e7bb8c
bf88c67e5fdfedd49745da0179acfbe0dcbe069b87503e771471b77cc92f72c5,results/paper_v2/raw/c201_21_COORDINATED_MPC_MCTS_b395c91c573f562151c1.json.gz,6200a7c63e9d7768ab7a1cfa8bc0679b57aa534bf03c804afe69de2b9b069f44
d80753106ea09a709ecc2355a782ace64fc2e510f465e22581c919ed1f2a8581,results/paper_v2/raw/r101_21_GREEDY_916fd1e083974d36816f.json.gz,c098244737978dea1bf0a0d0dc3e0612485c0ba5367a37b1f92fd9b161592ea4
2ed9202c3e16d520c7807fda12cb8749ee53eed0d3a281104cb5bc0d7f406996,results/paper_v2/raw/r101_21_INDEPENDENT_MPC_MCTS_668b9c57e65a8992f7eb.json.gz,64b45a5304493370d151c44beb791c01d144e04b666711a1bd91a15b4971b254
f3da20a5f7e61de32f61e68aec98ff68dea512ec7e8bef19c544f0689667a86b,results/paper_v2/raw/r101_21_COORDINATED_MPC_MCTS_4062943f23f14d48345c.json.gz,3cc86b12d1f2a8f401fce19340f7378346bdde0e36e5ed9c89a03c7b8782fd8d
0f166c2229f7e2096bd12c78a30e9b423026c2883edb02e90e4ddfe0a6dcddc0,results/paper_v2/raw/r101_21_GREEDY_62f61ee463e9e4156e29.json.gz,03b3da87de644f90c773dc3b8787db76e7537520d08c1b0a9e7ccd1f5b7e3b00
3c518293938dc67bd60810dfa5de9207190a97924688191710d9d368fadfdbb6,results/paper_v2/raw/r101_21_INDEPENDENT_MPC_MCTS_4997126db7f34118e445.json.gz,081a370b30877d9d49d02e9044e71db449d131a4c8ff3940831eb5709e74b45d
dd47b9d5bb12c2f1d92f41ffbf742ac907a0cd7f07f8de6cf7c86fbafbdc4e51,results/paper_v2/raw/r101_21_COORDINATED_MPC_MCTS_2cb4567284e8188b1fb6.json.gz,c56af1940995114c19734bdbc8c892a5d218216939d4b5d8588467ea9a506c48
9ba38778babd1887731004e558e8c68db6fcf3e86ef96b228934ada43b15bb16,results/paper_v2/raw/r101_21_COORDINATED_MPC_MCTS_5ddb64bfe1546bce8ac2.json.gz,5f989b4fc428474a9851cdfbd2437e9eb97fda2cefd850ca7ff3ead5bf0795cd
914b7a02e84ab845f3511ef50e64f65ece2f5335c0a1765973ca1fbdf55b24c0,results/paper_v2/raw/r101_21_COORDINATED_MPC_MCTS_206939280a4ef3e95784.json.gz,fa52c57867d2e958ecde7200427c1e144ee4b9024f170b9ef25a0f9898b8fbfe
7372fd89d0208ad59166cfc6fcb998377c852c0294faa433421b454abdb9b839,results/paper_v2/raw/r201_21_GREEDY_8ff0e00029ff456e282b.json.gz,dabec43bdaf8c0a272654286f8b67ca3ed52e02a7749e1d9dc8b8d46e73efcc2
9fa143270e9db70e56681691f2c98897be134bee4c87b8f027e5c97a6904dc3c,results/paper_v2/raw/r201_21_INDEPENDENT_MPC_MCTS_c5d35518481043e630ec.json.gz,f458d0b37141eb068b014462d44ccf62c7f51513d05335fcf33bb0f903dfe298
12b341b5bc368fff4d1b883b05b9239fa8631721af9848c74fec8bb7e6c951bf,results/paper_v2/raw/r201_21_COORDINATED_MPC_MCTS_76a46ffff49f44d41eef.json.gz,3cbff2e63e5fe3ce1afb39c1850f1348c558fa830d99de9ccdadbb5b7a1af724
2d3787305b19fb4f7ba71e25f6b8bb2067026c542f1da02a6213864f23a5f463,results/paper_v2/raw/r201_21_GREEDY_cf93910dadb14cd720ae.json.gz,af0137bc5c7b84ee93f57fc2c938085795f2bb002bd7a9f6febc56b6d8bea71e
78bcec2d56f6926469fdd4330129bd0915c3bcdeaf3f39349a9f389c15368698,results/paper_v2/raw/r201_21_INDEPENDENT_MPC_MCTS_36847ac05a3926cfc90b.json.gz,bd2cf81bfd3b0a1433e709ab612c8f71ca80f95b4218dd5186948b8774725aca
8a5c5f610259e6c97b004dc147f489ba7add6a9b40427865cf4ccf4be8f2e477,results/paper_v2/raw/r201_21_COORDINATED_MPC_MCTS_6ef57cfb7529a513fd2d.json.gz,2c409323d95ef16ce2da7f327bc8d05e24277515065dd004e53f5af19f312918
bf99a9b35bf114f852dd645664291db3a95ad2274ffbc3206f80dc88940c2587,results/paper_v2/raw/r201_21_COORDINATED_MPC_MCTS_44745a1f48ef81de6997.json.gz,59d19fd47d8233c935b416c2e3ef35395ae63bf5aa42a3d84aaac6f577dd7219
34fb10ebb89bf4c380d020bf617d2ac3469391353bdd3c015a08729a13cc8bca,results/paper_v2/raw/r201_21_COORDINATED_MPC_MCTS_7a9cece140ba0bbc8e96.json.gz,01dc98edea08fe1374ab36eda65474d973fb61efcbd31c642c66c4e9abe38391
af0744c3f82fd3d51669c1c6082b169b5eb5fd3d318eff0cab130dd5121c6356,results/paper_v2/raw/rc101_21_GREEDY_3dc141cfec1cdf7e297b.json.gz,10a61c89ab3527fd82e73536ac821e43b1d8ae3aadd0c3a80434663b8fe23b2b
937212cddb2cc4c75b81af8b696f801dca2434f3e9d343affc262c6e28f67779,results/paper_v2/raw/rc101_21_INDEPENDENT_MPC_MCTS_5f8aad28ef7c56ca2a71.json.gz,065a2d7105d8c40578b75f6f6c0420a41be26551066588be4ecb17e1f0d2f239
242ad6f00f814c0111da637b5e00a8e521069fe63cefa99075219dca15f57f05,results/paper_v2/raw/rc101_21_COORDINATED_MPC_MCTS_91546469ea91a6268413.json.gz,de2d890ee547eb21cc9b2e012fe41ce70a87c6804affe088cfb1b3a9970c8c35
89dcf4b0e31d24d7051e194d27455c38326a0e978ba504b886c456a6580d4c4f,results/paper_v2/raw/rc101_21_GREEDY_a9b9c8eed7c7429e1cf3.json.gz,738b373bb891811244d377eb028801096cdfccb8a9d384e4ecbceb4b9c9c17fa
6d7bfa21f848eb847fb1914ee71940a41311403dd7d558a6b2bb983c6b4a916a,results/paper_v2/raw/rc101_21_INDEPENDENT_MPC_MCTS_b456fccaa6a318845ef1.json.gz,ee30615adbca372f702cb273c1b5f8a8de855df52e6b996f3696b3765aed33ed
b2612a70835415d3468ba01a3b88ddc90ba11cea4ab1a7864e8388a36e347947,results/paper_v2/raw/rc101_21_COORDINATED_MPC_MCTS_9dfc609551d7d368d79d.json.gz,4e01399168872a53072b2893e242f7f5cf7dd019a1cfb9ea5e6cc33f1757be83
5e2b8a014649f7ba7d3415c7b683cfb739c72c75b50c2717f8ab92212a943489,results/paper_v2/raw/rc101_21_COORDINATED_MPC_MCTS_af62d10a9a1bd3efc87b.json.gz,2737686a340e2585144cf87a08e15a479e77c5c2f06b71411e5bc00683e5a1c5
6a1981d4768f0505e84697e9eab3d71cac4c0ba49eed5839bba785cc8911769f,results/paper_v2/raw/rc101_21_COORDINATED_MPC_MCTS_6c58295e855517d35515.json.gz,e26baf0723d632f15f0ca1689db8d4268a6ea125284afeb9351e10c9f7a2c143
becfee0d9bfd05fd722e75a23fa163b66a5c30ca5468a741c41a0deef9c795eb,results/paper_v2/raw/rc201_21_GREEDY_b374b1d1a3a536510734.json.gz,5a594e14523c18cc21544f0ebbe38f8c8a0b71c3637f71d20832dcb1644325c9
400f778a31193ca16e688bdba9b16fdd998ce5d7d75f5c21ff240b25fb43fe1e,results/paper_v2/raw/rc201_21_INDEPENDENT_MPC_MCTS_964db433a3f8900d13c4.json.gz,7e17190beb82b647be3f422e064ce181dd899ac37795bb1390d725764ad60af4
54a284ca199000cfc0df73dee632fe9023f169e75757e37888509694baa38146,results/paper_v2/raw/rc201_21_COORDINATED_MPC_MCTS_850796bdb787f58f4b9e.json.gz,d8e6ce445115e412de24d7a9760236fb022a1ba4d22bbafc1e6f2db2b559bcce
2e753f3aa00cfda95a1b619e77b7960393c3a6c8fe476807a4287e91b7a58116,results/paper_v2/raw/rc201_21_GREEDY_3c9874780657c8f01916.json.gz,b702b8a5f5bcead67da392edec9ce5f881112043d47eece9215bc571f62e7432
d452cc32b1e62d858077bc3149bb50d6286a7dea530e1ab02d3f18562d952dba,results/paper_v2/raw/rc201_21_INDEPENDENT_MPC_MCTS_14290500fc6399359158.json.gz,c6c769f29ed095cf47d9b8caa7191abbf29e1024bd47049e596ce4bac656d552
d875de01f6e9f5351482db1331302de28e8654a38e521f228fc31f7cbcdad7e1,results/paper_v2/raw/rc201_21_COORDINATED_MPC_MCTS_c23db3d42bea2f87011b.json.gz,370f00f2c8978eff0b09b6511ffde3f26f86a9a0039057d0f45f2e3b374f500c
dc597a376cfa057bb47c09f6410992cac990adbc6d8bcc84da1ebde506da1c66,results/paper_v2/raw/rc201_21_COORDINATED_MPC_MCTS_4c0f22ed17cbce692dc7.json.gz,3b5cb5dd4d550ebc00082de22c5db687c14c7d93a2086fd14dcc56b1acc92262
4cc1c09c8ebc94c23dabb68157cf06f8f571fe66e7147407784c3e229e322c42,results/paper_v2/raw/rc201_21_COORDINATED_MPC_MCTS_8bf479801c9b79d5ae6b.json.gz,1526bd2aba17c0ff636d637854a8efeaaee8ee5bfa6a894053a03491c5ab561e
