algorithm,run_key,DoD,candidate_appearances,customer,due_time,failure_reasons,feasible_epochs,final_reason,fleet_exhausted_epochs,instance,last_time_feasible_if_known,pruned_epochs,release_time,times_covered_by_intent,times_in_topL
Coordinated,8942f8a0572799bd2c475a0296717229c9c2941031f2907bce523132d802ec84,0.5,3,C65,78.0,"{'BATTERY': 1066, 'TIME_WINDOW': 555, 'UNREACHABLE_SAFE_CONTINUATION': 86}",3,SEARCH_NEVER_SELECTED,0,r101_21,52.0931798310991,0,0.0,1,0
Coordinated,0ea74e839ff83f53fbd405452cc5f0985610b6ea1bdb344d5fd62a725f6a3099,0.5,16,C27,172.0,"{'BATTERY': 490, 'TIME_WINDOW': 323, 'UNREACHABLE_SAFE_CONTINUATION': 122}",161,SEARCH_NEVER_SELECTED,0,rc101_21,143.16467157960201,145,0.0,2,0
Coordinated,0ea74e839ff83f53fbd405452cc5f0985610b6ea1bdb344d5fd62a725f6a3099,0.5,11,C75,95.0,"{'BATTERY': 414, 'TIME_WINDOW': 668, 'UNREACHABLE_SAFE_CONTINUATION': 54}",13,SEARCH_NEVER_SELECTED,0,rc101_21,65.80944609263824,2,22.9315131865574,1,0
Coordinated,0ea74e839ff83f53fbd405452cc5f0985610b6ea1bdb344d5fd62a725f6a3099,0.5,12,C76,85.0,"{'BATTERY': 342, 'TIME_WINDOW': 714}",17,SEARCH_NEVER_SELECTED,0,rc101_21,65.80944609263824,5,46.7747316823456,0,0
Coordinated,f3da20a5f7e61de32f61e68aec98ff68dea512ec7e8bef19c544f0689667a86b,0.0,0,C3,38.0,"{'BATTERY': 186, 'TIME_WINDOW': 1479}",5,CANDIDATE_PRUNED_REPEATEDLY,0,r101_21,0.0,5,0.0,0,0
Coordinated,f3da20a5f7e61de32f61e68aec98ff68dea512ec7e8bef19c544f0689667a86b,0.0,84,C25,147.0,"{'BATTERY': 341, 'TIME_WINDOW': 885, 'UNREACHABLE_SAFE_CONTINUATION': 18}",283,SEARCH_NEVER_SELECTED,0,r101_21,135.20238954251857,199,0.0,4,21
Coordinated,f3da20a5f7e61de32f61e68aec98ff68dea512ec7e8bef19c544f0689667a86b,0.0,13,C38,73.0,"{'BATTERY': 327, 'TIME_WINDOW': 1310, 'UNREACHABLE_SAFE_CONTINUATION': 5}",23,SEARCH_NEVER_SELECTED,0,r101_21,54.02449729157663,10,0.0,1,6
Coordinated,f3da20a5f7e61de32f61e68aec98ff68dea512ec7e8bef19c544f0689667a86b,0.0,2,C64,121.0,"{'BATTERY': 489, 'TIME_WINDOW': 983, 'UNREACHABLE_SAFE_CONTINUATION': 186}",12,SEARCH_NEVER_SELECTED,0,r101_21,79.33797233497123,10,0.0,0,0
Coordinated,f3da20a5f7e61de32f61e68aec98ff68dea512ec7e8bef19c544f0689667a86b,0.0,3,C65,78.0,"{'BATTERY': 655, 'TIME_WINDOW': 992, 'UNREACHABLE_SAFE_CONTINUATION': 18}",4,SEARCH_NEVER_SELECTED,0,r101_21,51.63367544101073,1,0.0,1,0
Coordinated,f3da20a5f7e61de32f61e68aec98ff68dea512ec7e8bef19c544f0689667a86b,0.0,73,C67,153.0,"{'BATTERY': 460, 'TIME_WINDOW': 814, 'UNREACHABLE_SAFE_CONTINUATION': 27}",276,SEARCH_NEVER_SELECTED,0,r101_21,135.20238954251857,203,0.0,3,0
Coordinated,f3da20a5f7e61de32f61e68aec98ff68dea512ec7e8bef19c544f0689667a86b,0.0,18,C70,59.0,"{'BATTERY': 207, 'TIME_WINDOW': 1422}",31,SEARCH_NEVER_SELECTED,0,r101_21,47.50327544101073,13,0.0,1,4
Coordinated,f3da20a5f7e61de32f61e68aec98ff68dea512ec7e8bef19c544f0689667a86b,0.0,0,C81,44.0,"{'BATTERY': 250, 'TIME_WINDOW': 1415}",5,CANDIDATE_PRUNED_REPEATEDLY,0,r101_21,0.0,5,0.0,0,0
Coordinated,242ad6f00f814c0111da637b5e00a8e521069fe63cefa99075219dca15f57f05,0.0,43,C58,92.0,"{'BATTERY': 250, 'TIME_WINDOW': 1112, 'UNREACHABLE_SAFE_CONTINUATION': 5}",62,SEARCH_NEVER_SELECTED,0,rc101_21,72.42640687119285,19,0.0,1,3
Coordinated,242ad6f00f814c0111da637b5e00a8e521069fe63cefa99075219dca15f57f05,0.0,8,C75,95.0,"{'BATTERY': 281, 'TIME_WINDOW': 1106, 'UNREACHABLE_SAFE_CONTINUATION': 52}",15,SEARCH_NEVER_SELECTED,0,rc101_21,56.36486298086906,7,0.0,1,0
Coordinated,242ad6f00f814c0111da637b5e00a8e521069fe63cefa99075219dca15f57f05,0.0,78,C89,159.0,"{'BATTERY': 300, 'TIME_WINDOW': 751, 'UNREACHABLE_SAFE_CONTINUATION': 63}",243,SEARCH_NEVER_SELECTED,0,rc101_21,133.0,165,0.0,2,0
