Variant,Algorithm,DoD,candidate_appearances,customer,due_time,failure_reasons,feasible_epochs,final_reason,fleet_exhausted_epochs,instance,last_time_feasible_if_known,pruned_epochs,release_time,times_covered_by_intent,times_in_topL
Continuity + insertion,Greedy,0.5,1,C56,68.0,"{'BATTERY': 78, 'TIME_WINDOW': 227}",1,SEARCH_NEVER_SELECTED,0,r101_21,60.0,0,47.015302943847345,0,1
Continuity + insertion,Greedy,0.5,2,C32,97.0,"{'BATTERY': 86, 'TIME_WINDOW': 221}",2,SEARCH_NEVER_SELECTED,0,rc101_21,60.0,0,48.24703603385894,0,2
Continuity + insertion,Greedy,0.5,5,C73,125.0,"{'BATTERY': 65, 'TIME_WINDOW': 170}",5,SEARCH_NEVER_SELECTED,0,rc101_21,99.32261723542987,0,88.4369013940296,0,5
Continuity + insertion,Greedy,0.5,2,C76,85.0,"{'BATTERY': 78, 'TIME_WINDOW': 232}",2,SEARCH_NEVER_SELECTED,0,rc101_21,58.08318915758459,0,46.7747316823456,0,2
Continuity + insertion,Independent,0.5,1,C32,97.0,"{'BATTERY': 91, 'TIME_WINDOW': 191}",1,SEARCH_NEVER_SELECTED,0,rc101_21,54.0,0,48.24703603385894,0,0
Continuity + insertion,Independent,0.5,5,C73,125.0,"{'BATTERY': 69, 'TIME_WINDOW': 150, 'UNREACHABLE_SAFE_CONTINUATION': 1}",5,SEARCH_NEVER_SELECTED,0,rc101_21,114.96451493381977,0,88.4369013940296,0,4
Continuity + insertion,Independent,0.5,1,C76,85.0,"{'BATTERY': 73, 'TIME_WINDOW': 213}",1,SEARCH_NEVER_SELECTED,0,rc101_21,58.0,0,46.7747316823456,0,0
Continuity + insertion,Coordinated,0.5,1,C32,97.0,"{'BATTERY': 87, 'TIME_WINDOW': 198}",1,SEARCH_NEVER_SELECTED,0,rc101_21,53.0,0,48.24703603385894,0,0
Continuity + insertion,Coordinated,0.5,1,C76,85.0,"{'BATTERY': 77, 'TIME_WINDOW': 211}",1,SEARCH_NEVER_SELECTED,0,rc101_21,53.0,0,46.7747316823456,0,0
Continuity only,Independent,0.5,1,C76,85.0,"{'BATTERY': 76, 'TIME_WINDOW': 273}",1,SEARCH_NEVER_SELECTED,0,rc101_21,58.0,0,46.7747316823456,0,0
Continuity only,Coordinated,0.5,1,C32,97.0,"{'BATTERY': 82, 'TIME_WINDOW': 257}",1,SEARCH_NEVER_SELECTED,0,rc101_21,53.0,0,48.24703603385894,0,0
Continuity only,Coordinated,0.5,1,C76,85.0,"{'BATTERY': 66, 'TIME_WINDOW': 276}",1,SEARCH_NEVER_SELECTED,0,rc101_21,53.0,0,46.7747316823456,0,0
