study,DoD_target,number_of_customers,algorithm,mean_planning_time,p95_planning_time,maximum_planning_time,mean_nodes_expanded,mean_iterations,number_of_runs
ablations,0.5,100,COORDINATED_MPC_MCTS,0.051387,0.100896,1.108651,2385.833,3146.667,6
ablations,0.5,100,INDEPENDENT_MPC_MCTS,0.05987,0.120142,1.27648,1564.0,1837.333,6
ablations,0.5,100,COORDINATED_MPC_MCTS,0.170106,0.406047,5.992941,1626.0,2314.667,6
ablations,0.5,100,COORDINATED_MPC_MCTS,0.051387,0.100896,1.108651,2385.833,3146.667,6
ablations,0.5,100,COORDINATED_MPC_MCTS,0.027179,0.0517,0.383914,1315.167,1544.0,6
ablations,0.5,100,COORDINATED_MPC_MCTS,0.051387,0.100896,1.108651,2385.833,3146.667,6
ablations,0.5,100,COORDINATED_MPC_MCTS,0.093332,0.178362,2.220352,4121.5,6144.0,6
ablations,0.5,100,COORDINATED_MPC_MCTS,0.163012,0.300077,3.789203,7093.0,12885.333,6
ablations,0.5,100,COORDINATED_MPC_MCTS,0.02512,0.059275,0.211136,2263.0,3021.333,6
ablations,0.5,100,COORDINATED_MPC_MCTS,0.054623,0.104199,0.964087,2206.0,2962.667,6
ablations,0.5,100,COORDINATED_MPC_MCTS,0.051387,0.100896,1.108651,2385.833,3146.667,6
ablations,0.5,100,COORDINATED_MPC_MCTS,0.069687,0.134097,1.352931,1828.667,2202.667,6
ablations,0.5,100,COORDINATED_MPC_MCTS,0.051387,0.100896,1.108651,2385.833,3146.667,6
ablations,0.5,100,COORDINATED_MPC_MCTS,0.083751,0.147845,1.66242,2462.833,3226.667,6
