study,ablation_factor,algorithm,DoD_target,prediction_horizon,top_l,candidate_limit,charging_mode,budget_mode,iterations,time_limit,route_continuity,regret_repair,fleet_mode,proposal_selection,parallel_agents,execution_profile,source_sha256,number_of_customers,metric,n,mean,median,standard_deviation,ci95_low,ci95_high,number_of_runs,contributing_runs,maximum_observed
screening_stage1,baseline,COORDINATED_MPC_MCTS,0.0,5,3,12,partial,iterations,32,0.5,True,True,fixed_reference,quality,False,unspecified,90c957c01fac4d8ab091f5a7f83e22cd7eadeca87611f577944010b885ae07d1,100,complete_service,6,0.16666666666666666,0.0,0.408248290463863,-0.2617636392727192,0.5950969726060524,6,6,True
screening_stage1,baseline,COORDINATED_MPC_MCTS,0.0,5,3,12,partial,iterations,32,0.5,True,True,fixed_reference,quality,False,unspecified,90c957c01fac4d8ab091f5a7f83e22cd7eadeca87611f577944010b885ae07d1,100,service_ratio,6,0.8283333333333333,0.8400000000000001,0.13014094923069627,0.6917587830007467,0.9649078836659198,6,6,1.0
screening_stage1,baseline,COORDINATED_MPC_MCTS,0.0,5,3,12,partial,iterations,32,0.5,True,True,fixed_reference,quality,False,unspecified,90c957c01fac4d8ab091f5a7f83e22cd7eadeca87611f577944010b885ae07d1,100,customers_unserved,6,17.166666666666668,16.0,13.014094923069628,3.5092116334080092,30.82412169992533,6,6,32
screening_stage1,baseline,COORDINATED_MPC_MCTS,0.0,5,3,12,partial,iterations,32,0.5,True,True,fixed_reference,quality,False,unspecified,90c957c01fac4d8ab091f5a7f83e22cd7eadeca87611f577944010b885ae07d1,100,vehicles_activated,6,11.333333333333334,9.0,7.814516406449388,3.1325013078534525,19.534165358813215,6,6,21
screening_stage1,baseline,COORDINATED_MPC_MCTS,0.0,5,3,12,partial,iterations,32,0.5,True,True,fixed_reference,quality,False,unspecified,90c957c01fac4d8ab091f5a7f83e22cd7eadeca87611f577944010b885ae07d1,100,distance_complete,1,2595.882167099011,2595.882167099011,,,,6,1,2595.882167099011
screening_stage1,baseline,COORDINATED_MPC_MCTS,0.0,5,3,12,partial,iterations,32,0.5,True,True,fixed_reference,quality,False,unspecified,90c957c01fac4d8ab091f5a7f83e22cd7eadeca87611f577944010b885ae07d1,100,mean_planning_time,6,2.24160710594153,1.7422768328662175,2.235523692081188,-0.10443113036032514,4.587645342243385,6,6,6.045947944790896
screening_stage1,baseline,COORDINATED_MPC_MCTS,0.0,5,3,12,partial,iterations,32,0.5,True,True,fixed_reference,quality,False,unspecified,90c957c01fac4d8ab091f5a7f83e22cd7eadeca87611f577944010b885ae07d1,100,median_planning_time,6,1.6461635000038466,1.1439797000130056,1.9066547988956437,-0.354747998935953,3.647074998943646,6,6,4.869910850000451
screening_stage1,baseline,COORDINATED_MPC_MCTS,0.0,5,3,12,partial,iterations,32,0.5,True,True,fixed_reference,quality,False,unspecified,90c957c01fac4d8ab091f5a7f83e22cd7eadeca87611f577944010b885ae07d1,100,p95_planning_time,6,4.04013175916698,3.4423405425121016,3.748585500396328,0.10623253585375014,7.974030982480209,6,6,10.344077549998474
screening_stage1,baseline,COORDINATED_MPC_MCTS,0.0,5,3,12,partial,iterations,32,0.5,True,True,fixed_reference,quality,False,unspecified,90c957c01fac4d8ab091f5a7f83e22cd7eadeca87611f577944010b885ae07d1,100,maximum_planning_time,6,54.2449729500028,39.61533070000587,42.41353416906222,9.734698579042792,98.75524732096281,6,6,126.09957329998724
screening_stage1,baseline,COORDINATED_MPC_MCTS,0.0,5,3,12,partial,iterations,32,0.5,True,True,fixed_reference,quality,False,unspecified,90c957c01fac4d8ab091f5a7f83e22cd7eadeca87611f577944010b885ae07d1,100,deadline_overrun_rate,0,,,,,,6,0,
screening_stage1,baseline,COORDINATED_MPC_MCTS,0.0,5,3,12,partial,iterations,32,0.5,True,True,fixed_reference,quality,False,unspecified,90c957c01fac4d8ab091f5a7f83e22cd7eadeca87611f577944010b885ae07d1,100,total_planning_time,6,239.01528111671118,183.70815140020568,216.41232510971324,11.904474233821446,466.12608799960094,6,6,580.411002699926
screening_stage1,baseline,COORDINATED_MPC_MCTS,0.0,5,3,12,partial,iterations,32,0.5,True,True,fixed_reference,quality,False,unspecified,90c957c01fac4d8ab091f5a7f83e22cd7eadeca87611f577944010b885ae07d1,100,nodes_expanded,6,4925.833333333333,4634.5,1531.580284107453,3318.5383978289547,6533.128268837711,6,6,7007
screening_stage1,baseline,COORDINATED_MPC_MCTS,0.0,5,3,12,partial,iterations,32,0.5,True,True,fixed_reference,quality,False,unspecified,90c957c01fac4d8ab091f5a7f83e22cd7eadeca87611f577944010b885ae07d1,100,mcts_iterations,6,8269.5,6841.5,4580.889815308812,3462.1509653783987,13076.849034621602,6,6,14176
screening_stage1,baseline,COORDINATED_MPC_MCTS,0.0,5,3,12,partial,iterations,32,0.5,True,True,fixed_reference,quality,False,unspecified,90c957c01fac4d8ab091f5a7f83e22cd7eadeca87611f577944010b885ae07d1,100,total_charging_time,6,894.7078901827684,380.62897991914963,1015.4222808527967,-170.9124408886263,1960.328221254163,6,6,2628.346794440298
screening_stage1,baseline,COORDINATED_MPC_MCTS,0.0,5,3,12,partial,iterations,32,0.5,True,True,fixed_reference,quality,False,unspecified,90c957c01fac4d8ab091f5a7f83e22cd7eadeca87611f577944010b885ae07d1,100,total_charging_visits,6,29.333333333333332,28.0,7.174027227901123,21.804653478789703,36.86201318787696,6,6,40
screening_stage1,baseline,COORDINATED_MPC_MCTS,0.5,5,3,12,partial,iterations,32,0.5,True,True,fixed_reference,quality,False,unspecified,90c957c01fac4d8ab091f5a7f83e22cd7eadeca87611f577944010b885ae07d1,100,complete_service,6,0.0,0.0,0.0,0.0,0.0,6,6,False
screening_stage1,baseline,COORDINATED_MPC_MCTS,0.5,5,3,12,partial,iterations,32,0.5,True,True,fixed_reference,quality,False,unspecified,90c957c01fac4d8ab091f5a7f83e22cd7eadeca87611f577944010b885ae07d1,100,service_ratio,6,0.8283333333333333,0.8,0.082320511822186,0.7419432543326525,0.914723412334014,6,6,0.96
screening_stage1,baseline,COORDINATED_MPC_MCTS,0.5,5,3,12,partial,iterations,32,0.5,True,True,fixed_reference,quality,False,unspecified,90c957c01fac4d8ab091f5a7f83e22cd7eadeca87611f577944010b885ae07d1,100,customers_unserved,6,17.166666666666668,20.0,8.232051182218601,8.527658766598595,25.80567456673474,6,6,24
screening_stage1,baseline,COORDINATED_MPC_MCTS,0.5,5,3,12,partial,iterations,32,0.5,True,True,fixed_reference,quality,False,unspecified,90c957c01fac4d8ab091f5a7f83e22cd7eadeca87611f577944010b885ae07d1,100,vehicles_activated,6,11.333333333333334,9.0,7.814516406449388,3.1325013078534525,19.534165358813215,6,6,21
screening_stage1,baseline,COORDINATED_MPC_MCTS,0.5,5,3,12,partial,iterations,32,0.5,True,True,fixed_reference,quality,False,unspecified,90c957c01fac4d8ab091f5a7f83e22cd7eadeca87611f577944010b885ae07d1,100,distance_complete,0,,,,,,6,0,
screening_stage1,baseline,COORDINATED_MPC_MCTS,0.5,5,3,12,partial,iterations,32,0.5,True,True,fixed_reference,quality,False,unspecified,90c957c01fac4d8ab091f5a7f83e22cd7eadeca87611f577944010b885ae07d1,100,mean_planning_time,6,0.9655653499750158,0.6463692995761949,0.8964893757680431,0.02475744825592774,1.9063732516941037,6,6,2.7722846353745334
screening_stage1,baseline,COORDINATED_MPC_MCTS,0.5,5,3,12,partial,iterations,32,0.5,True,True,fixed_reference,quality,False,unspecified,90c957c01fac4d8ab091f5a7f83e22cd7eadeca87611f577944010b885ae07d1,100,median_planning_time,6,0.9094859166652896,0.5939521500113187,1.0039540913825808,-0.1440992876509808,1.96307112098156,6,6,2.9327055999892764
screening_stage1,baseline,COORDINATED_MPC_MCTS,0.5,5,3,12,partial,iterations,32,0.5,True,True,fixed_reference,quality,False,unspecified,90c957c01fac4d8ab091f5a7f83e22cd7eadeca87611f577944010b885ae07d1,100,p95_planning_time,6,1.8213078483332839,1.3740662599942879,1.2752693224528098,0.48299477088530085,3.159620925781267,6,6,4.348954970005433
screening_stage1,baseline,COORDINATED_MPC_MCTS,0.5,5,3,12,partial,iterations,32,0.5,True,True,fixed_reference,quality,False,unspecified,90c957c01fac4d8ab091f5a7f83e22cd7eadeca87611f577944010b885ae07d1,100,maximum_planning_time,6,9.142773349997393,7.459027649994823,7.516403715611487,1.2547914069880965,17.03075529300669,6,6,24.06210729997838
screening_stage1,baseline,COORDINATED_MPC_MCTS,0.5,5,3,12,partial,iterations,32,0.5,True,True,fixed_reference,quality,False,unspecified,90c957c01fac4d8ab091f5a7f83e22cd7eadeca87611f577944010b885ae07d1,100,deadline_overrun_rate,0,,,,,,6,0,
screening_stage1,baseline,COORDINATED_MPC_MCTS,0.5,5,3,12,partial,iterations,32,0.5,True,True,fixed_reference,quality,False,unspecified,90c957c01fac4d8ab091f5a7f83e22cd7eadeca87611f577944010b885ae07d1,100,total_planning_time,6,156.21108723328993,118.36830020001798,125.27547699311059,24.742536871750247,287.6796375948296,6,6,407.5258414000564
screening_stage1,baseline,COORDINATED_MPC_MCTS,0.5,5,3,12,partial,iterations,32,0.5,True,True,fixed_reference,quality,False,unspecified,90c957c01fac4d8ab091f5a7f83e22cd7eadeca87611f577944010b885ae07d1,100,nodes_expanded,6,5810.333333333333,4558.5,2747.2286156537225,2927.2937131242093,8693.372953542457,6,6,10684
screening_stage1,baseline,COORDINATED_MPC_MCTS,0.5,5,3,12,partial,iterations,32,0.5,True,True,fixed_reference,quality,False,unspecified,90c957c01fac4d8ab091f5a7f83e22cd7eadeca87611f577944010b885ae07d1,100,mcts_iterations,6,9731.833333333334,6787.5,6523.741270671812,2885.586738430018,16578.07992823665,6,6,19488
screening_stage1,baseline,COORDINATED_MPC_MCTS,0.5,5,3,12,partial,iterations,32,0.5,True,True,fixed_reference,quality,False,unspecified,90c957c01fac4d8ab091f5a7f83e22cd7eadeca87611f577944010b885ae07d1,100,total_charging_time,6,879.9700723241516,327.5389244023702,1051.6366267055714,-223.65488396066428,1983.5950286089674,6,6,2852.62953571557
screening_stage1,baseline,COORDINATED_MPC_MCTS,0.5,5,3,12,partial,iterations,32,0.5,True,True,fixed_reference,quality,False,unspecified,90c957c01fac4d8ab091f5a7f83e22cd7eadeca87611f577944010b885ae07d1,100,total_charging_visits,6,29.166666666666668,28.0,9.304120950775879,19.40259054301955,38.930742790313786,6,6,44
screening_stage1,baseline,INDEPENDENT_MPC_MCTS,0.0,5,3,12,partial,iterations,32,0.5,True,True,fixed_reference,quality,False,unspecified,90c957c01fac4d8ab091f5a7f83e22cd7eadeca87611f577944010b885ae07d1,100,complete_service,6,0.16666666666666666,0.0,0.408248290463863,-0.2617636392727192,0.5950969726060524,6,6,True
screening_stage1,baseline,INDEPENDENT_MPC_MCTS,0.0,5,3,12,partial,iterations,32,0.5,True,True,fixed_reference,quality,False,unspecified,90c957c01fac4d8ab091f5a7f83e22cd7eadeca87611f577944010b885ae07d1,100,service_ratio,6,0.8450000000000001,0.85,0.10784247771634328,0.7318262603897809,0.9581737396102192,6,6,1.0
screening_stage1,baseline,INDEPENDENT_MPC_MCTS,0.0,5,3,12,partial,iterations,32,0.5,True,True,fixed_reference,quality,False,unspecified,90c957c01fac4d8ab091f5a7f83e22cd7eadeca87611f577944010b885ae07d1,100,customers_unserved,6,15.5,15.0,10.784247771634329,4.182626038978084,26.817373961021914,6,6,32
screening_stage1,baseline,INDEPENDENT_MPC_MCTS,0.0,5,3,12,partial,iterations,32,0.5,True,True,fixed_reference,quality,False,unspecified,90c957c01fac4d8ab091f5a7f83e22cd7eadeca87611f577944010b885ae07d1,100,vehicles_activated,6,11.333333333333334,9.0,7.814516406449388,3.1325013078534525,19.534165358813215,6,6,21
screening_stage1,baseline,INDEPENDENT_MPC_MCTS,0.0,5,3,12,partial,iterations,32,0.5,True,True,fixed_reference,quality,False,unspecified,90c957c01fac4d8ab091f5a7f83e22cd7eadeca87611f577944010b885ae07d1,100,distance_complete,1,2450.371304156592,2450.371304156592,,,,6,1,2450.371304156592
screening_stage1,baseline,INDEPENDENT_MPC_MCTS,0.0,5,3,12,partial,iterations,32,0.5,True,True,fixed_reference,quality,False,unspecified,90c957c01fac4d8ab091f5a7f83e22cd7eadeca87611f577944010b885ae07d1,100,mean_planning_time,6,1.8489589027498463,1.8245322636989925,1.5047194702670452,0.269852662606203,3.4280651428934896,6,6,4.119900025642262
screening_stage1,baseline,INDEPENDENT_MPC_MCTS,0.0,5,3,12,partial,iterations,32,0.5,True,True,fixed_reference,quality,False,unspecified,90c957c01fac4d8ab091f5a7f83e22cd7eadeca87611f577944010b885ae07d1,100,median_planning_time,6,1.1083686999991187,1.0376692499921774,1.0937198953322043,-0.03941993822580203,2.2561573382240394,6,6,2.6385709999885876
screening_stage1,baseline,INDEPENDENT_MPC_MCTS,0.0,5,3,12,partial,iterations,32,0.5,True,True,fixed_reference,quality,False,unspecified,90c957c01fac4d8ab091f5a7f83e22cd7eadeca87611f577944010b885ae07d1,100,p95_planning_time,6,3.3786685924923705,3.3216254974817274,2.792529380855215,0.448088734766241,6.3092484502185,6,6,7.744019059994023
screening_stage1,baseline,INDEPENDENT_MPC_MCTS,0.0,5,3,12,partial,iterations,32,0.5,True,True,fixed_reference,quality,False,unspecified,90c957c01fac4d8ab091f5a7f83e22cd7eadeca87611f577944010b885ae07d1,100,maximum_planning_time,6,59.1371894999999,50.120495900002425,40.57852339267209,16.55264083737689,101.7217381626229,6,6,130.52093840000452
screening_stage1,baseline,INDEPENDENT_MPC_MCTS,0.0,5,3,12,partial,iterations,32,0.5,True,True,fixed_reference,quality,False,unspecified,90c957c01fac4d8ab091f5a7f83e22cd7eadeca87611f577944010b885ae07d1,100,deadline_overrun_rate,0,,,,,,6,0,
screening_stage1,baseline,INDEPENDENT_MPC_MCTS,0.0,5,3,12,partial,iterations,32,0.5,True,True,fixed_reference,quality,False,unspecified,90c957c01fac4d8ab091f5a7f83e22cd7eadeca87611f577944010b885ae07d1,100,total_planning_time,6,215.44771718336656,203.63875654997537,171.4633881206464,35.50792675224247,395.3875076144907,6,6,482.02830300014466
screening_stage1,baseline,INDEPENDENT_MPC_MCTS,0.0,5,3,12,partial,iterations,32,0.5,True,True,fixed_reference,quality,False,unspecified,90c957c01fac4d8ab091f5a7f83e22cd7eadeca87611f577944010b885ae07d1,100,nodes_expanded,6,5384.666666666667,5181.5,1992.2391088086456,3293.93994268826,7475.393390645074,6,6,8706
screening_stage1,baseline,INDEPENDENT_MPC_MCTS,0.0,5,3,12,partial,iterations,32,0.5,True,True,fixed_reference,quality,False,unspecified,90c957c01fac4d8ab091f5a7f83e22cd7eadeca87611f577944010b885ae07d1,100,mcts_iterations,6,9406.5,8239.0,5433.231294542871,3704.673439708514,15108.326560291487,6,6,16832
screening_stage1,baseline,INDEPENDENT_MPC_MCTS,0.0,5,3,12,partial,iterations,32,0.5,True,True,fixed_reference,quality,False,unspecified,90c957c01fac4d8ab091f5a7f83e22cd7eadeca87611f577944010b885ae07d1,100,total_charging_time,6,873.0836258652743,317.80165838416565,975.3564242140828,-150.4901673064909,1896.6574190370393,6,6,2149.260938805127
screening_stage1,baseline,INDEPENDENT_MPC_MCTS,0.0,5,3,12,partial,iterations,32,0.5,True,True,fixed_reference,quality,False,unspecified,90c957c01fac4d8ab091f5a7f83e22cd7eadeca87611f577944010b885ae07d1,100,total_charging_visits,6,29.5,30.5,5.75325994545701,23.462323967651386,35.537676032348614,6,6,36
screening_stage1,baseline,INDEPENDENT_MPC_MCTS,0.5,5,3,12,partial,iterations,32,0.5,True,True,fixed_reference,quality,False,unspecified,90c957c01fac4d8ab091f5a7f83e22cd7eadeca87611f577944010b885ae07d1,100,complete_service,6,0.0,0.0,0.0,0.0,0.0,6,6,False
screening_stage1,baseline,INDEPENDENT_MPC_MCTS,0.5,5,3,12,partial,iterations,32,0.5,True,True,fixed_reference,quality,False,unspecified,90c957c01fac4d8ab091f5a7f83e22cd7eadeca87611f577944010b885ae07d1,100,service_ratio,6,0.8566666666666666,0.835,0.05354126134736336,0.8004785588037582,0.912854774529575,6,6,0.95
screening_stage1,baseline,INDEPENDENT_MPC_MCTS,0.5,5,3,12,partial,iterations,32,0.5,True,True,fixed_reference,quality,False,unspecified,90c957c01fac4d8ab091f5a7f83e22cd7eadeca87611f577944010b885ae07d1,100,customers_unserved,6,14.333333333333334,16.5,5.354126134736337,8.714522547042492,19.952144119624176,6,6,19
screening_stage1,baseline,INDEPENDENT_MPC_MCTS,0.5,5,3,12,partial,iterations,32,0.5,True,True,fixed_reference,quality,False,unspecified,90c957c01fac4d8ab091f5a7f83e22cd7eadeca87611f577944010b885ae07d1,100,vehicles_activated,6,11.333333333333334,9.0,7.814516406449388,3.1325013078534525,19.534165358813215,6,6,21
screening_stage1,baseline,INDEPENDENT_MPC_MCTS,0.5,5,3,12,partial,iterations,32,0.5,True,True,fixed_reference,quality,False,unspecified,90c957c01fac4d8ab091f5a7f83e22cd7eadeca87611f577944010b885ae07d1,100,distance_complete,0,,,,,,6,0,
screening_stage1,baseline,INDEPENDENT_MPC_MCTS,0.5,5,3,12,partial,iterations,32,0.5,True,True,fixed_reference,quality,False,unspecified,90c957c01fac4d8ab091f5a7f83e22cd7eadeca87611f577944010b885ae07d1,100,mean_planning_time,6,0.7580175928615671,0.6198398159938522,0.35283839361907143,0.3877364074740657,1.1282987782490685,6,6,1.4123151327769543
screening_stage1,baseline,INDEPENDENT_MPC_MCTS,0.5,5,3,12,partial,iterations,32,0.5,True,True,fixed_reference,quality,False,unspecified,90c957c01fac4d8ab091f5a7f83e22cd7eadeca87611f577944010b885ae07d1,100,median_planning_time,6,0.5797213583427947,0.45614867501717526,0.37033032789888765,0.1910835137113358,0.9683592029742536,6,6,1.3036941000027582
screening_stage1,baseline,INDEPENDENT_MPC_MCTS,0.5,5,3,12,partial,iterations,32,0.5,True,True,fixed_reference,quality,False,unspecified,90c957c01fac4d8ab091f5a7f83e22cd7eadeca87611f577944010b885ae07d1,100,p95_planning_time,6,1.6403279516683442,1.4119970650099276,0.7205746394683173,0.8841312438050923,2.396524659531596,6,6,3.0347105100023324
screening_stage1,baseline,INDEPENDENT_MPC_MCTS,0.5,5,3,12,partial,iterations,32,0.5,True,True,fixed_reference,quality,False,unspecified,90c957c01fac4d8ab091f5a7f83e22cd7eadeca87611f577944010b885ae07d1,100,maximum_planning_time,6,11.372758866666118,11.114008799995645,5.886270502074741,5.195496815720454,17.550020917611782,6,6,18.94537310002488
screening_stage1,baseline,INDEPENDENT_MPC_MCTS,0.5,5,3,12,partial,iterations,32,0.5,True,True,fixed_reference,quality,False,unspecified,90c957c01fac4d8ab091f5a7f83e22cd7eadeca87611f577944010b885ae07d1,100,deadline_overrun_rate,0,,,,,,6,0,
screening_stage1,baseline,INDEPENDENT_MPC_MCTS,0.5,5,3,12,partial,iterations,32,0.5,True,True,fixed_reference,quality,False,unspecified,90c957c01fac4d8ab091f5a7f83e22cd7eadeca87611f577944010b885ae07d1,100,total_planning_time,6,133.14382526666546,106.18223289992602,65.21557890190087,64.70427249056206,201.58337804276886,6,6,254.2167238998518
screening_stage1,baseline,INDEPENDENT_MPC_MCTS,0.5,5,3,12,partial,iterations,32,0.5,True,True,fixed_reference,quality,False,unspecified,90c957c01fac4d8ab091f5a7f83e22cd7eadeca87611f577944010b885ae07d1,100,nodes_expanded,6,5699.333333333333,4514.5,2199.2830346880473,3391.3273345130997,8007.339332153566,6,6,9627
screening_stage1,baseline,INDEPENDENT_MPC_MCTS,0.5,5,3,12,partial,iterations,32,0.5,True,True,fixed_reference,quality,False,unspecified,90c957c01fac4d8ab091f5a7f83e22cd7eadeca87611f577944010b885ae07d1,100,mcts_iterations,6,9779.166666666666,7521.5,5911.154283781355,3575.7906883426904,15982.54264499064,6,6,18048
screening_stage1,baseline,INDEPENDENT_MPC_MCTS,0.5,5,3,12,partial,iterations,32,0.5,True,True,fixed_reference,quality,False,unspecified,90c957c01fac4d8ab091f5a7f83e22cd7eadeca87611f577944010b885ae07d1,100,total_charging_time,6,786.4973372512018,304.2780755446739,861.3037829151153,-117.38554931715441,1690.380223819558,6,6,2234.484086456674
screening_stage1,baseline,INDEPENDENT_MPC_MCTS,0.5,5,3,12,partial,iterations,32,0.5,True,True,fixed_reference,quality,False,unspecified,90c957c01fac4d8ab091f5a7f83e22cd7eadeca87611f577944010b885ae07d1,100,total_charging_visits,6,29.666666666666668,30.0,9.563820714895625,19.63005235487971,39.70328097845363,6,6,43
screening_stage1,baseline,RH_REGRET,0.0,5,3,12,partial,iterations,32,0.5,True,True,fixed_reference,quality,False,unspecified,90c957c01fac4d8ab091f5a7f83e22cd7eadeca87611f577944010b885ae07d1,100,complete_service,6,0.3333333333333333,0.0,0.5163977794943223,-0.20859290083115628,0.875259567497823,6,6,True
screening_stage1,baseline,RH_REGRET,0.0,5,3,12,partial,iterations,32,0.5,True,True,fixed_reference,quality,False,unspecified,90c957c01fac4d8ab091f5a7f83e22cd7eadeca87611f577944010b885ae07d1,100,service_ratio,6,0.91,0.925,0.10315037566582103,0.801750319507628,1.0182496804923722,6,6,1.0
screening_stage1,baseline,RH_REGRET,0.0,5,3,12,partial,iterations,32,0.5,True,True,fixed_reference,quality,False,unspecified,90c957c01fac4d8ab091f5a7f83e22cd7eadeca87611f577944010b885ae07d1,100,customers_unserved,6,9.0,7.5,10.315037566582102,-1.8249680492372065,19.824968049237206,6,6,28
screening_stage1,baseline,RH_REGRET,0.0,5,3,12,partial,iterations,32,0.5,True,True,fixed_reference,quality,False,unspecified,90c957c01fac4d8ab091f5a7f83e22cd7eadeca87611f577944010b885ae07d1,100,vehicles_activated,6,11.166666666666666,9.0,7.57407860182786,3.218158642534963,19.11517469079837,6,6,20
screening_stage1,baseline,RH_REGRET,0.0,5,3,12,partial,iterations,32,0.5,True,True,fixed_reference,quality,False,unspecified,90c957c01fac4d8ab091f5a7f83e22cd7eadeca87611f577944010b885ae07d1,100,distance_complete,2,1757.621021038704,1757.621021038704,857.0851029105488,-5942.983105280466,9458.225147357874,6,2,2363.671709360723
screening_stage1,baseline,RH_REGRET,0.0,5,3,12,partial,iterations,32,0.5,True,True,fixed_reference,quality,False,unspecified,90c957c01fac4d8ab091f5a7f83e22cd7eadeca87611f577944010b885ae07d1,100,mean_planning_time,6,1.0303956135936547,0.8211513526920149,0.8308863477590683,0.15843386755227928,1.90235735963503,6,6,2.4692941936360016
screening_stage1,baseline,RH_REGRET,0.0,5,3,12,partial,iterations,32,0.5,True,True,fixed_reference,quality,False,unspecified,90c957c01fac4d8ab091f5a7f83e22cd7eadeca87611f577944010b885ae07d1,100,median_planning_time,6,0.4695509916685599,0.11505927500547841,0.7411645090277739,-0.3082534591311951,1.2473554424683149,6,6,1.8853896000073291
screening_stage1,baseline,RH_REGRET,0.0,5,3,12,partial,iterations,32,0.5,True,True,fixed_reference,quality,False,unspecified,90c957c01fac4d8ab091f5a7f83e22cd7eadeca87611f577944010b885ae07d1,100,p95_planning_time,6,1.3789895833278327,0.8492395074914383,1.7553096074278698,-0.4630948777588031,3.2210740444144683,6,6,4.661743189994013
screening_stage1,baseline,RH_REGRET,0.0,5,3,12,partial,iterations,32,0.5,True,True,fixed_reference,quality,False,unspecified,90c957c01fac4d8ab091f5a7f83e22cd7eadeca87611f577944010b885ae07d1,100,maximum_planning_time,6,62.43566570000257,50.293516999998246,41.233713621423185,19.163537060416566,105.70779433958859,6,6,134.5734577999974
screening_stage1,baseline,RH_REGRET,0.0,5,3,12,partial,iterations,32,0.5,True,True,fixed_reference,quality,False,unspecified,90c957c01fac4d8ab091f5a7f83e22cd7eadeca87611f577944010b885ae07d1,100,deadline_overrun_rate,0,,,,,,6,0,
screening_stage1,baseline,RH_REGRET,0.0,5,3,12,partial,iterations,32,0.5,True,True,fixed_reference,quality,False,unspecified,90c957c01fac4d8ab091f5a7f83e22cd7eadeca87611f577944010b885ae07d1,100,total_planning_time,6,128.15888876663425,106.74967584996193,91.61634812508305,32.013427847054444,224.30434968621404,6,6,271.6223612999602
screening_stage1,baseline,RH_REGRET,0.0,5,3,12,partial,iterations,32,0.5,True,True,fixed_reference,quality,False,unspecified,90c957c01fac4d8ab091f5a7f83e22cd7eadeca87611f577944010b885ae07d1,100,nodes_expanded,6,0.0,0.0,0.0,0.0,0.0,6,6,0
screening_stage1,baseline,RH_REGRET,0.0,5,3,12,partial,iterations,32,0.5,True,True,fixed_reference,quality,False,unspecified,90c957c01fac4d8ab091f5a7f83e22cd7eadeca87611f577944010b885ae07d1,100,mcts_iterations,6,0.0,0.0,0.0,0.0,0.0,6,6,0
screening_stage1,baseline,RH_REGRET,0.0,5,3,12,partial,iterations,32,0.5,True,True,fixed_reference,quality,False,unspecified,90c957c01fac4d8ab091f5a7f83e22cd7eadeca87611f577944010b885ae07d1,100,total_charging_time,6,770.2288264000395,324.4757667866088,878.2718971805035,-151.4610040202425,1691.9186568203213,6,6,2348.2155555063023
screening_stage1,baseline,RH_REGRET,0.0,5,3,12,partial,iterations,32,0.5,True,True,fixed_reference,quality,False,unspecified,90c957c01fac4d8ab091f5a7f83e22cd7eadeca87611f577944010b885ae07d1,100,total_charging_visits,6,33.0,34.0,6.0332412515993425,26.668501606480994,39.331498393519006,6,6,40
screening_stage1,baseline,RH_REGRET,0.5,5,3,12,partial,iterations,32,0.5,True,True,fixed_reference,quality,False,unspecified,90c957c01fac4d8ab091f5a7f83e22cd7eadeca87611f577944010b885ae07d1,100,complete_service,6,0.0,0.0,0.0,0.0,0.0,6,6,False
screening_stage1,baseline,RH_REGRET,0.5,5,3,12,partial,iterations,32,0.5,True,True,fixed_reference,quality,False,unspecified,90c957c01fac4d8ab091f5a7f83e22cd7eadeca87611f577944010b885ae07d1,100,service_ratio,6,0.8500000000000001,0.85,0.06131883886702357,0.7856498250959064,0.9143501749040938,6,6,0.93
screening_stage1,baseline,RH_REGRET,0.5,5,3,12,partial,iterations,32,0.5,True,True,fixed_reference,quality,False,unspecified,90c957c01fac4d8ab091f5a7f83e22cd7eadeca87611f577944010b885ae07d1,100,customers_unserved,6,15.0,15.0,6.131883886702357,8.564982509590635,21.435017490409365,6,6,24
screening_stage1,baseline,RH_REGRET,0.5,5,3,12,partial,iterations,32,0.5,True,True,fixed_reference,quality,False,unspecified,90c957c01fac4d8ab091f5a7f83e22cd7eadeca87611f577944010b885ae07d1,100,vehicles_activated,6,11.333333333333334,9.0,7.814516406449388,3.1325013078534525,19.534165358813215,6,6,21
screening_stage1,baseline,RH_REGRET,0.5,5,3,12,partial,iterations,32,0.5,True,True,fixed_reference,quality,False,unspecified,90c957c01fac4d8ab091f5a7f83e22cd7eadeca87611f577944010b885ae07d1,100,distance_complete,0,,,,,,6,0,
screening_stage1,baseline,RH_REGRET,0.5,5,3,12,partial,iterations,32,0.5,True,True,fixed_reference,quality,False,unspecified,90c957c01fac4d8ab091f5a7f83e22cd7eadeca87611f577944010b885ae07d1,100,mean_planning_time,6,0.7711031065777164,0.5909457919899449,0.5784253880463762,0.16408288934118453,1.3781233238142483,6,6,1.8832032464699724
screening_stage1,baseline,RH_REGRET,0.5,5,3,12,partial,iterations,32,0.5,True,True,fixed_reference,quality,False,unspecified,90c957c01fac4d8ab091f5a7f83e22cd7eadeca87611f577944010b885ae07d1,100,median_planning_time,6,0.6042574499927772,0.43427462498948444,0.6153613897270759,-0.04152472380273897,1.2500396237882934,6,6,1.7935450999939349
screening_stage1,baseline,RH_REGRET,0.5,5,3,12,partial,iterations,32,0.5,True,True,fixed_reference,quality,False,unspecified,90c957c01fac4d8ab091f5a7f83e22cd7eadeca87611f577944010b885ae07d1,100,p95_planning_time,6,1.5177897316682598,1.0583360399949016,1.1315203240285558,0.33033197636604084,2.705247486970479,6,6,3.7789431100027286
screening_stage1,baseline,RH_REGRET,0.5,5,3,12,partial,iterations,32,0.5,True,True,fixed_reference,quality,False,unspecified,90c957c01fac4d8ab091f5a7f83e22cd7eadeca87611f577944010b885ae07d1,100,maximum_planning_time,6,17.379287633341544,14.305021100008162,11.691183410268373,5.110143090045238,29.64843217663785,6,6,37.11519340000814
screening_stage1,baseline,RH_REGRET,0.5,5,3,12,partial,iterations,32,0.5,True,True,fixed_reference,quality,False,unspecified,90c957c01fac4d8ab091f5a7f83e22cd7eadeca87611f577944010b885ae07d1,100,deadline_overrun_rate,0,,,,,,6,0,
screening_stage1,baseline,RH_REGRET,0.5,5,3,12,partial,iterations,32,0.5,True,True,fixed_reference,quality,False,unspecified,90c957c01fac4d8ab091f5a7f83e22cd7eadeca87611f577944010b885ae07d1,100,total_planning_time,6,136.95444513324765,106.70335399989563,96.73839121109349,35.43372965012567,238.47516061636964,6,6,320.1445518998953
screening_stage1,baseline,RH_REGRET,0.5,5,3,12,partial,iterations,32,0.5,True,True,fixed_reference,quality,False,unspecified,90c957c01fac4d8ab091f5a7f83e22cd7eadeca87611f577944010b885ae07d1,100,nodes_expanded,6,0.0,0.0,0.0,0.0,0.0,6,6,0
screening_stage1,baseline,RH_REGRET,0.5,5,3,12,partial,iterations,32,0.5,True,True,fixed_reference,quality,False,unspecified,90c957c01fac4d8ab091f5a7f83e22cd7eadeca87611f577944010b885ae07d1,100,mcts_iterations,6,0.0,0.0,0.0,0.0,0.0,6,6,0
screening_stage1,baseline,RH_REGRET,0.5,5,3,12,partial,iterations,32,0.5,True,True,fixed_reference,quality,False,unspecified,90c957c01fac4d8ab091f5a7f83e22cd7eadeca87611f577944010b885ae07d1,100,total_charging_time,6,962.4840130108281,325.7332154913796,1099.955313576819,-191.84829534964922,2116.8163213713055,6,6,2504.1879817773333
screening_stage1,baseline,RH_REGRET,0.5,5,3,12,partial,iterations,32,0.5,True,True,fixed_reference,quality,False,unspecified,90c957c01fac4d8ab091f5a7f83e22cd7eadeca87611f577944010b885ae07d1,100,total_charging_visits,6,37.166666666666664,38.0,6.968978882638881,29.85317185354293,44.4801614797904,6,6,47
