DoD_realized,DoD_target,K,K_max,K_ref,algorithm,algorithm_seed,fleet_mode,instance,instance_family,instance_sha256,number_of_customers,number_of_stations,reference_schedule_identifier,scenario_identifier,scenario_seed,agent_replans,battery_violations,capacity_violations,complete_service,conflicts_resolved,customers_served,customers_unserved,deadline_overrun_rate,decision_epochs,distance_per_served_customer,duplicate_customer_proposal_conflicts,duplicate_service_violations,feasible,final_return_feasibility,hidden_information_violations,maximum_planning_time,mcts_iterations,mean_planning_time,mean_unique_intention_coverage,median_planning_time,nodes_expanded,p95_planning_time,repair_seconds,route_insertions,service_ratio,symmetry_reused_replans,time_window_violations,total_charging_time,total_charging_visits,total_distance,total_energy_charged,total_planning_time,total_waiting_time,vehicle_activations_caused_by_coordinator,vehicles_activated,wait_selected,status,run_id,study,ablation_factor,action_space_reduction,budget_mode,cache_transitions,candidate_limit,charge_fractions,charge_target_limit,charging_mode,control_horizon,iterations,max_idle_wait,prediction_horizon,proposal_selection,require_root_coverage,station_candidate_limit,time_limit,top_l,uct_c,parallel_agents,route_continuity,regret_repair,execution_profile,source_sha256,distance_complete,structural_valid,failure_class,reason
0.0,0.0,13,13,13,COORDINATED_MPC_MCTS,0,fixed_reference,c101_21,C1,c5cda6ca63a7d518902cf4b02d98b4aa0f373aaa0658d5c666d1c46d38871cb9,100,21,18cb8c56a43219b437afb391f11d42a3c7d8056ed895f0cb721b15683964ccb8,b66fa749527947e566d083ffa9cf3f9d258216e3222b3031c15471cb40a6dab3,0,240,0,0,False,7,91,9,,126,19.228064764859443,7,0,False,True,0,35.92356349999318,7693,0.8313144404777891,3.1984126984126986,0.2491903000191087,4309,1.8774987750148284,99.15846699976828,54,0.91,0,0,2628.346794440298,25,1749.7538936022092,775.3235381829787,104.74561950020143,3499.899311957492,13,13,111,completed,05696a831a7227550e5dbc8a40d1d0cc3b90fbb088d0917a7d2e8033ef6a0dd6,screening_stage1,baseline,True,iterations,True,12,"[0.5, 0.75, 1.0]",5,partial,1,32,0,5,quality,True,4,0.5,3,1.4,False,True,True,unspecified,90c957c01fac4d8ab091f5a7f83e22cd7eadeca87611f577944010b885ae07d1,,True,incomplete_service,Not all customers served
0.5,0.5,13,13,13,COORDINATED_MPC_MCTS,0,fixed_reference,c101_21,C1,c5cda6ca63a7d518902cf4b02d98b4aa0f373aaa0658d5c666d1c46d38871cb9,100,21,18cb8c56a43219b437afb391f11d42a3c7d8056ed895f0cb721b15683964ccb8,36effcf880a9fa96164abaa2767519ebec30a23ad53c3bff371f65280f13c403,0,262,0,0,False,10,76,24,,165,23.308528504670115,10,0,False,True,0,7.545880399993621,8384,0.7926939193944263,1.6848484848484848,0.6698035000008531,4439,1.7753956400149031,126.24480049996055,45,0.76,0,0,2852.62953571557,28,1771.4481663549286,841.4836388541504,130.79449670008034,4603.922297929501,13,13,145,completed,9e2144daa1e202481224cb7ab3ca995c2dbf112a0a74ee7be56772fe1ca9de9c,screening_stage1,baseline,True,iterations,True,12,"[0.5, 0.75, 1.0]",5,partial,1,32,0,5,quality,True,4,0.5,3,1.4,False,True,True,unspecified,90c957c01fac4d8ab091f5a7f83e22cd7eadeca87611f577944010b885ae07d1,,True,incomplete_service,Not all customers served
0.5,0.5,13,13,13,INDEPENDENT_MPC_MCTS,0,fixed_reference,c101_21,C1,c5cda6ca63a7d518902cf4b02d98b4aa0f373aaa0658d5c666d1c46d38871cb9,100,21,18cb8c56a43219b437afb391f11d42a3c7d8056ed895f0cb721b15683964ccb8,36effcf880a9fa96164abaa2767519ebec30a23ad53c3bff371f65280f13c403,0,309,0,0,False,17,81,19,,169,20.577469253241514,13,0,False,True,0,11.715270899992902,9891,0.5859534633134081,1.8402366863905326,0.4514160000253469,4513,1.1806983999966179,95.05984070003615,66,0.81,0,0,2234.484086456674,26,1666.7750095125625,659.1398485122932,99.02613529996597,4876.740904030762,0,13,189,completed,6fa1920ed1853f0cb991b203ad7cd1c7292998ab6c4f22b69c5dab72b88ec9d4,screening_stage1,baseline,True,iterations,True,12,"[0.5, 0.75, 1.0]",5,partial,1,32,0,5,quality,True,4,0.5,3,1.4,False,True,True,unspecified,90c957c01fac4d8ab091f5a7f83e22cd7eadeca87611f577944010b885ae07d1,,True,incomplete_service,Not all customers served
0.0,0.0,13,13,13,INDEPENDENT_MPC_MCTS,0,fixed_reference,c101_21,C1,c5cda6ca63a7d518902cf4b02d98b4aa0f373aaa0658d5c666d1c46d38871cb9,100,21,18cb8c56a43219b437afb391f11d42a3c7d8056ed895f0cb721b15683964ccb8,b66fa749527947e566d083ffa9cf3f9d258216e3222b3031c15471cb40a6dab3,0,303,0,0,False,10,87,13,,120,18.8627581506078,7,0,False,True,0,43.811284800001886,9714,1.1608753649985981,3.183333333333333,0.35142579999228474,4788,2.350136474982719,134.48666070005856,59,0.87,0,0,2149.260938805127,20,1641.0599591028786,634.0002769336656,139.30504379983176,4447.679102091994,0,13,183,completed,efeae088a856d20f2cfd82196eae2f866e137d1d9df5e3b79b86f2ad0b5359da,screening_stage1,baseline,True,iterations,True,12,"[0.5, 0.75, 1.0]",5,partial,1,32,0,5,quality,True,4,0.5,3,1.4,False,True,True,unspecified,90c957c01fac4d8ab091f5a7f83e22cd7eadeca87611f577944010b885ae07d1,,True,incomplete_service,Not all customers served
0.0,0.0,13,13,13,RH_REGRET,0,fixed_reference,c101_21,C1,c5cda6ca63a7d518902cf4b02d98b4aa0f373aaa0658d5c666d1c46d38871cb9,100,21,18cb8c56a43219b437afb391f11d42a3c7d8056ed895f0cb721b15683964ccb8,b66fa749527947e566d083ffa9cf3f9d258216e3222b3031c15471cb40a6dab3,0,0,0,0,False,0,93,7,,130,18.382873984680028,0,0,False,True,0,44.63960480000242,0,0.605161183076248,3.376923076923077,0.13175825000507757,0,0.7842637349953293,78.50578799989307,93,0.93,0,0,2348.2155555063023,28,1709.6072805752426,692.6889544266379,78.67095379991224,3640.1771639184544,0,13,116,completed,777695aa267227b27fff732cf5bcdb0cf4301bde9e700d0056329bb4f92b9afc,screening_stage1,baseline,True,iterations,True,12,"[0.5, 0.75, 1.0]",5,partial,1,32,0,5,quality,True,4,0.5,3,1.4,False,True,True,unspecified,90c957c01fac4d8ab091f5a7f83e22cd7eadeca87611f577944010b885ae07d1,,True,incomplete_service,Not all customers served
0.5,0.5,13,13,13,RH_REGRET,0,fixed_reference,c101_21,C1,c5cda6ca63a7d518902cf4b02d98b4aa0f373aaa0658d5c666d1c46d38871cb9,100,21,18cb8c56a43219b437afb391f11d42a3c7d8056ed895f0cb721b15683964ccb8,36effcf880a9fa96164abaa2767519ebec30a23ad53c3bff371f65280f13c403,0,0,0,0,False,0,81,19,,168,21.558358514511777,0,0,False,True,0,15.692825100006303,0,0.5879347083330989,1.8214285714285714,0.3857729499868583,0,1.1665976800082718,98.5284352999879,81,0.81,0,0,2504.1879817773333,26,1746.2270396754539,738.6985196983285,98.77303099996061,4527.584978547212,0,13,149,completed,b6205185e9769240b5b867cda8820fc7d011ed4e1a8b6855007b916f65fe248d,screening_stage1,baseline,True,iterations,True,12,"[0.5, 0.75, 1.0]",5,partial,1,32,0,5,quality,True,4,0.5,3,1.4,False,True,True,unspecified,90c957c01fac4d8ab091f5a7f83e22cd7eadeca87611f577944010b885ae07d1,,True,incomplete_service,Not all customers served
0.0,0.0,5,5,5,COORDINATED_MPC_MCTS,0,fixed_reference,c201_21,C2,cc755a6ec3edab8c320bf901f0c3bd34cea80123cf831b0059ea01c13c96bf1d,100,21,7709cf25d863e433db5f930daea8f385c3be3136daa80a5ec82080b243a85230,697594ab37b2dbcd68eb74ba015160c86a8c70d1a7cdc803e63081c0760fa44f,0,187,0,0,False,2,70,30,,96,16.901632198426377,2,0,False,True,0,126.09957329998724,5990,6.045947944790896,6.572916666666667,4.869910850000451,4960,10.344077549998474,572.8976551999513,55,0.7,0,0,1644.3178377328145,20,1183.1142538898464,721.1920340933398,580.411002699926,7822.567908377341,5,5,92,completed,3ce8eb4badb8f6013314f420ce55e830d4f2979502b4cdded0b5114544514693,screening_stage1,baseline,True,iterations,True,12,"[0.5, 0.75, 1.0]",5,partial,1,32,0,5,quality,True,4,0.5,3,1.4,False,True,True,unspecified,90c957c01fac4d8ab091f5a7f83e22cd7eadeca87611f577944010b885ae07d1,,True,incomplete_service,Not all customers served
0.5,0.5,5,5,5,COORDINATED_MPC_MCTS,0,fixed_reference,c201_21,C2,cc755a6ec3edab8c320bf901f0c3bd34cea80123cf831b0059ea01c13c96bf1d,100,21,7709cf25d863e433db5f930daea8f385c3be3136daa80a5ec82080b243a85230,9ab599bea8692723939603e1b081946a4ebd7f76a1d26675553a2d7862c98003,0,135,0,0,False,1,76,24,,147,13.89807166038763,1,0,False,True,0,24.06210729997838,4330,2.7722846353745334,4.2312925170068025,2.9327055999892764,3589,4.348954970005433,399.96907150017796,60,0.76,0,0,1308.6035310389416,15,1056.25344618946,573.9489171223429,407.5258414000564,7745.1430227715955,5,5,39,completed,9f0112942b3347539083ee51c594320d6d87be85754d4c83c3d44d60546b10d0,screening_stage1,baseline,True,iterations,True,12,"[0.5, 0.75, 1.0]",5,partial,1,32,0,5,quality,True,4,0.5,3,1.4,False,True,True,unspecified,90c957c01fac4d8ab091f5a7f83e22cd7eadeca87611f577944010b885ae07d1,,True,incomplete_service,Not all customers served
0.5,0.5,5,5,5,INDEPENDENT_MPC_MCTS,0,fixed_reference,c201_21,C2,cc755a6ec3edab8c320bf901f0c3bd34cea80123cf831b0059ea01c13c96bf1d,100,21,7709cf25d863e433db5f930daea8f385c3be3136daa80a5ec82080b243a85230,9ab599bea8692723939603e1b081946a4ebd7f76a1d26675553a2d7862c98003,0,161,0,0,False,4,95,5,,166,12.500192281934124,1,0,False,True,0,17.122277099988423,5152,0.6537261686742962,4.656626506024097,0.3698399999993853,4516,1.4722965500113787,100.63945699986652,89,0.95,0,0,1468.400977300283,15,1187.5182667837419,644.0355163597733,108.51854399993317,5744.080755915975,0,5,46,completed,14e0041f99e09284f856a9377a7257732ab81475933cfd1926a64e46de96b9d4,screening_stage1,baseline,True,iterations,True,12,"[0.5, 0.75, 1.0]",5,partial,1,32,0,5,quality,True,4,0.5,3,1.4,False,True,True,unspecified,90c957c01fac4d8ab091f5a7f83e22cd7eadeca87611f577944010b885ae07d1,,True,incomplete_service,Not all customers served
0.0,0.0,5,5,5,INDEPENDENT_MPC_MCTS,0,fixed_reference,c201_21,C2,cc755a6ec3edab8c320bf901f0c3bd34cea80123cf831b0059ea01c13c96bf1d,100,21,7709cf25d863e433db5f930daea8f385c3be3136daa80a5ec82080b243a85230,697594ab37b2dbcd68eb74ba015160c86a8c70d1a7cdc803e63081c0760fa44f,0,211,0,0,False,4,79,21,,117,18.80468897164285,2,0,False,True,0,130.52093840000452,6764,4.119900025642262,7.6581196581196584,2.6385709999885876,5575,7.744019059994023,472.6433315000613,69,0.79,0,0,2108.8636841489506,33,1485.570428759785,924.940212346031,482.02830300014466,6245.565887091264,0,5,94,completed,217d1608b864a84b5d259d1b08eb664f0ce82b9d4a6da90b7ca6962c43461be1,screening_stage1,baseline,True,iterations,True,12,"[0.5, 0.75, 1.0]",5,partial,1,32,0,5,quality,True,4,0.5,3,1.4,False,True,True,unspecified,90c957c01fac4d8ab091f5a7f83e22cd7eadeca87611f577944010b885ae07d1,,True,incomplete_service,Not all customers served
0.0,0.0,5,5,5,RH_REGRET,0,fixed_reference,c201_21,C2,cc755a6ec3edab8c320bf901f0c3bd34cea80123cf831b0059ea01c13c96bf1d,100,21,7709cf25d863e433db5f930daea8f385c3be3136daa80a5ec82080b243a85230,697594ab37b2dbcd68eb74ba015160c86a8c70d1a7cdc803e63081c0760fa44f,0,0,0,0,True,0,100,0,,130,11.51570332716685,0,0,True,True,0,134.5734577999974,0,1.0371415223077818,9.138461538461538,0.0018975499988300726,0,0.003874920001544524,134.64810320010292,100,1.0,0,0,1276.846358594042,24,1151.570332716685,560.0203327166851,134.82839790001162,5521.583308689273,0,5,86,completed,3d1b051cd0f9d15871da40d5cf90025fae0d2b631af7ca38b313e7f098ee29ba,screening_stage1,baseline,True,iterations,True,12,"[0.5, 0.75, 1.0]",5,partial,1,32,0,5,quality,True,4,0.5,3,1.4,False,True,True,unspecified,90c957c01fac4d8ab091f5a7f83e22cd7eadeca87611f577944010b885ae07d1,1151.570332716685,True,none,
0.5,0.5,5,5,5,RH_REGRET,0,fixed_reference,c201_21,C2,cc755a6ec3edab8c320bf901f0c3bd34cea80123cf831b0059ea01c13c96bf1d,100,21,7709cf25d863e433db5f930daea8f385c3be3136daa80a5ec82080b243a85230,9ab599bea8692723939603e1b081946a4ebd7f76a1d26675553a2d7862c98003,0,0,0,0,False,0,93,7,,185,16.96363047060315,0,0,False,True,0,37.11519340000814,0,0.8665381810800927,4.654054054054054,0.6609160999942105,0,1.4640712200081902,159.94025909996708,93,0.93,0,0,2248.234204986691,37,1577.617633766093,986.067633766093,160.30956349981716,4754.148161247214,0,5,86,completed,a2a53deb78b376df1d2a4751446614d4c627372afd431a192cd68119011a7110,screening_stage1,baseline,True,iterations,True,12,"[0.5, 0.75, 1.0]",5,partial,1,32,0,5,quality,True,4,0.5,3,1.4,False,True,True,unspecified,90c957c01fac4d8ab091f5a7f83e22cd7eadeca87611f577944010b885ae07d1,,True,incomplete_service,Not all customers served
0.5,0.5,20,20,20,COORDINATED_MPC_MCTS,0,fixed_reference,r101_21,R1,0e5a3dffffbd3c516b528ef32ba1a488b817d2f151fc3e8c81023814de1c103a,100,21,eff55182b21377e4bea8207e9200f55561609fca70ed7b70d688aaf23af4b5ae,89afc6a13ace161299c804b89b155cfbb0ef27b628207f852fa9b81f88148862,0,506,0,0,False,22,77,23,,171,24.343752778873963,22,0,False,True,0,4.4606452000152785,16192,0.5674800883035028,1.2280701754385965,0.4431015999871306,7450,1.2327603999874555,92.3880992999184,46,0.77,0,0,368.4720443672374,32,1874.468963973295,767.6500924317446,97.03909509989899,1587.0589916594674,20,20,377,completed,0f255c7fef4f7139ddea46c56ab1f592d82bbf53c83cf8ada038b4f7ff50de6e,screening_stage1,baseline,True,iterations,True,12,"[0.5, 0.75, 1.0]",5,partial,1,32,0,5,quality,True,4,0.5,3,1.4,False,True,True,unspecified,90c957c01fac4d8ab091f5a7f83e22cd7eadeca87611f577944010b885ae07d1,,True,incomplete_service,Not all customers served
0.0,0.0,20,20,20,COORDINATED_MPC_MCTS,0,fixed_reference,r101_21,R1,0e5a3dffffbd3c516b528ef32ba1a488b817d2f151fc3e8c81023814de1c103a,100,21,eff55182b21377e4bea8207e9200f55561609fca70ed7b70d688aaf23af4b5ae,698440863acaab789931505fdc1fb100090eb420f4f2e4034f1e5d52c49cef21,0,426,0,0,False,17,91,9,,138,21.53225395582959,17,0,False,True,0,18.532865200017113,13639,0.4811994202894351,2.1739130434782608,0.15490875000250526,6425,1.2115003499886376,61.61708339978941,59,0.91,0,0,375.2361994766052,35,1959.4351099804926,781.7420822429275,66.40551999994204,1355.3286905429022,20,20,280,completed,6e92bbce55277a979ebb960c5b99119c54452024bd9c148245b516c4f33c3762,screening_stage1,baseline,True,iterations,True,12,"[0.5, 0.75, 1.0]",5,partial,1,32,0,5,quality,True,4,0.5,3,1.4,False,True,True,unspecified,90c957c01fac4d8ab091f5a7f83e22cd7eadeca87611f577944010b885ae07d1,,True,incomplete_service,Not all customers served
0.0,0.0,20,20,20,INDEPENDENT_MPC_MCTS,0,fixed_reference,r101_21,R1,0e5a3dffffbd3c516b528ef32ba1a488b817d2f151fc3e8c81023814de1c103a,100,21,eff55182b21377e4bea8207e9200f55561609fca70ed7b70d688aaf23af4b5ae,698440863acaab789931505fdc1fb100090eb420f4f2e4034f1e5d52c49cef21,0,463,0,0,False,18,90,10,,135,20.328038985592585,17,0,False,True,0,25.11165639999672,14823,0.5024592525931506,2.259259259259259,0.1046500000229571,6258,1.1195384199847467,63.61080850005965,74,0.9,0,0,323.4607281751615,33,1829.5235087033327,673.8765170315864,67.83199910007534,1547.0157631215059,0,20,320,completed,be92aa87f237a93bdefb4f68694ad94466db7209a9ee7d4ed76d4cabb4b80fcc,screening_stage1,baseline,True,iterations,True,12,"[0.5, 0.75, 1.0]",5,partial,1,32,0,5,quality,True,4,0.5,3,1.4,False,True,True,unspecified,90c957c01fac4d8ab091f5a7f83e22cd7eadeca87611f577944010b885ae07d1,,True,incomplete_service,Not all customers served
0.5,0.5,20,20,20,INDEPENDENT_MPC_MCTS,0,fixed_reference,r101_21,R1,0e5a3dffffbd3c516b528ef32ba1a488b817d2f151fc3e8c81023814de1c103a,100,21,eff55182b21377e4bea8207e9200f55561609fca70ed7b70d688aaf23af4b5ae,89afc6a13ace161299c804b89b155cfbb0ef27b628207f852fa9b81f88148862,0,495,0,0,False,23,82,18,,178,22.718900161918196,18,0,False,True,0,5.01054170000134,15840,0.583404055055724,1.3089887640449438,0.46088135000900365,7023,1.3516975800084765,99.88137150011607,55,0.82,0,0,335.96200944472685,34,1862.949813277292,699.9208530098476,103.84592179991887,1581.0881772779812,0,20,359,completed,fd9f41be1b289b028b75a7525e14fb8255f98ba6133ad3fb706f7ff2b3e3a557,screening_stage1,baseline,True,iterations,True,12,"[0.5, 0.75, 1.0]",5,partial,1,32,0,5,quality,True,4,0.5,3,1.4,False,True,True,unspecified,90c957c01fac4d8ab091f5a7f83e22cd7eadeca87611f577944010b885ae07d1,,True,incomplete_service,Not all customers served
0.0,0.0,20,20,20,RH_REGRET,0,fixed_reference,r101_21,R1,0e5a3dffffbd3c516b528ef32ba1a488b817d2f151fc3e8c81023814de1c103a,100,21,eff55182b21377e4bea8207e9200f55561609fca70ed7b70d688aaf23af4b5ae,698440863acaab789931505fdc1fb100090eb420f4f2e4034f1e5d52c49cef21,0,0,0,0,False,0,89,11,,137,21.386911529344456,0,0,False,True,0,29.95355170001858,0,0.473028304379724,2.145985401459854,0.09836030000587925,0,0.9142152799875474,64.6514419997111,89,0.89,0,0,325.9215175803209,40,1903.4351261116565,679.0031616256686,64.80487770002219,1480.6433563080225,0,20,270,completed,366f49983ebc487141dc7b974359348a03bf9d203c6985cdb08c59cace656561,screening_stage1,baseline,True,iterations,True,12,"[0.5, 0.75, 1.0]",5,partial,1,32,0,5,quality,True,4,0.5,3,1.4,False,True,True,unspecified,90c957c01fac4d8ab091f5a7f83e22cd7eadeca87611f577944010b885ae07d1,,True,incomplete_service,Not all customers served
0.5,0.5,20,20,20,RH_REGRET,0,fixed_reference,r101_21,R1,0e5a3dffffbd3c516b528ef32ba1a488b817d2f151fc3e8c81023814de1c103a,100,21,eff55182b21377e4bea8207e9200f55561609fca70ed7b70d688aaf23af4b5ae,89afc6a13ace161299c804b89b155cfbb0ef27b628207f852fa9b81f88148862,0,0,0,0,False,0,84,16,,180,22.82792354972733,0,0,False,True,0,7.066054800001439,0,0.38738180888742335,1.25,0.18894515000283718,0,0.9500743999815312,69.44710560009116,84,0.84,0,0,336.9725670681091,39,1917.5455781770959,702.0261813918938,69.72872559973621,1505.481854754795,0,20,319,completed,9b4b2107d38402a45ca75dd33732c65d408d0d2210678322851718b1c6b929cd,screening_stage1,baseline,True,iterations,True,12,"[0.5, 0.75, 1.0]",5,partial,1,32,0,5,quality,True,4,0.5,3,1.4,False,True,True,unspecified,90c957c01fac4d8ab091f5a7f83e22cd7eadeca87611f577944010b885ae07d1,,True,incomplete_service,Not all customers served
0.5,0.5,4,4,4,COORDINATED_MPC_MCTS,0,fixed_reference,r201_21,R2,777cdc28fef020cd4df5ada1700f1a95d97eee53d26f5b26958b67cfd8cc51f2,100,21,a7a9d0da162b6556e18050cf8850d4508fc9c75572cd0fad769a8f8e9e43bc1b,86283904b0ad6c920ca8396f492194ad73646d92604f538ac8bc665d1e64e746,0,162,0,0,False,0,96,4,,195,21.66788932432831,0,0,False,True,0,7.3721748999960255,5191,0.5951283066669324,6.446153846153846,0.5674673000175972,4678,1.1704799399973125,105.67485110010603,79,0.96,0,0,247.69843100162967,44,2080.1173751355177,1548.1151937601853,116.05001980005181,712.1841938628515,4,4,18,completed,18a3531cdb9852c81e2f20df5010a4d09ae9635ed9fea43d707d3237b49fe339,screening_stage1,baseline,True,iterations,True,12,"[0.5, 0.75, 1.0]",5,partial,1,32,0,5,quality,True,4,0.5,3,1.4,False,True,True,unspecified,90c957c01fac4d8ab091f5a7f83e22cd7eadeca87611f577944010b885ae07d1,,True,incomplete_service,Not all customers served
0.0,0.0,4,4,4,COORDINATED_MPC_MCTS,0,fixed_reference,r201_21,R2,777cdc28fef020cd4df5ada1700f1a95d97eee53d26f5b26958b67cfd8cc51f2,100,21,a7a9d0da162b6556e18050cf8850d4508fc9c75572cd0fad769a8f8e9e43bc1b,0a2d605f477526246db214ae8a0e187b3fa62614a15b9f7fdf67df4314d49fa5,0,137,0,0,False,1,77,23,,121,24.202128403456257,1,0,False,True,0,83.02991650000331,4397,3.253754604132538,8.355371900826446,2.54493880001246,3798,5.574945300002582,384.43473620008444,56,0.77,0,0,186.3424119063425,40,1863.5638870661319,1164.6400744146406,393.7043071000371,1180.0937010275247,4,4,16,completed,a3ef126ceb1ae61938a11115fe4089669e268947a386a8a5b36710703fdb9908,screening_stage1,baseline,True,iterations,True,12,"[0.5, 0.75, 1.0]",5,partial,1,32,0,5,quality,True,4,0.5,3,1.4,False,True,True,unspecified,90c957c01fac4d8ab091f5a7f83e22cd7eadeca87611f577944010b885ae07d1,,True,incomplete_service,Not all customers served
0.0,0.0,4,4,4,INDEPENDENT_MPC_MCTS,0,fixed_reference,r201_21,R2,777cdc28fef020cd4df5ada1700f1a95d97eee53d26f5b26958b67cfd8cc51f2,100,21,a7a9d0da162b6556e18050cf8850d4508fc9c75572cd0fad769a8f8e9e43bc1b,0a2d605f477526246db214ae8a0e187b3fa62614a15b9f7fdf67df4314d49fa5,0,109,0,0,False,2,68,32,,101,23.89695408647908,1,0,False,True,0,56.42970700000296,3502,2.6531927653477125,6.742574257425742,1.811969100002898,2999,4.72276810000767,259.7686556002009,49,0.68,0,0,139.76846046089238,28,1624.9928778805775,873.5528778805774,267.972469300119,1555.2386616585293,0,4,9,completed,6b1bb51ad822167be4ae6734acd4dd0507ec766dd376dedb60439d46e95b4a87,screening_stage1,baseline,True,iterations,True,12,"[0.5, 0.75, 1.0]",5,partial,1,32,0,5,quality,True,4,0.5,3,1.4,False,True,True,unspecified,90c957c01fac4d8ab091f5a7f83e22cd7eadeca87611f577944010b885ae07d1,,True,incomplete_service,Not all customers served
0.5,0.5,4,4,4,INDEPENDENT_MPC_MCTS,0,fixed_reference,r201_21,R2,777cdc28fef020cd4df5ada1700f1a95d97eee53d26f5b26958b67cfd8cc51f2,100,21,a7a9d0da162b6556e18050cf8850d4508fc9c75572cd0fad769a8f8e9e43bc1b,86283904b0ad6c920ca8396f492194ad73646d92604f538ac8bc665d1e64e746,0,149,0,0,False,2,83,17,,180,21.897656002572827,0,0,False,True,0,10.512746699998388,4778,1.4123151327769543,5.783333333333333,1.3036941000027582,4107,3.0347105100023324,245.4806438003434,73,0.83,0,0,177.83657948466208,43,1817.5054482135447,1111.4786217791382,254.2167238998518,1174.6579723017926,0,4,19,completed,cbcdfd7611ad208a663538b973e728698bf475fd8a150d2162182bd041075a77,screening_stage1,baseline,True,iterations,True,12,"[0.5, 0.75, 1.0]",5,partial,1,32,0,5,quality,True,4,0.5,3,1.4,False,True,True,unspecified,90c957c01fac4d8ab091f5a7f83e22cd7eadeca87611f577944010b885ae07d1,,True,incomplete_service,Not all customers served
0.0,0.0,4,4,4,RH_REGRET,0,fixed_reference,r201_21,R2,777cdc28fef020cd4df5ada1700f1a95d97eee53d26f5b26958b67cfd8cc51f2,100,21,a7a9d0da162b6556e18050cf8850d4508fc9c75572cd0fad769a8f8e9e43bc1b,0a2d605f477526246db214ae8a0e187b3fa62614a15b9f7fdf67df4314d49fa5,0,0,0,0,False,0,72,28,,110,23.604459939219723,0,0,False,True,0,55.947429199994076,0,2.4692941936360016,8.081818181818182,1.8853896000073291,0,4.661743189994013,271.48565529994084,72,0.72,0,0,151.6929784998112,34,1699.5211156238202,948.0811156238201,271.6223612999602,1428.785905876368,0,4,17,completed,88104edbd886a075415c966f26a6764c4dd07826788b06eaa5eb2951f69f5862,screening_stage1,baseline,True,iterations,True,12,"[0.5, 0.75, 1.0]",5,partial,1,32,0,5,quality,True,4,0.5,3,1.4,False,True,True,unspecified,90c957c01fac4d8ab091f5a7f83e22cd7eadeca87611f577944010b885ae07d1,,True,incomplete_service,Not all customers served
0.5,0.5,4,4,4,RH_REGRET,0,fixed_reference,r201_21,R2,777cdc28fef020cd4df5ada1700f1a95d97eee53d26f5b26958b67cfd8cc51f2,100,21,a7a9d0da162b6556e18050cf8850d4508fc9c75572cd0fad769a8f8e9e43bc1b,86283904b0ad6c920ca8396f492194ad73646d92604f538ac8bc665d1e64e746,0,0,0,0,False,0,76,24,,170,23.33776444657005,0,0,False,True,0,12.91721710001002,0,1.8832032464699724,5.288235294117647,1.7935450999939349,0,3.7789431100027286,319.8666031001485,76,0.76,0,0,163.55681567029177,40,1773.6700979393236,1022.2300979393236,320.1445518998953,1302.7730863903837,0,4,20,completed,c2e02ec84f3ccd6a157e5c97665109a6f80b2508bf32d94adde5cdf03b1925cb,screening_stage1,baseline,True,iterations,True,12,"[0.5, 0.75, 1.0]",5,partial,1,32,0,5,quality,True,4,0.5,3,1.4,False,True,True,unspecified,90c957c01fac4d8ab091f5a7f83e22cd7eadeca87611f577944010b885ae07d1,,True,incomplete_service,Not all customers served
0.0,0.0,21,21,21,COORDINATED_MPC_MCTS,0,fixed_reference,rc101_21,RC1,272a3e58d53d4ba9516f01506164cf8a9b98bfeeb8dbd1fd62f6557e4c98e3a1,100,21,f4b729450b2911296fb332aa2b29aacf3be08754cc2c811f83ebe8617dc4124b,bc3010af7142b241e77fcbfc37541983047aac420144c5ec8aaaa92236157fee,0,443,0,0,True,14,100,0,,142,25.95882167099011,14,0,True,True,0,18.57682129999739,14176,0.18418700070387659,2.316901408450704,0.01926319998165127,7007,0.2255862699879799,20.92224719998194,62,1.0,0,0,386.02176036169413,29,2595.882167099011,1015.846737793932,26.154554099950474,1058.0960725392947,21,21,293,completed,1046a497aec19d5cdce6cde8b04f9cafa8efc2c504f115f990fe83d2ebf2e32f,screening_stage1,baseline,True,iterations,True,12,"[0.5, 0.75, 1.0]",5,partial,1,32,0,5,quality,True,4,0.5,3,1.4,False,True,True,unspecified,90c957c01fac4d8ab091f5a7f83e22cd7eadeca87611f577944010b885ae07d1,2595.882167099011,True,none,
0.5,0.5,21,21,21,COORDINATED_MPC_MCTS,0,fixed_reference,rc101_21,RC1,272a3e58d53d4ba9516f01506164cf8a9b98bfeeb8dbd1fd62f6557e4c98e3a1,100,21,f4b729450b2911296fb332aa2b29aacf3be08754cc2c811f83ebe8617dc4124b,4208fd31438639b8f67328ae68f1c1d5b20c3c87949003fe710e9a91367b453d,0,609,0,0,False,58,83,17,,177,27.567322794105742,58,0,False,True,0,3.6233057999925222,19488,0.36819485762524207,1.3276836158192091,0.22340049999183975,10684,0.8848840199934783,59.45833910006331,42,0.83,0,0,286.605804437503,28,2288.0877919107766,754.2258011513237,65.17048979966785,1635.3064036517208,21,21,477,completed,86f1778ba735b84d4f61d5e3b30571ace865d894e707df729aba82578e93357d,screening_stage1,baseline,True,iterations,True,12,"[0.5, 0.75, 1.0]",5,partial,1,32,0,5,quality,True,4,0.5,3,1.4,False,True,True,unspecified,90c957c01fac4d8ab091f5a7f83e22cd7eadeca87611f577944010b885ae07d1,,True,incomplete_service,Not all customers served
0.0,0.0,21,21,21,INDEPENDENT_MPC_MCTS,0,fixed_reference,rc101_21,RC1,272a3e58d53d4ba9516f01506164cf8a9b98bfeeb8dbd1fd62f6557e4c98e3a1,100,21,f4b729450b2911296fb332aa2b29aacf3be08754cc2c811f83ebe8617dc4124b,bc3010af7142b241e77fcbfc37541983047aac420144c5ec8aaaa92236157fee,0,526,0,0,True,20,100,0,,145,24.50371304156592,14,0,True,True,0,21.6290575999883,16832,0.1691368455179678,2.3793103448275863,0.019683599995914847,8706,0.04243498000432731,19.93349360022694,75,1.0,0,0,312.1425885931698,27,2450.371304156592,821.4278647188679,24.52484260010533,1277.4861072502383,0,21,378,completed,18419eb1e3fb232fbaac68fd521cce0ef26a029c51bcb843e568491a2a1a5a96,screening_stage1,baseline,True,iterations,True,12,"[0.5, 0.75, 1.0]",5,partial,1,32,0,5,quality,True,4,0.5,3,1.4,False,True,True,unspecified,90c957c01fac4d8ab091f5a7f83e22cd7eadeca87611f577944010b885ae07d1,2450.371304156592,True,none,
0.5,0.5,21,21,21,INDEPENDENT_MPC_MCTS,0,fixed_reference,rc101_21,RC1,272a3e58d53d4ba9516f01506164cf8a9b98bfeeb8dbd1fd62f6557e4c98e3a1,100,21,f4b729450b2911296fb332aa2b29aacf3be08754cc2c811f83ebe8617dc4124b,4208fd31438639b8f67328ae68f1c1d5b20c3c87949003fe710e9a91367b453d,0,564,0,0,False,55,84,16,,175,27.973938017238023,49,0,False,True,0,4.930343699990772,18048,0.4297198462878753,1.3257142857142856,0.2860598000115715,9627,1.0736015800066525,70.20994389965199,53,0.84,0,0,272.594141644621,26,2349.810793447994,717.35300432795,75.20097310037818,1577.5950649073848,0,21,433,completed,41e50d8b97581b5e673df62add12ba3642aa8ad88cd235f7314730aa1c3b08c1,screening_stage1,baseline,True,iterations,True,12,"[0.5, 0.75, 1.0]",5,partial,1,32,0,5,quality,True,4,0.5,3,1.4,False,True,True,unspecified,90c957c01fac4d8ab091f5a7f83e22cd7eadeca87611f577944010b885ae07d1,,True,incomplete_service,Not all customers served
0.5,0.5,21,21,21,RH_REGRET,0,fixed_reference,rc101_21,RC1,272a3e58d53d4ba9516f01506164cf8a9b98bfeeb8dbd1fd62f6557e4c98e3a1,100,21,f4b729450b2911296fb332aa2b29aacf3be08754cc2c811f83ebe8617dc4124b,4208fd31438639b8f67328ae68f1c1d5b20c3c87949003fe710e9a91367b453d,0,0,0,0,False,0,86,14,,189,28.467651890252032,0,0,False,True,0,6.813727500004461,0,0.30760381904892037,1.291005291005291,0.11358909998671152,0,0.8021017400140407,57.80719839996891,86,0.86,0,0,314.4938639146502,34,2448.2180625616747,827.6154313543427,58.13712180024595,1417.288073523675,0,21,536,completed,5967965f18ad0fe3ec86636e62278eceed78a448be80a1567ef600b65b7efe99,screening_stage1,baseline,True,iterations,True,12,"[0.5, 0.75, 1.0]",5,partial,1,32,0,5,quality,True,4,0.5,3,1.4,False,True,True,unspecified,90c957c01fac4d8ab091f5a7f83e22cd7eadeca87611f577944010b885ae07d1,,True,incomplete_service,Not all customers served
0.0,0.0,21,21,21,RH_REGRET,0,fixed_reference,rc101_21,RC1,272a3e58d53d4ba9516f01506164cf8a9b98bfeeb8dbd1fd62f6557e4c98e3a1,100,21,f4b729450b2911296fb332aa2b29aacf3be08754cc2c811f83ebe8617dc4124b,bc3010af7142b241e77fcbfc37541983047aac420144c5ec8aaaa92236157fee,0,0,0,0,True,0,100,0,,146,23.63671709360723,0,0,True,True,0,25.041304499987746,0,0.17329488698435366,2.4863013698630136,0.0015033999952720478,0,0.003930224986106623,25.116293299593963,100,1.0,0,0,323.0300159928967,34,2363.671709360723,850.0789894549913,25.301053499715636,1353.2982746463804,0,20,416,completed,9e0f6ca59c9924acaafa3f9a62c3b1bfa87728439b8beced40df13572179998c,screening_stage1,baseline,True,iterations,True,12,"[0.5, 0.75, 1.0]",5,partial,1,32,0,5,quality,True,4,0.5,3,1.4,False,True,True,unspecified,90c957c01fac4d8ab091f5a7f83e22cd7eadeca87611f577944010b885ae07d1,2363.671709360723,True,none,
0.5,0.5,5,5,5,COORDINATED_MPC_MCTS,0,fixed_reference,rc201_21,RC2,05de9a222789707ffcce07b31776e71b0ca87b7f72f5c0d115af11e39f2a2841,100,21,897b06b0a5232b4a55582c72c913db9299981a7e26d5f99ab9087c2a494b608a,3111702a772029549ac38fd4867734ba646a0cf02b6e64b701af3f948a5afea7,0,150,0,0,False,1,89,11,,173,27.521741370715482,1,0,False,True,0,7.792526500008535,4806,0.6976102924854576,4.664739884393064,0.6204370000050403,4022,1.5153721200011205,113.24526059994241,73,0.89,0,0,215.81108738402665,28,2449.434981993678,1541.5077670287615,120.68658059998415,1244.7539306222957,5,5,28,completed,2eb930ae9319cd76ea0ff61b530cf6a1dbdeeea8c6dcf62794a27873d9349a6f,screening_stage1,baseline,True,iterations,True,12,"[0.5, 0.75, 1.0]",5,partial,1,32,0,5,quality,True,4,0.5,3,1.4,False,True,True,unspecified,90c957c01fac4d8ab091f5a7f83e22cd7eadeca87611f577944010b885ae07d1,,True,incomplete_service,Not all customers served
0.0,0.0,5,5,5,COORDINATED_MPC_MCTS,0,fixed_reference,rc201_21,RC2,05de9a222789707ffcce07b31776e71b0ca87b7f72f5c0d115af11e39f2a2841,100,21,897b06b0a5232b4a55582c72c913db9299981a7e26d5f99ab9087c2a494b608a,281c1ab9638962ea74d5bb8132e4c81b71d37e8d3b2a9b221ade373ef9f2c534,0,116,0,0,False,0,68,32,,99,30.923928824600466,0,0,False,True,0,43.30709790001856,3722,2.6532392252546457,5.717171717171717,2.0387691000069026,3056,5.007182310009375,254.76058870000998,48,0.68,0,0,147.98233717885657,27,2102.8271600728317,1057.0166941346897,262.67068330020993,1869.190502748312,5,5,16,completed,ebd45599ef3607c3d2391ed22001bafd5fa90a5e0d4bee63577d20f2a2b1d536,screening_stage1,baseline,True,iterations,True,12,"[0.5, 0.75, 1.0]",5,partial,1,32,0,5,quality,True,4,0.5,3,1.4,False,True,True,unspecified,90c957c01fac4d8ab091f5a7f83e22cd7eadeca87611f577944010b885ae07d1,,True,incomplete_service,Not all customers served
0.5,0.5,5,5,5,INDEPENDENT_MPC_MCTS,0,fixed_reference,rc201_21,RC2,05de9a222789707ffcce07b31776e71b0ca87b7f72f5c0d115af11e39f2a2841,100,21,897b06b0a5232b4a55582c72c913db9299981a7e26d5f99ab9087c2a494b608a,3111702a772029549ac38fd4867734ba646a0cf02b6e64b701af3f948a5afea7,0,155,0,0,False,4,89,11,,179,28.417348298281926,1,0,False,True,0,18.94537310002488,4966,0.8829868910611444,4.932960893854749,0.6064369000087027,4410,1.7289630899846087,149.57273430001806,79,0.89,0,0,229.70622917624314,34,2529.1439985470915,1640.758779830308,158.05465349994483,1151.1497722766667,0,5,27,completed,061c1319dbef9920e6c6654e52f1c75491bf80227ad43ea20698ff811843cc25,screening_stage1,baseline,True,iterations,True,12,"[0.5, 0.75, 1.0]",5,partial,1,32,0,5,quality,True,4,0.5,3,1.4,False,True,True,unspecified,90c957c01fac4d8ab091f5a7f83e22cd7eadeca87611f577944010b885ae07d1,,True,incomplete_service,Not all customers served
0.0,0.0,5,5,5,INDEPENDENT_MPC_MCTS,0,fixed_reference,rc201_21,RC2,05de9a222789707ffcce07b31776e71b0ca87b7f72f5c0d115af11e39f2a2841,100,21,897b06b0a5232b4a55582c72c913db9299981a7e26d5f99ab9087c2a494b608a,281c1ab9638962ea74d5bb8132e4c81b71d37e8d3b2a9b221ade373ef9f2c534,0,150,0,0,False,2,83,17,,125,28.964494174153554,0,0,False,True,0,77.32049280000501,4804,2.488189162399387,7.768,1.72391269999207,3982,4.293114519980736,301.882817200094,63,0.83,0,0,205.0053550083452,36,2404.053016454745,1464.3239643453228,311.0236452999234,1360.9416285369102,0,5,26,completed,872b16a4cf7e730206dfa75d2e7ccc7dffd87fa30c10a8af6596f96ad4149d6c,screening_stage1,baseline,True,iterations,True,12,"[0.5, 0.75, 1.0]",5,partial,1,32,0,5,quality,True,4,0.5,3,1.4,False,True,True,unspecified,90c957c01fac4d8ab091f5a7f83e22cd7eadeca87611f577944010b885ae07d1,,True,incomplete_service,Not all customers served
0.0,0.0,5,5,5,RH_REGRET,0,fixed_reference,rc201_21,RC2,05de9a222789707ffcce07b31776e71b0ca87b7f72f5c0d115af11e39f2a2841,100,21,897b06b0a5232b4a55582c72c913db9299981a7e26d5f99ab9087c2a494b608a,281c1ab9638962ea74d5bb8132e4c81b71d37e8d3b2a9b221ade373ef9f2c534,0,0,0,0,False,0,92,8,,136,25.669467281760934,0,0,False,True,0,84.45864620001521,0,1.4244535911778204,8.169117647058824,0.6983968499989714,0,1.9059101500024553,193.52253679998103,92,0.92,0,0,195.66653222686404,38,2361.590989922006,1397.618087334743,193.72568840018357,1322.7424778511304,0,5,14,completed,45fa183c8540010228ad5f1f7484e06dbff95f02f627ca40124319dcd59ae238,screening_stage1,baseline,True,iterations,True,12,"[0.5, 0.75, 1.0]",5,partial,1,32,0,5,quality,True,4,0.5,3,1.4,False,True,True,unspecified,90c957c01fac4d8ab091f5a7f83e22cd7eadeca87611f577944010b885ae07d1,,True,incomplete_service,Not all customers served
0.5,0.5,5,5,5,RH_REGRET,0,fixed_reference,rc201_21,RC2,05de9a222789707ffcce07b31776e71b0ca87b7f72f5c0d115af11e39f2a2841,100,21,897b06b0a5232b4a55582c72c913db9299981a7e26d5f99ab9087c2a494b608a,3111702a772029549ac38fd4867734ba646a0cf02b6e64b701af3f948a5afea7,0,0,0,0,False,0,90,10,,193,28.18941624189621,0,0,False,True,0,24.670707900018897,0,0.5939568756467909,5.015544041450777,0.4827762999921106,0,0.9449502399947959,114.29898840011447,90,0.9,0,0,207.4586446478923,47,2537.047461770659,1481.8474617706593,114.63367699983064,1155.4938935814484,0,5,35,completed,b4c5a072073f34b908c14afd8c66217f5b4a436ab34a07c512bdb3e58c272ae1,screening_stage1,baseline,True,iterations,True,12,"[0.5, 0.75, 1.0]",5,partial,1,32,0,5,quality,True,4,0.5,3,1.4,False,True,True,unspecified,90c957c01fac4d8ab091f5a7f83e22cd7eadeca87611f577944010b885ae07d1,,True,incomplete_service,Not all customers served
