study,ablation_factor,algorithm,DoD_target,prediction_horizon,top_l,candidate_limit,charging_mode,budget_mode,iterations,time_limit,parallel_agents,source_sha256,number_of_customers,metric,n,mean,median,standard_deviation,ci95_low,ci95_high,number_of_runs,contributing_runs,maximum_observed
pilot,baseline,COORDINATED_MPC_MCTS,0.0,3,3,12,partial,iterations,64,0.1,False,4cb373d9112673d0b4ad531f556ec1cd64a842c2337f27388ebfad3acb8f2f4e,5,mean_planning_time,3,0.033264390916014,0.0336731727319684,0.0052308932364748,0.0202701317611471,0.0462586500708809,3,3,0.03827889999956824
pilot,baseline,COORDINATED_MPC_MCTS,0.0,3,3,12,partial,iterations,64,0.1,False,4cb373d9112673d0b4ad531f556ec1cd64a842c2337f27388ebfad3acb8f2f4e,5,p95_planning_time,3,0.0928410683389908,0.0858275999780744,0.0138565577920847,0.0584194705726251,0.1272626661053565,3,3,0.10880222502746614
pilot,baseline,COORDINATED_MPC_MCTS,0.0,3,3,12,partial,iterations,64,0.1,False,4cb373d9112673d0b4ad531f556ec1cd64a842c2337f27388ebfad3acb8f2f4e,10,mean_planning_time,1,0.0686511333268653,0.0686511333268653,,,,1,1,0.06865113332686532
pilot,baseline,COORDINATED_MPC_MCTS,0.0,3,3,12,partial,iterations,64,0.1,False,4cb373d9112673d0b4ad531f556ec1cd64a842c2337f27388ebfad3acb8f2f4e,10,p95_planning_time,1,0.2459398199745917,0.2459398199745917,,,,1,1,0.2459398199745917
pilot,baseline,COORDINATED_MPC_MCTS,0.0,3,3,12,partial,iterations,64,0.1,False,4cb373d9112673d0b4ad531f556ec1cd64a842c2337f27388ebfad3acb8f2f4e,15,mean_planning_time,1,0.1115459478308406,0.1115459478308406,,,,1,1,0.11154594783084062
pilot,baseline,COORDINATED_MPC_MCTS,0.0,3,3,12,partial,iterations,64,0.1,False,4cb373d9112673d0b4ad531f556ec1cd64a842c2337f27388ebfad3acb8f2f4e,15,p95_planning_time,1,0.1988989100442268,0.1988989100442268,,,,1,1,0.1988989100442268
pilot,baseline,GREEDY,0.0,3,3,12,partial,iterations,64,0.1,False,4cb373d9112673d0b4ad531f556ec1cd64a842c2337f27388ebfad3acb8f2f4e,5,mean_planning_time,3,0.0004842255415429,0.0005243333095374,0.0001599779247066,8.681834573152751e-05,0.0008816327373543,3,3,0.0006203333096992639
pilot,baseline,GREEDY,0.0,3,3,12,partial,iterations,64,0.1,False,4cb373d9112673d0b4ad531f556ec1cd64a842c2337f27388ebfad3acb8f2f4e,5,p95_planning_time,3,0.0009303166705649,0.0009093249973375,0.0002865846529559,0.0002184009265481,0.0016422324145817,3,3,0.0012268199818208812
pilot,baseline,GREEDY,0.0,3,3,12,partial,iterations,64,0.1,False,4cb373d9112673d0b4ad531f556ec1cd64a842c2337f27388ebfad3acb8f2f4e,10,mean_planning_time,1,0.0006971461340211,0.0006971461340211,,,,1,1,0.0006971461340211905
pilot,baseline,GREEDY,0.0,3,3,12,partial,iterations,64,0.1,False,4cb373d9112673d0b4ad531f556ec1cd64a842c2337f27388ebfad3acb8f2f4e,10,p95_planning_time,1,0.0019387599779292,0.0019387599779292,,,,1,1,0.0019387599779292918
pilot,baseline,GREEDY,0.0,3,3,12,partial,iterations,64,0.1,False,4cb373d9112673d0b4ad531f556ec1cd64a842c2337f27388ebfad3acb8f2f4e,15,mean_planning_time,1,0.0011225923215253,0.0011225923215253,,,,1,1,0.0011225923215253996
pilot,baseline,GREEDY,0.0,3,3,12,partial,iterations,64,0.1,False,4cb373d9112673d0b4ad531f556ec1cd64a842c2337f27388ebfad3acb8f2f4e,15,p95_planning_time,1,0.0029657000442966,0.0029657000442966,,,,1,1,0.0029657000442966804
pilot,baseline,INDEPENDENT_MPC_MCTS,0.0,3,3,12,partial,iterations,64,0.1,False,4cb373d9112673d0b4ad531f556ec1cd64a842c2337f27388ebfad3acb8f2f4e,5,mean_planning_time,3,0.0331782315107476,0.034186577812458,0.0110428071444235,0.005746377839699,0.0606100851817962,3,3,0.04368228337261826
pilot,baseline,INDEPENDENT_MPC_MCTS,0.0,3,3,12,partial,iterations,64,0.1,False,4cb373d9112673d0b4ad531f556ec1cd64a842c2337f27388ebfad3acb8f2f4e,5,p95_planning_time,3,0.092537236669644,0.0883419199846684,0.019678566390272,0.0436529677863867,0.1414215055529014,3,3,0.11397515001590364
pilot,baseline,INDEPENDENT_MPC_MCTS,0.0,3,3,12,partial,iterations,64,0.1,False,4cb373d9112673d0b4ad531f556ec1cd64a842c2337f27388ebfad3acb8f2f4e,10,mean_planning_time,1,0.0718125400133431,0.0718125400133431,,,,1,1,0.0718125400133431
pilot,baseline,INDEPENDENT_MPC_MCTS,0.0,3,3,12,partial,iterations,64,0.1,False,4cb373d9112673d0b4ad531f556ec1cd64a842c2337f27388ebfad3acb8f2f4e,10,p95_planning_time,1,0.1958234500722025,0.1958234500722025,,,,1,1,0.19582345007220253
pilot,baseline,INDEPENDENT_MPC_MCTS,0.0,3,3,12,partial,iterations,64,0.1,False,4cb373d9112673d0b4ad531f556ec1cd64a842c2337f27388ebfad3acb8f2f4e,15,mean_planning_time,1,0.1234639125032117,0.1234639125032117,,,,1,1,0.12346391250321176
pilot,baseline,INDEPENDENT_MPC_MCTS,0.0,3,3,12,partial,iterations,64,0.1,False,4cb373d9112673d0b4ad531f556ec1cd64a842c2337f27388ebfad3acb8f2f4e,15,p95_planning_time,1,0.2094983850198332,0.2094983850198332,,,,1,1,0.2094983850198332
pilot,baseline,MPC_MCTS_H1,0.0,1,3,12,partial,iterations,64,0.1,False,4cb373d9112673d0b4ad531f556ec1cd64a842c2337f27388ebfad3acb8f2f4e,5,mean_planning_time,3,0.0163240078831289,0.016955612503807,0.0027192759299913,0.0095689519967824,0.0230790637694754,3,3,0.018671900053353358
pilot,baseline,MPC_MCTS_H1,0.0,1,3,12,partial,iterations,64,0.1,False,4cb373d9112673d0b4ad531f556ec1cd64a842c2337f27388ebfad3acb8f2f4e,5,p95_planning_time,3,0.0286140566885781,0.0286370599875226,0.0036815739340817,0.0194685200403286,0.0377595933368277,3,3,0.03228407507413067
pilot,baseline,MPC_MCTS_H1,0.0,1,3,12,partial,iterations,64,0.1,False,4cb373d9112673d0b4ad531f556ec1cd64a842c2337f27388ebfad3acb8f2f4e,10,mean_planning_time,1,0.0380059875024016,0.0380059875024016,,,,1,1,0.038005987502401695
pilot,baseline,MPC_MCTS_H1,0.0,1,3,12,partial,iterations,64,0.1,False,4cb373d9112673d0b4ad531f556ec1cd64a842c2337f27388ebfad3acb8f2f4e,10,p95_planning_time,1,0.1003517900127917,0.1003517900127917,,,,1,1,0.10035179001279171
pilot,baseline,MPC_MCTS_H1,0.0,1,3,12,partial,iterations,64,0.1,False,4cb373d9112673d0b4ad531f556ec1cd64a842c2337f27388ebfad3acb8f2f4e,15,mean_planning_time,1,0.0492059133403624,0.0492059133403624,,,,1,1,0.04920591334036241
pilot,baseline,MPC_MCTS_H1,0.0,1,3,12,partial,iterations,64,0.1,False,4cb373d9112673d0b4ad531f556ec1cd64a842c2337f27388ebfad3acb8f2f4e,15,p95_planning_time,1,0.106008070008829,0.106008070008829,,,,1,1,0.10600807000882909
