study,ablation_factor,algorithm,DoD_target,prediction_horizon,top_l,candidate_limit,charging_mode,budget_mode,iterations,time_limit,parallel_agents,execution_profile,source_sha256,number_of_runs,full_service_rate,mean_service_ratio,median_unserved,mean_activated_vehicles,mean_distance_on_complete_runs,mean_planning_time,p95_planning_time,mean_run_max_planning_time,mean_total_planning_time,mean_nodes_expanded,mean_iterations,mean_charging_time,mean_charging_visits,median_distance_on_complete_runs,maximum_planning_time
B,baseline,COORDINATED_MPC_MCTS,0.0,5,3,12,partial,iterations,16,0.5,False,concurrent,06d868f693a728ac1102e913d6ba675227fc8ef9ccd5c18031507f8350390552,24,0.0,0.57625,36.5,10.916666666666666,,0.09264055158625355,0.15871990519299284,1.1778050624998286,7.1106578375038225,2474.6666666666665,3180.6666666666665,585.2618937787288,17.541666666666668,,2.511071200016886
B,baseline,COORDINATED_MPC_MCTS,0.25,5,3,12,partial,iterations,16,0.5,False,concurrent,06d868f693a728ac1102e913d6ba675227fc8ef9ccd5c18031507f8350390552,24,0.0,0.5670833333333333,39.0,10.916666666666666,,0.09241179826337563,0.1607723756365885,1.1457462666536837,7.1171109750624355,2451.375,3131.3333333333335,614.0701907425165,17.541666666666668,,2.462753999978304
B,baseline,COORDINATED_MPC_MCTS,0.5,5,3,12,partial,iterations,16,0.5,False,concurrent,06d868f693a728ac1102e913d6ba675227fc8ef9ccd5c18031507f8350390552,18,0.0,0.6083333333333333,34.0,10.777777777777779,,0.09202142913881309,0.16148559251450928,1.072348944474167,7.569269350147806,2486.777777777778,3166.222222222222,733.832370572522,18.944444444444443,,2.343755600042641
B,baseline,COORDINATED_MPC_MCTS,0.5,5,3,12,partial,iterations,16,0.5,False,isolated,06d868f693a728ac1102e913d6ba675227fc8ef9ccd5c18031507f8350390552,6,0.0,0.565,44.0,11.333333333333334,,0.051387116754199214,0.10089596747420726,0.5661406999958368,3.9036897996556945,2385.8333333333335,3146.6666666666665,763.0508577532369,20.333333333333332,,1.1086510000750422
B,baseline,COORDINATED_MPC_MCTS,0.75,5,3,12,partial,iterations,16,0.5,False,concurrent,06d868f693a728ac1102e913d6ba675227fc8ef9ccd5c18031507f8350390552,24,0.0,0.6433333333333333,36.0,10.916666666666666,,0.09202983713841617,0.1602347016521283,0.8845625874916246,8.050520358175467,2630.9166666666665,3311.3333333333335,844.9796762238751,19.833333333333332,,2.1128895999863744
B,baseline,GREEDY,0.0,5,3,12,partial,iterations,16,0.5,False,concurrent,06d868f693a728ac1102e913d6ba675227fc8ef9ccd5c18031507f8350390552,24,0.0,0.5433333333333333,42.5,9.666666666666666,,0.0034084544394194973,0.009494958741803805,0.024291533346210297,0.22651287088228855,0.0,0.0,1026.0101757442478,12.75,,0.05329139996320009
B,baseline,GREEDY,0.25,5,3,12,partial,iterations,16,0.5,False,concurrent,06d868f693a728ac1102e913d6ba675227fc8ef9ccd5c18031507f8350390552,24,0.0,0.62125,38.5,10.916666666666666,,0.0030323120972074458,0.007160006051223411,0.02552484167487516,0.2834772126225289,0.0,0.0,1153.8179732248263,15.041666666666666,,0.05026240006554872
B,baseline,GREEDY,0.5,5,3,12,partial,iterations,16,0.5,False,concurrent,06d868f693a728ac1102e913d6ba675227fc8ef9ccd5c18031507f8350390552,24,0.0,0.6170833333333333,42.0,10.916666666666666,,0.0027081515584994422,0.006616658539132912,0.018633270820525166,0.24793849995573206,0.0,0.0,1026.875542016547,14.583333333333334,,0.039171500015072525
B,baseline,GREEDY,0.75,5,3,12,partial,iterations,16,0.5,False,concurrent,06d868f693a728ac1102e913d6ba675227fc8ef9ccd5c18031507f8350390552,24,0.0,0.625,36.0,10.916666666666666,,0.0027970428649839126,0.006986102711137689,0.019807670832960866,0.26757487491704524,0.0,0.0,1099.238905223991,15.541666666666666,,0.03743420005775988
B,baseline,INDEPENDENT_MPC_MCTS,0.0,5,3,12,partial,iterations,16,0.5,False,concurrent,06d868f693a728ac1102e913d6ba675227fc8ef9ccd5c18031507f8350390552,24,0.0,0.5654166666666667,37.0,10.916666666666666,,0.07395246915359406,0.1364148097976188,1.1085834791592788,5.70122051659079,1801.2083333333333,2158.0,571.1711194855676,18.166666666666668,,2.3353310000384226
B,baseline,INDEPENDENT_MPC_MCTS,0.25,5,3,12,partial,iterations,16,0.5,False,concurrent,06d868f693a728ac1102e913d6ba675227fc8ef9ccd5c18031507f8350390552,24,0.0,0.5629166666666666,38.5,10.916666666666666,,0.07655781441541666,0.14329538312182796,1.1123771958324749,5.981862720761758,1820.5,2122.6666666666665,552.5378376119629,17.666666666666668,,2.556910300045274
B,baseline,INDEPENDENT_MPC_MCTS,0.5,5,3,12,partial,iterations,16,0.5,False,concurrent,06d868f693a728ac1102e913d6ba675227fc8ef9ccd5c18031507f8350390552,24,0.0,0.5824999999999999,37.0,10.916666666666666,,0.07299346611161261,0.13857696747969986,0.9469056541662818,5.818637087577372,1797.6666666666667,2114.0,656.3669373037911,19.875,,2.2249050000682473
B,baseline,INDEPENDENT_MPC_MCTS,0.75,5,3,12,partial,iterations,16,0.5,False,concurrent,06d868f693a728ac1102e913d6ba675227fc8ef9ccd5c18031507f8350390552,24,0.0,0.66,33.5,10.916666666666666,,0.07480752271132163,0.1392324406059439,0.8670844791534668,6.741531749935045,1960.9583333333333,2281.3333333333335,827.3986871058682,22.75,,2.168822899926454
B,baseline,MPC_MCTS_H1,0.0,1,3,12,partial,iterations,16,0.5,False,concurrent,06d868f693a728ac1102e913d6ba675227fc8ef9ccd5c18031507f8350390552,24,0.0,0.44375000000000003,61.5,9.583333333333334,,0.032408693076612705,0.08743303561035036,0.13304876248488048,1.7218586749998697,2328.25,3058.0,60.141854150210946,4.916666666666667,,0.24840899999253452
B,baseline,MPC_MCTS_H1,0.25,1,3,12,partial,iterations,16,0.5,False,concurrent,06d868f693a728ac1102e913d6ba675227fc8ef9ccd5c18031507f8350390552,24,0.0,0.5125000000000001,52.0,10.916666666666666,,0.02892166130884773,0.07417265853946443,0.12807948333890332,1.9830547624248236,2646.7916666666665,3298.6666666666665,116.43611697656927,6.041666666666667,,0.2224370000185445
B,baseline,MPC_MCTS_H1,0.5,1,3,12,partial,iterations,16,0.5,False,concurrent,06d868f693a728ac1102e913d6ba675227fc8ef9ccd5c18031507f8350390552,24,0.0,0.5141666666666667,52.0,10.916666666666666,,0.026874095409510024,0.0663784416746542,0.11483741249927941,1.881502312477096,2650.5833333333335,3338.0,141.7331529531546,6.75,,0.19678250001743436
B,baseline,MPC_MCTS_H1,0.75,1,3,12,partial,iterations,16,0.5,False,concurrent,06d868f693a728ac1102e913d6ba675227fc8ef9ccd5c18031507f8350390552,24,0.0,0.5491666666666667,46.5,10.916666666666666,,0.026353291397043264,0.0659708925083881,0.11783730416209437,2.0292394666563873,2807.2916666666665,3476.6666666666665,191.57799990173064,7.666666666666667,,0.23824219999369234
