record_type,customer,release,dispatch,service,vehicle,step,phase,time,battery,action
customer,C10,0.0,100.0,779.0,39,,,,,
customer,C100,0.0,712.2174597671466,744.0,43,,,,,
customer,C12,0.0,0.0,176.0,3,,,,,
customer,C14,0.0,155.23238614500713,263.0,24,,,,,
customer,C15,0.0,579.5055656957735,745.0,1,,,,,
customer,C16,0.0,281.0497234399398,358.0,3,,,,,
customer,C18,0.0,545.0,580.3553390593274,53,,,,,
customer,C19,0.0,187.59426827722575,455.0,1,,,,,
customer,C2,0.0,110.50739452740795,499.0,40,,,,,
customer,C20,0.0,0.0,10.0,8,,,,,
customer,C21,0.0,0.0,11.0,7,,,,,
customer,C23,0.0,0.0,13.0,9,,,,,
customer,C25,0.0,0.0,158.0,17,,,,,
customer,C26,0.0,674.0,689.8113883008419,54,,,,,
customer,C3,0.0,545.0,863.0,52,,,,,
customer,C31,0.0,0.0,467.0,2,,,,,
customer,C32,0.0,284.0,289.3851648071345,10,,,,,
customer,C33,0.0,375.540659228538,416.7717154847146,47,,,,,
customer,C34,0.0,0.0,194.0,10,,,,,
customer,C36,0.0,297.88700086585084,320.35920592009506,5,,,,,
customer,C39,0.0,410.35920592009506,415.35920592009506,5,,,,,
customer,C43,0.0,773.0,807.7131099154195,7,,,,,
customer,C46,0.0,601.0,603.8284271247462,38,,,,,
customer,C5,0.0,83.83817512319533,950.0,37,,,,,
customer,C51,0.0,779.8113883008419,823.0,54,,,,,
customer,C52,0.0,869.0,1042.0,56,,,,,
customer,C55,0.0,199.84226589152794,905.0,45,,,,,
customer,C56,0.0,311.2937755401417,350.0,13,,,,,
customer,C58,0.0,240.74622113263362,285.79064365085446,46,,,,,
customer,C59,0.0,83.8708322362429,118.9279285221591,38,,,,,
customer,C60,0.0,0.0,167.0,13,,,,,
customer,C62,0.0,25.4611584809763,169.0,14,,,,,
customer,C63,0.0,0.0,15.0,4,,,,,
customer,C64,0.0,264.0,285.540659228538,47,,,,,
customer,C65,0.0,0.0,67.0,5,,,,,
customer,C67,0.0,0.0,13.0,11,,,,,
customer,C68,0.0,199.84226589152794,354.0,34,,,,,
customer,C75,0.0,0.0,16.0,16,,,,,
customer,C78,0.0,624.0,667.0,48,,,,,
customer,C80,0.0,0.0,637.0,0,,,,,
customer,C82,0.0,177.0,459.0,18,,,,,
customer,C85,0.0,740.0,742.8284271247462,4,,,,,
customer,C87,0.0,0.0,87.0,18,,,,,
customer,C89,0.0,953.0,975.4722050542442,52,,,,,
customer,C90,0.0,24.642879936891063,45.25840806497936,28,,,,,
customer,C91,0.0,1065.4722050542441,1069.077756329708,52,,,,,
customer,C92,0.0,173.75938636942558,459.0,22,,,,,
customer,C93,0.0,308.13891788733906,546.0,43,,,,,
customer,C94,0.0,0.0,367.0,15,,,,,
customer,C98,0.0,64.39447476760157,181.0,19,,,,,
customer,C4,1.1845674457032143,110.50739452740795,584.0,41,,,,,
customer,C37,3.8569360218117974,410.35920592009506,569.0,50,,,,,
customer,C24,5.974634223723611,5.974634223723611,72.0,25,,,,,
customer,C70,7.049997832174703,7.049997832174703,390.0,26,,,,,
customer,C1,13.411064284495893,82.24870853360964,100.93025022587905,36,,,,,
customer,C41,34.22910718610812,42.62496426379576,61.306505956065166,29,,,,,
customer,C96,50.32252576501083,178.25158122021165,214.30709397485154,43,,,,,
customer,C47,54.26968777836892,54.26968777836892,698.0,30,,,,,
customer,C38,58.95880037733927,506.7717154847146,514.7717154847146,47,,,,,
customer,C74,67.8424928606444,68.40214797893243,88.25158122021165,33,,,,,
customer,C22,68.40214797893243,68.40214797893243,80.56767303952887,32,,,,,
customer,C73,71.0260207491255,271.1197146992593,326.83326780799575,48,,,,,
customer,C40,73.03199029270357,139.34446688164223,150.74622113263362,6,,,,,
customer,C69,79.98268780369442,79.98268780369442,448.0,35,,,,,
customer,C86,82.24870853360964,112.70517235548543,173.0,4,,,,,
customer,C28,86.1348662839634,445.0,448.0,20,,,,,
customer,C84,104.73906062831678,398.26679825223056,650.0,4,,,,,
customer,C97,112.70517235548543,485.36216988693906,645.0,15,,,,,
customer,C81,129.34446688164223,742.7349880000733,761.0,31,,,,,
customer,C29,149.20597545986453,149.20597545986453,174.0,8,,,,,
customer,C30,162.23856502004566,278.30760614786556,355.0,20,,,,,
customer,C42,169.4293292696165,169.4293292696165,239.0,28,,,,,
customer,C83,173.75938636942558,549.0,556.0,18,,,,,
customer,C17,187.59426827722575,670.3553390593274,673.3553390593274,53,,,,,
customer,C71,195.3459239402203,444.0,501.0087712549569,51,,,,,
customer,C57,199.84226589152794,995.0,997.0,45,,,,,
customer,C49,202.77919030323127,1013.0,1016.605551275464,54,,,,,
customer,C27,204.69187529566895,204.69187529566895,263.0,9,,,,,
customer,C95,212.6804490197036,212.6804490197036,274.0,11,,,,,
customer,C45,280.9120341249515,280.9120341249515,421.0,14,,,,,
customer,C13,281.0497234399398,959.0,1042.0,57,,,,,
customer,C44,284.4365177458652,284.4365177458652,334.4365177458652,21,,,,,
customer,C8,308.13891788733906,1059.9004475428662,1061.9004475428662,15,,,,,
customer,C53,311.2937755401417,440.0,444.0,13,,,,,
customer,C88,398.26679825223056,832.8284271247462,837.0,4,,,,,
customer,C48,407.16385338811955,417.90661170057547,511.0,38,,,,,
customer,C79,410.2092502371579,410.2092502371579,458.21966577378913,31,,,,,
customer,C50,417.90661170057547,913.0,923.0,54,,,,,
customer,C6,466.1876129814137,466.1876129814137,683.0,7,,,,,
customer,C99,485.36216988693906,859.1773646195502,860.1773646195502,15,,,,,
customer,C76,485.6067598294425,485.6067598294425,575.0,26,,,,,
customer,C77,513.365401179539,513.365401179539,534.0,48,,,,,
customer,C11,579.5055656957735,693.8284271247462,869.0,55,,,,,
customer,C35,595.2535502412021,595.2535502412021,655.0,2,,,,,
customer,C54,665.1567889012243,730.9322991746235,810.0,13,,,,,
customer,C9,712.2174597671466,950.1773646195502,969.9004475428662,15,,,,,
customer,C61,742.7349880000733,994.0,997.0,33,,,,,
customer,C7,748.4793508776544,748.4793508776544,774.0,19,,,,,
customer,C72,837.823276364491,837.823276364491,904.0,33,,,,,
customer,C66,871.6282043287908,1090.476626965363,1117.6427823797753,51,,,,,
soc,,,,,4,61.0,departure,0.0,79.69,serve
soc,,,,,4,61.0,arrival,14.142135623730951,65.54786437626905,serve
soc,,,,,4,61.0,finish,105.0,65.54786437626905,serve
soc,,,,,4,67.0,departure,105.0,65.54786437626905,wait
soc,,,,,4,67.0,arrival,105.0,65.54786437626905,wait
soc,,,,,4,67.0,finish,112.70517235548543,65.54786437626905,wait
soc,,,,,4,325.0,departure,112.70517235548543,65.54786437626905,serve
soc,,,,,4,325.0,arrival,134.63688455494673,43.61615217680774,serve
soc,,,,,4,325.0,finish,263.0,43.61615217680774,serve
soc,,,,,4,350.0,departure,263.0,43.61615217680774,wait
soc,,,,,4,350.0,arrival,263.0,43.61615217680774,wait
soc,,,,,4,350.0,finish,273.0,43.61615217680774,wait
soc,,,,,4,359.0,departure,273.0,43.61615217680774,wait
soc,,,,,4,359.0,arrival,273.0,43.61615217680774,wait
soc,,,,,4,359.0,finish,280.9120341249515,43.61615217680774,wait
soc,,,,,4,381.0,departure,280.9120341249515,43.61615217680774,wait
soc,,,,,4,381.0,arrival,280.9120341249515,43.61615217680774,wait
soc,,,,,4,381.0,finish,281.0497234399398,43.61615217680774,wait
soc,,,,,4,402.0,departure,281.0497234399398,43.61615217680774,wait
soc,,,,,4,402.0,arrival,281.0497234399398,43.61615217680774,wait
soc,,,,,4,402.0,finish,284.4365177458652,43.61615217680774,wait
soc,,,,,4,422.0,departure,284.4365177458652,43.61615217680774,wait
soc,,,,,4,422.0,arrival,284.4365177458652,43.61615217680774,wait
soc,,,,,4,422.0,finish,294.4365177458652,43.61615217680774,wait
soc,,,,,4,443.0,departure,294.4365177458652,43.61615217680774,wait
soc,,,,,4,443.0,arrival,294.4365177458652,43.61615217680774,wait
soc,,,,,4,443.0,finish,304.4365177458652,43.61615217680774,wait
soc,,,,,4,462.0,departure,304.4365177458652,43.61615217680774,wait
soc,,,,,4,462.0,arrival,304.4365177458652,43.61615217680774,wait
soc,,,,,4,462.0,finish,308.13891788733906,43.61615217680774,wait
soc,,,,,4,482.0,departure,308.13891788733906,43.61615217680774,wait
soc,,,,,4,482.0,arrival,308.13891788733906,43.61615217680774,wait
soc,,,,,4,482.0,finish,311.2937755401417,43.61615217680774,wait
soc,,,,,4,501.0,departure,311.2937755401417,43.61615217680774,wait
soc,,,,,4,501.0,arrival,311.2937755401417,43.61615217680774,wait
soc,,,,,4,501.0,finish,321.2937755401417,43.61615217680774,wait
soc,,,,,4,520.0,departure,321.2937755401417,43.61615217680774,wait
soc,,,,,4,520.0,arrival,321.2937755401417,43.61615217680774,wait
soc,,,,,4,520.0,finish,331.2937755401417,43.61615217680774,wait
soc,,,,,4,539.0,departure,331.2937755401417,43.61615217680774,wait
soc,,,,,4,539.0,arrival,331.2937755401417,43.61615217680774,wait
soc,,,,,4,539.0,finish,341.2937755401417,43.61615217680774,wait
soc,,,,,4,558.0,departure,341.2937755401417,43.61615217680774,wait
soc,,,,,4,558.0,arrival,341.2937755401417,43.61615217680774,wait
soc,,,,,4,558.0,finish,351.2937755401417,43.61615217680774,wait
soc,,,,,4,580.0,departure,351.2937755401417,43.61615217680774,wait
soc,,,,,4,580.0,arrival,351.2937755401417,43.61615217680774,wait
soc,,,,,4,580.0,finish,361.2937755401417,43.61615217680774,wait
soc,,,,,4,604.0,departure,361.2937755401417,43.61615217680774,wait
soc,,,,,4,604.0,arrival,361.2937755401417,43.61615217680774,wait
soc,,,,,4,604.0,finish,371.2937755401417,43.61615217680774,wait
soc,,,,,4,631.0,departure,371.2937755401417,43.61615217680774,wait
soc,,,,,4,631.0,arrival,371.2937755401417,43.61615217680774,wait
soc,,,,,4,631.0,finish,381.2937755401417,43.61615217680774,wait
soc,,,,,4,657.0,departure,381.2937755401417,43.61615217680774,wait
soc,,,,,4,657.0,arrival,381.2937755401417,43.61615217680774,wait
soc,,,,,4,657.0,finish,391.2937755401417,43.61615217680774,wait
soc,,,,,4,680.0,departure,391.2937755401417,43.61615217680774,wait
soc,,,,,4,680.0,arrival,391.2937755401417,43.61615217680774,wait
soc,,,,,4,680.0,finish,398.26679825223056,43.61615217680774,wait
soc,,,,,4,1916.0,departure,398.26679825223056,43.61615217680774,serve
soc,,,,,4,1916.0,arrival,403.26679825223056,38.61615217680774,serve
soc,,,,,4,1916.0,finish,740.0,38.61615217680774,serve
soc,,,,,4,2371.0,departure,740.0,38.61615217680774,serve
soc,,,,,4,2371.0,arrival,742.8284271247462,35.787725052061546,serve
soc,,,,,4,2371.0,finish,832.8284271247462,35.787725052061546,serve
soc,,,,,4,2834.0,departure,832.8284271247462,35.787725052061546,serve
soc,,,,,4,2834.0,arrival,835.8284271247462,32.787725052061546,serve
soc,,,,,4,2834.0,finish,927.0,32.787725052061546,serve
soc,,,,,4,2882.0,departure,927.0,32.787725052061546,wait
soc,,,,,4,2882.0,arrival,927.0,32.787725052061546,wait
soc,,,,,4,2882.0,finish,937.0,32.787725052061546,wait
soc,,,,,4,2930.0,departure,937.0,32.787725052061546,wait
soc,,,,,4,2930.0,arrival,937.0,32.787725052061546,wait
soc,,,,,4,2930.0,finish,947.0,32.787725052061546,wait
soc,,,,,4,2980.0,departure,947.0,32.787725052061546,wait
soc,,,,,4,2980.0,arrival,947.0,32.787725052061546,wait
soc,,,,,4,2980.0,finish,957.0,32.787725052061546,wait
soc,,,,,4,3030.0,departure,957.0,32.787725052061546,wait
soc,,,,,4,3030.0,arrival,957.0,32.787725052061546,wait
soc,,,,,4,3030.0,finish,967.0,32.787725052061546,wait
soc,,,,,4,3079.0,departure,967.0,32.787725052061546,wait
soc,,,,,4,3079.0,arrival,967.0,32.787725052061546,wait
soc,,,,,4,3079.0,finish,977.0,32.787725052061546,wait
soc,,,,,4,3128.0,departure,977.0,32.787725052061546,wait
soc,,,,,4,3128.0,arrival,977.0,32.787725052061546,wait
soc,,,,,4,3128.0,finish,987.0,32.787725052061546,wait
soc,,,,,4,3179.0,departure,987.0,32.787725052061546,wait
soc,,,,,4,3179.0,arrival,987.0,32.787725052061546,wait
soc,,,,,4,3179.0,finish,997.0,32.787725052061546,wait
soc,,,,,4,3228.0,departure,997.0,32.787725052061546,wait
soc,,,,,4,3228.0,arrival,997.0,32.787725052061546,wait
soc,,,,,4,3228.0,finish,1007.0,32.787725052061546,wait
soc,,,,,4,3278.0,departure,1007.0,32.787725052061546,wait
soc,,,,,4,3278.0,arrival,1007.0,32.787725052061546,wait
soc,,,,,4,3278.0,finish,1017.0,32.787725052061546,wait
soc,,,,,4,3328.0,departure,1017.0,32.787725052061546,wait
soc,,,,,4,3328.0,arrival,1017.0,32.787725052061546,wait
soc,,,,,4,3328.0,finish,1027.0,32.787725052061546,wait
soc,,,,,4,3374.0,departure,1027.0,32.787725052061546,wait
soc,,,,,4,3374.0,arrival,1027.0,32.787725052061546,wait
soc,,,,,4,3374.0,finish,1037.0,32.787725052061546,wait
soc,,,,,4,3423.0,departure,1037.0,32.787725052061546,wait
soc,,,,,4,3423.0,arrival,1037.0,32.787725052061546,wait
soc,,,,,4,3423.0,finish,1047.0,32.787725052061546,wait
soc,,,,,4,3468.0,departure,1047.0,32.787725052061546,wait
soc,,,,,4,3468.0,arrival,1047.0,32.787725052061546,wait
soc,,,,,4,3468.0,finish,1057.0,32.787725052061546,wait
soc,,,,,4,3512.0,departure,1057.0,32.787725052061546,wait
soc,,,,,4,3512.0,arrival,1057.0,32.787725052061546,wait
soc,,,,,4,3512.0,finish,1067.0,32.787725052061546,wait
soc,,,,,4,3546.0,departure,1067.0,32.787725052061546,wait
soc,,,,,4,3546.0,arrival,1067.0,32.787725052061546,wait
soc,,,,,4,3546.0,finish,1077.0,32.787725052061546,wait
soc,,,,,4,3584.0,departure,1077.0,32.787725052061546,wait
soc,,,,,4,3584.0,arrival,1077.0,32.787725052061546,wait
soc,,,,,4,3584.0,finish,1087.0,32.787725052061546,wait
soc,,,,,4,3609.0,departure,1087.0,32.787725052061546,wait
soc,,,,,4,3609.0,arrival,1087.0,32.787725052061546,wait
soc,,,,,4,3609.0,finish,1097.0,32.787725052061546,wait
soc,,,,,4,3631.0,departure,1097.0,32.787725052061546,return
soc,,,,,4,3631.0,arrival,1123.9258240356726,5.861901016389027,return
soc,,,,,4,3631.0,finish,1123.9258240356726,5.861901016389027,return
