kind,node,node_kind,x,y,x_end,y_end,vehicle
node,D0,d,40.0,50.0,,,
node,S0,f,40.0,50.0,,,
node,S1,f,73.0,52.0,,,
node,S2,f,90.0,55.0,,,
node,S3,f,55.0,79.0,,,
node,S4,f,69.0,89.0,,,
node,S5,f,32.0,80.0,,,
node,S6,f,39.0,96.0,,,
node,S7,f,23.0,80.0,,,
node,S8,f,4.0,83.0,,,
node,S9,f,18.0,58.0,,,
node,S10,f,1.0,56.0,,,
node,S11,f,13.0,31.0,,,
node,S12,f,-5.0,38.0,,,
node,S13,f,26.0,37.0,,,
node,S14,f,28.0,13.0,,,
node,S15,f,39.0,31.0,,,
node,S16,f,48.0,11.0,,,
node,S17,f,59.0,17.0,,,
node,S18,f,73.0,23.0,,,
node,S19,f,74.0,32.0,,,
node,S20,f,90.0,44.0,,,
node,C1,c,45.0,68.0,,,
node,C2,c,45.0,70.0,,,
node,C3,c,42.0,66.0,,,
node,C4,c,42.0,68.0,,,
node,C5,c,42.0,65.0,,,
node,C6,c,40.0,69.0,,,
node,C7,c,40.0,66.0,,,
node,C8,c,38.0,68.0,,,
node,C9,c,38.0,70.0,,,
node,C10,c,35.0,66.0,,,
node,C11,c,35.0,69.0,,,
node,C12,c,25.0,85.0,,,
node,C13,c,22.0,75.0,,,
node,C14,c,22.0,85.0,,,
node,C15,c,20.0,80.0,,,
node,C16,c,20.0,85.0,,,
node,C17,c,18.0,75.0,,,
node,C18,c,15.0,75.0,,,
node,C19,c,15.0,80.0,,,
node,C20,c,30.0,50.0,,,
node,C21,c,30.0,52.0,,,
node,C22,c,28.0,52.0,,,
node,C23,c,28.0,55.0,,,
node,C24,c,25.0,50.0,,,
node,C25,c,25.0,52.0,,,
node,C26,c,25.0,55.0,,,
node,C27,c,23.0,52.0,,,
node,C28,c,23.0,55.0,,,
node,C29,c,20.0,50.0,,,
node,C30,c,20.0,55.0,,,
node,C31,c,10.0,35.0,,,
node,C32,c,10.0,40.0,,,
node,C33,c,8.0,40.0,,,
node,C34,c,8.0,45.0,,,
node,C35,c,5.0,35.0,,,
node,C36,c,5.0,45.0,,,
node,C37,c,2.0,40.0,,,
node,C38,c,0.0,40.0,,,
node,C39,c,0.0,45.0,,,
node,C40,c,35.0,30.0,,,
node,C41,c,35.0,32.0,,,
node,C42,c,33.0,32.0,,,
node,C43,c,33.0,35.0,,,
node,C44,c,32.0,30.0,,,
node,C45,c,30.0,30.0,,,
node,C46,c,30.0,32.0,,,
node,C47,c,30.0,35.0,,,
node,C48,c,28.0,30.0,,,
node,C49,c,28.0,35.0,,,
node,C50,c,26.0,32.0,,,
node,C51,c,25.0,30.0,,,
node,C52,c,25.0,35.0,,,
node,C53,c,44.0,5.0,,,
node,C54,c,42.0,10.0,,,
node,C55,c,42.0,15.0,,,
node,C56,c,40.0,5.0,,,
node,C57,c,40.0,15.0,,,
node,C58,c,38.0,5.0,,,
node,C59,c,38.0,15.0,,,
node,C60,c,35.0,5.0,,,
node,C61,c,50.0,30.0,,,
node,C62,c,50.0,35.0,,,
node,C63,c,50.0,40.0,,,
node,C64,c,48.0,30.0,,,
node,C65,c,48.0,40.0,,,
node,C66,c,47.0,35.0,,,
node,C67,c,47.0,40.0,,,
node,C68,c,45.0,30.0,,,
node,C69,c,45.0,35.0,,,
node,C70,c,95.0,30.0,,,
node,C71,c,95.0,35.0,,,
node,C72,c,53.0,30.0,,,
node,C73,c,92.0,30.0,,,
node,C74,c,53.0,35.0,,,
node,C75,c,45.0,65.0,,,
node,C76,c,90.0,35.0,,,
node,C77,c,88.0,30.0,,,
node,C78,c,88.0,35.0,,,
node,C79,c,87.0,30.0,,,
node,C80,c,85.0,25.0,,,
node,C81,c,85.0,35.0,,,
node,C82,c,75.0,55.0,,,
node,C83,c,72.0,55.0,,,
node,C84,c,70.0,58.0,,,
node,C85,c,68.0,60.0,,,
node,C86,c,66.0,55.0,,,
node,C87,c,65.0,55.0,,,
node,C88,c,65.0,60.0,,,
node,C89,c,63.0,58.0,,,
node,C90,c,60.0,55.0,,,
node,C91,c,60.0,60.0,,,
node,C92,c,67.0,85.0,,,
node,C93,c,65.0,85.0,,,
node,C94,c,65.0,82.0,,,
node,C95,c,62.0,80.0,,,
node,C96,c,60.0,80.0,,,
node,C97,c,60.0,85.0,,,
node,C98,c,58.0,75.0,,,
node,C99,c,55.0,80.0,,,
node,C100,c,55.0,85.0,,,
arc,,,40.0,50.0,39.0,31.0,12.0
arc,,,40.0,50.0,39.0,31.0,14.0
arc,,,40.0,50.0,55.0,79.0,23.0
arc,,,40.0,50.0,55.0,79.0,19.0
arc,,,40.0,50.0,55.0,79.0,21.0
arc,,,40.0,50.0,23.0,80.0,27.0
arc,,,40.0,50.0,55.0,79.0,20.0
arc,,,40.0,50.0,55.0,79.0,22.0
arc,,,40.0,50.0,23.0,80.0,1.0
arc,,,40.0,50.0,26.0,37.0,6.0
arc,,,40.0,50.0,30.0,50.0,8.0
arc,,,40.0,50.0,30.0,52.0,7.0
arc,,,40.0,50.0,28.0,55.0,9.0
arc,,,40.0,50.0,47.0,40.0,11.0
arc,,,40.0,50.0,50.0,40.0,4.0
arc,,,40.0,50.0,45.0,65.0,16.0
arc,,,55.0,79.0,32.0,80.0,23.0
arc,,,40.0,50.0,60.0,55.0,28.0
arc,,,40.0,50.0,39.0,31.0,31.0
arc,,,40.0,50.0,35.0,32.0,29.0
arc,,,45.0,65.0,18.0,58.0,16.0
arc,,,40.0,50.0,23.0,80.0,24.0
arc,,,40.0,50.0,39.0,31.0,34.0
arc,,,40.0,50.0,48.0,40.0,5.0
arc,,,40.0,50.0,25.0,50.0,25.0
arc,,,40.0,50.0,28.0,52.0,32.0
arc,,,39.0,31.0,26.0,37.0,12.0
arc,,,40.0,50.0,65.0,55.0,18.0
arc,,,40.0,50.0,53.0,35.0,33.0
arc,,,55.0,79.0,69.0,89.0,20.0
arc,,,40.0,50.0,45.0,68.0,36.0
arc,,,40.0,50.0,38.0,15.0,38.0
arc,,,32.0,80.0,18.0,58.0,23.0
arc,,,26.0,37.0,35.0,30.0,6.0
arc,,,40.0,50.0,23.0,80.0,42.0
arc,,,40.0,50.0,25.0,52.0,17.0
arc,,,55.0,79.0,32.0,80.0,21.0
arc,,,40.0,50.0,35.0,5.0,13.0
arc,,,39.0,31.0,50.0,35.0,14.0
arc,,,23.0,80.0,4.0,83.0,27.0
arc,,,50.0,40.0,66.0,55.0,4.0
arc,,,30.0,50.0,20.0,50.0,8.0
arc,,,40.0,50.0,25.0,85.0,3.0
arc,,,55.0,79.0,58.0,75.0,19.0
arc,,,40.0,50.0,39.0,31.0,44.0
arc,,,69.0,89.0,55.0,79.0,20.0
arc,,,40.0,50.0,8.0,45.0,10.0
arc,,,48.0,40.0,26.0,37.0,5.0
arc,,,40.0,50.0,60.0,80.0,43.0
arc,,,60.0,55.0,33.0,32.0,28.0
arc,,,28.0,55.0,23.0,52.0,9.0
arc,,,23.0,80.0,22.0,85.0,24.0
arc,,,40.0,50.0,23.0,80.0,49.0
arc,,,47.0,40.0,62.0,80.0,11.0
arc,,,35.0,30.0,28.0,13.0,6.0
arc,,,40.0,50.0,48.0,30.0,47.0
arc,,,40.0,50.0,38.0,5.0,46.0
arc,,,8.0,45.0,10.0,40.0,10.0
arc,,,26.0,37.0,5.0,45.0,5.0
arc,,,40.0,50.0,92.0,30.0,48.0
arc,,,32.0,80.0,32.0,30.0,21.0
arc,,,35.0,5.0,40.0,5.0,13.0
arc,,,39.0,31.0,45.0,30.0,34.0
arc,,,55.0,79.0,20.0,55.0,20.0
arc,,,25.0,85.0,20.0,85.0,3.0
arc,,,40.0,50.0,65.0,82.0,15.0
arc,,,40.0,50.0,95.0,30.0,26.0
arc,,,5.0,45.0,0.0,45.0,5.0
arc,,,48.0,30.0,8.0,40.0,47.0
arc,,,50.0,35.0,30.0,30.0,14.0
arc,,,40.0,5.0,44.0,5.0,13.0
arc,,,20.0,55.0,23.0,55.0,20.0
arc,,,40.0,50.0,45.0,35.0,35.0
arc,,,23.0,80.0,15.0,80.0,1.0
arc,,,39.0,31.0,87.0,30.0,31.0
arc,,,38.0,5.0,28.0,13.0,46.0
arc,,,65.0,55.0,75.0,55.0,18.0
arc,,,55.0,79.0,67.0,85.0,22.0
arc,,,40.0,50.0,10.0,35.0,2.0
arc,,,40.0,50.0,45.0,70.0,40.0
arc,,,40.0,50.0,95.0,35.0,51.0
arc,,,38.0,15.0,28.0,30.0,38.0
arc,,,8.0,40.0,0.0,40.0,47.0
arc,,,92.0,30.0,88.0,30.0,48.0
arc,,,60.0,80.0,65.0,85.0,43.0
arc,,,75.0,55.0,72.0,55.0,18.0
arc,,,40.0,50.0,2.0,40.0,50.0
arc,,,95.0,30.0,90.0,35.0,26.0
arc,,,40.0,50.0,15.0,75.0,53.0
arc,,,40.0,50.0,42.0,68.0,41.0
arc,,,28.0,30.0,30.0,32.0,38.0
arc,,,44.0,5.0,48.0,11.0,13.0
arc,,,40.0,50.0,85.0,25.0,0.0
arc,,,65.0,82.0,60.0,85.0,15.0
arc,,,66.0,55.0,70.0,58.0,4.0
arc,,,10.0,35.0,5.0,35.0,2.0
arc,,,88.0,30.0,88.0,35.0,48.0
arc,,,15.0,75.0,18.0,75.0,53.0
arc,,,30.0,52.0,40.0,69.0,7.0
arc,,,40.0,50.0,25.0,55.0,54.0
arc,,,40.0,50.0,30.0,35.0,30.0
arc,,,70.0,58.0,68.0,60.0,4.0
arc,,,65.0,85.0,55.0,85.0,43.0
arc,,,15.0,80.0,20.0,80.0,1.0
arc,,,87.0,30.0,85.0,35.0,31.0
arc,,,60.0,85.0,55.0,79.0,15.0
arc,,,58.0,75.0,40.0,66.0,19.0
arc,,,40.0,50.0,35.0,66.0,39.0
arc,,,40.0,69.0,33.0,35.0,7.0
arc,,,48.0,11.0,42.0,10.0,13.0
arc,,,25.0,55.0,25.0,30.0,54.0
arc,,,68.0,60.0,65.0,60.0,4.0
arc,,,55.0,79.0,55.0,80.0,15.0
arc,,,40.0,50.0,42.0,66.0,52.0
arc,,,40.0,50.0,35.0,69.0,55.0
arc,,,53.0,35.0,53.0,30.0,33.0
arc,,,40.0,50.0,42.0,15.0,45.0
arc,,,25.0,30.0,26.0,32.0,54.0
arc,,,40.0,66.0,40.0,50.0,19.0
arc,,,40.0,50.0,42.0,65.0,37.0
arc,,,18.0,58.0,40.0,50.0,16.0
arc,,,55.0,80.0,38.0,70.0,15.0
arc,,,32.0,30.0,40.0,50.0,21.0
arc,,,42.0,66.0,63.0,58.0,52.0
arc,,,35.0,66.0,40.0,50.0,39.0
arc,,,23.0,52.0,40.0,50.0,9.0
arc,,,42.0,68.0,40.0,50.0,41.0
arc,,,45.0,68.0,40.0,50.0,36.0
arc,,,26.0,37.0,40.0,50.0,12.0
arc,,,20.0,50.0,40.0,50.0,8.0
arc,,,28.0,52.0,40.0,50.0,32.0
arc,,,18.0,75.0,40.0,50.0,53.0
arc,,,25.0,50.0,40.0,50.0,25.0
arc,,,25.0,52.0,40.0,50.0,17.0
arc,,,53.0,30.0,50.0,30.0,33.0
arc,,,42.0,15.0,40.0,15.0,45.0
arc,,,45.0,35.0,40.0,50.0,35.0
arc,,,20.0,80.0,40.0,50.0,1.0
arc,,,35.0,32.0,40.0,50.0,29.0
arc,,,4.0,83.0,40.0,50.0,27.0
arc,,,95.0,35.0,74.0,32.0,51.0
arc,,,45.0,30.0,40.0,50.0,34.0
arc,,,45.0,70.0,40.0,50.0,40.0
arc,,,39.0,31.0,40.0,50.0,44.0
arc,,,22.0,85.0,40.0,50.0,24.0
arc,,,26.0,32.0,28.0,35.0,54.0
arc,,,50.0,30.0,40.0,50.0,33.0
arc,,,30.0,35.0,40.0,50.0,30.0
arc,,,28.0,13.0,40.0,50.0,46.0
arc,,,33.0,32.0,40.0,50.0,28.0
arc,,,30.0,32.0,40.0,50.0,38.0
arc,,,30.0,30.0,40.0,50.0,14.0
arc,,,18.0,58.0,40.0,50.0,23.0
arc,,,42.0,65.0,40.0,50.0,37.0
arc,,,23.0,80.0,40.0,50.0,42.0
arc,,,23.0,80.0,40.0,50.0,49.0
arc,,,35.0,69.0,40.0,50.0,55.0
arc,,,0.0,45.0,40.0,50.0,5.0
arc,,,40.0,15.0,40.0,50.0,45.0
arc,,,10.0,40.0,40.0,50.0,10.0
arc,,,65.0,60.0,40.0,50.0,4.0
arc,,,72.0,55.0,40.0,50.0,18.0
arc,,,28.0,35.0,40.0,50.0,54.0
arc,,,67.0,85.0,40.0,50.0,22.0
arc,,,55.0,85.0,55.0,79.0,43.0
arc,,,5.0,35.0,40.0,50.0,2.0
arc,,,28.0,13.0,40.0,50.0,6.0
arc,,,2.0,40.0,40.0,50.0,50.0
arc,,,40.0,50.0,25.0,35.0,56.0
arc,,,40.0,50.0,22.0,75.0,57.0
arc,,,62.0,80.0,55.0,79.0,11.0
arc,,,23.0,55.0,18.0,58.0,20.0
arc,,,38.0,70.0,38.0,68.0,15.0
arc,,,25.0,35.0,40.0,50.0,56.0
arc,,,42.0,10.0,39.0,31.0,13.0
arc,,,63.0,58.0,60.0,60.0,52.0
arc,,,55.0,79.0,40.0,50.0,43.0
arc,,,22.0,75.0,40.0,50.0,57.0
arc,,,0.0,40.0,-5.0,38.0,47.0
arc,,,38.0,68.0,40.0,50.0,15.0
arc,,,18.0,58.0,40.0,50.0,20.0
arc,,,55.0,79.0,40.0,50.0,11.0
arc,,,39.0,31.0,40.0,50.0,13.0
arc,,,60.0,60.0,40.0,50.0,52.0
arc,,,85.0,35.0,74.0,32.0,31.0
arc,,,85.0,25.0,74.0,32.0,0.0
arc,,,90.0,35.0,90.0,44.0,26.0
arc,,,20.0,85.0,23.0,80.0,3.0
arc,,,88.0,35.0,74.0,32.0,48.0
arc,,,74.0,32.0,47.0,35.0,51.0
arc,,,33.0,35.0,39.0,31.0,7.0
arc,,,23.0,80.0,40.0,50.0,3.0
arc,,,74.0,32.0,40.0,50.0,31.0
arc,,,74.0,32.0,40.0,50.0,0.0
arc,,,47.0,35.0,40.0,50.0,51.0
arc,,,39.0,31.0,40.0,50.0,7.0
arc,,,90.0,44.0,40.0,50.0,26.0
arc,,,74.0,32.0,40.0,50.0,48.0
arc,,,-5.0,38.0,40.0,50.0,47.0
