DoD_realized,DoD_target,K,algorithm,algorithm_seed,instance,instance_family,instance_sha256,number_of_customers,number_of_stations,reference_schedule_identifier,scenario_identifier,scenario_seed,agent_replans,battery_violations,capacity_violations,complete_service,conflicts_resolved,customers_served,customers_unserved,decision_epochs,distance_per_served_customer,duplicate_customer_proposal_conflicts,duplicate_service_violations,feasible,final_return_feasibility,hidden_information_violations,maximum_planning_time,mcts_iterations,mean_planning_time,mean_unique_intention_coverage,median_planning_time,nodes_expanded,p95_planning_time,service_ratio,symmetry_reused_replans,time_window_violations,total_charging_time,total_charging_visits,total_distance,total_energy_charged,total_planning_time,total_waiting_time,vehicle_activations_caused_by_coordinator,vehicles_activated,wait_selected,status,run_id,study,ablation_factor,action_space_reduction,budget_mode,cache_transitions,candidate_limit,charge_fractions,charge_target_limit,charging_mode,control_horizon,iterations,prediction_horizon,station_candidate_limit,time_limit,top_l,uct_c,parallel_agents,execution_profile,source_sha256,distance_complete,structural_valid,failure_class,reason
0.4,0.5,3,COORDINATED_MPC_MCTS,1,c103C15,C1,91c41561f2f515139f4426bb9a1fdeec3ed8662a72770dee28b201cb0d207930,15,5,1a8ffea3f01227a7e204b9fd6dec180ad7a6f7fba469989b66fa83290521e0e3,a179f946cba6526cc6ccdbf6f2b352566b37993f9a9fda1086cbc96a331bb24c,0,27,0,0,False,2,13,2,20,30.6560200738932,2,0,False,True,0,1.5390067000407726,279256,0.6863625699887053,3.05,0.5098833499941975,12779,1.5055031450698153,0.8666666666666667,0,0,800.7237768102826,4,398.5282609606116,230.75613164561457,13.727251399774104,1316.2600094153463,3,3,7,completed,02a99b5ba0fb4cb4642805d2ab00d4b3900d58c5b2b8ee89b416cfe41ecfe340,realtime,baseline,True,wall_clock,True,12,"[0.5, 0.75, 1.0]",5,partial,1,16,5,4,0.5,3,1.4,False,isolated,06d868f693a728ac1102e913d6ba675227fc8ef9ccd5c18031507f8350390552,,True,incomplete_service,Not all customers served
0.5,0.5,13,COORDINATED_MPC_MCTS,0,c101_21,C1,c5cda6ca63a7d518902cf4b02d98b4aa0f373aaa0658d5c666d1c46d38871cb9,100,21,18cb8c56a43219b437afb391f11d42a3c7d8056ed895f0cb721b15683964ccb8,36effcf880a9fa96164abaa2767519ebec30a23ad53c3bff371f65280f13c403,0,238,0,0,False,9,73,27,109,20.535836107796044,9,0,False,True,0,6.678507399978116,3170621,1.1079081880716914,3.311926605504587,0.5167010000441223,33159,4.505867779976688,0.73,0,0,2236.9988209726807,25,1499.1160358691113,659.8816581040355,120.76199249981437,5155.357162523298,13,13,127,completed,289157aead275195bbb13e3cbbf9975957fe13ee0885beb52bc48a78c0ce9d86,realtime,baseline,True,wall_clock,True,12,"[0.5, 0.75, 1.0]",5,partial,1,16,5,4,0.5,3,1.4,False,isolated,06d868f693a728ac1102e913d6ba675227fc8ef9ccd5c18031507f8350390552,,True,incomplete_service,Not all customers served
0.5,0.5,20,COORDINATED_MPC_MCTS,1,r101_21,R1,0e5a3dffffbd3c516b528ef32ba1a488b817d2f151fc3e8c81023814de1c103a,100,21,eff55182b21377e4bea8207e9200f55561609fca70ed7b70d688aaf23af4b5ae,89afc6a13ace161299c804b89b155cfbb0ef27b628207f852fa9b81f88148862,0,354,0,0,False,27,65,35,108,25.696364066584046,27,0,False,True,0,5.177671400015242,2283454,0.833716404628595,3.1944444444444446,0.2719554500072263,30276,3.0068908850196747,0.65,0,0,325.99885007949575,41,1670.263664327963,679.1642709989495,90.04137169988826,1784.6945624158568,20,20,228,completed,2b363eedb0871ad5aefd9db4951592a6cd15dc74ac1e09b2081f48b49b1e35d6,realtime,baseline,True,wall_clock,True,12,"[0.5, 0.75, 1.0]",5,partial,1,16,5,4,0.25,3,1.4,False,isolated,06d868f693a728ac1102e913d6ba675227fc8ef9ccd5c18031507f8350390552,,True,incomplete_service,Not all customers served
0.5,0.5,20,COORDINATED_MPC_MCTS,1,r101_21,R1,0e5a3dffffbd3c516b528ef32ba1a488b817d2f151fc3e8c81023814de1c103a,100,21,eff55182b21377e4bea8207e9200f55561609fca70ed7b70d688aaf23af4b5ae,89afc6a13ace161299c804b89b155cfbb0ef27b628207f852fa9b81f88148862,0,357,0,0,False,20,64,36,106,26.062916480450134,20,0,False,True,0,2.1223316999385133,896620,0.3498101386863229,3.0,0.11802739999257028,16889,1.3069439000100829,0.64,0,0,343.6852526504854,37,1668.0266547488086,716.0109430218446,37.079874700750224,1827.312678696449,20,20,236,completed,31e8c74367c01d046e20c94ff5d175ef6b831eef63445709a840bc5760cfef62,realtime,baseline,True,wall_clock,True,12,"[0.5, 0.75, 1.0]",5,partial,1,16,5,4,0.1,3,1.4,False,isolated,06d868f693a728ac1102e913d6ba675227fc8ef9ccd5c18031507f8350390552,,True,incomplete_service,Not all customers served
0.4,0.5,3,COORDINATED_MPC_MCTS,0,c103C15,C1,91c41561f2f515139f4426bb9a1fdeec3ed8662a72770dee28b201cb0d207930,15,5,1a8ffea3f01227a7e204b9fd6dec180ad7a6f7fba469989b66fa83290521e0e3,a179f946cba6526cc6ccdbf6f2b352566b37993f9a9fda1086cbc96a331bb24c,0,29,0,0,False,2,12,3,22,41.369242203179134,2,0,False,True,0,1.5427028000121936,312713,0.6688726272762076,2.6363636363636362,0.5095363500295207,10862,1.5041111350583378,0.8,0,0,1181.0946135868637,7,496.43090643814963,340.37308748900966,14.715197800076567,943.2014580471659,3,3,7,completed,36125b000b16ad106cbc331107e83002a656351b73bf827a526b3f3ef3d38226,realtime,baseline,True,wall_clock,True,12,"[0.5, 0.75, 1.0]",5,partial,1,16,5,4,0.5,3,1.4,False,isolated,06d868f693a728ac1102e913d6ba675227fc8ef9ccd5c18031507f8350390552,,True,incomplete_service,Not all customers served
0.4,0.5,3,COORDINATED_MPC_MCTS,1,c103C15,C1,91c41561f2f515139f4426bb9a1fdeec3ed8662a72770dee28b201cb0d207930,15,5,1a8ffea3f01227a7e204b9fd6dec180ad7a6f7fba469989b66fa83290521e0e3,a179f946cba6526cc6ccdbf6f2b352566b37993f9a9fda1086cbc96a331bb24c,0,32,0,0,False,2,13,2,25,36.72214067128966,2,0,False,True,0,0.7854295000433922,169261,0.3282338920049369,2.68,0.2561374999349937,9168,0.753760900022462,0.8666666666666667,0,0,1147.446578869034,9,477.3878287267655,330.67624751268994,8.205847300123423,873.9145849762008,3,3,7,completed,398615aabb791c4626111df5818a667e4cdecd6fe1c8537326e596ceb3bf1282,realtime,baseline,True,wall_clock,True,12,"[0.5, 0.75, 1.0]",5,partial,1,16,5,4,0.25,3,1.4,False,isolated,06d868f693a728ac1102e913d6ba675227fc8ef9ccd5c18031507f8350390552,,True,incomplete_service,Not all customers served
0.5,0.5,20,COORDINATED_MPC_MCTS,0,r101_21,R1,0e5a3dffffbd3c516b528ef32ba1a488b817d2f151fc3e8c81023814de1c103a,100,21,eff55182b21377e4bea8207e9200f55561609fca70ed7b70d688aaf23af4b5ae,89afc6a13ace161299c804b89b155cfbb0ef27b628207f852fa9b81f88148862,0,349,0,0,False,18,61,39,103,27.190230204601225,18,0,False,True,0,2.116863700095564,919477,0.35171358058459656,3.116504854368932,0.11839910002890974,15273,1.3071404300048015,0.61,0,0,315.9626823086959,41,1658.6040424806747,658.2555881431165,36.22649880021345,1935.7884341717318,20,20,227,completed,5181da8eb21be9738fbd265918532a6a1599f44a6ea6b1526875e3526401f034,realtime,baseline,True,wall_clock,True,12,"[0.5, 0.75, 1.0]",5,partial,1,16,5,4,0.1,3,1.4,False,isolated,06d868f693a728ac1102e913d6ba675227fc8ef9ccd5c18031507f8350390552,,True,incomplete_service,Not all customers served
0.5,0.5,20,COORDINATED_MPC_MCTS,1,r101_21,R1,0e5a3dffffbd3c516b528ef32ba1a488b817d2f151fc3e8c81023814de1c103a,100,21,eff55182b21377e4bea8207e9200f55561609fca70ed7b70d688aaf23af4b5ae,89afc6a13ace161299c804b89b155cfbb0ef27b628207f852fa9b81f88148862,0,347,0,0,False,20,64,36,99,25.2403491655354,20,0,False,True,0,1.1364554999163374,465338,0.18665851413794426,2.676767676767677,0.06638880004175007,9698,0.6070280899992213,0.64,0,0,319.37181647303686,32,1615.3823465942655,665.3579509854935,18.479192899656482,1910.1266375815626,20,20,231,completed,56ef5882e350b4bb2d3199beb496a1a1f4c0ab84dcfe6eeb840b36a18a67dd36,realtime,baseline,True,wall_clock,True,12,"[0.5, 0.75, 1.0]",5,partial,1,16,5,4,0.05,3,1.4,False,isolated,06d868f693a728ac1102e913d6ba675227fc8ef9ccd5c18031507f8350390552,,True,incomplete_service,Not all customers served
0.4,0.5,3,COORDINATED_MPC_MCTS,1,c103C15,C1,91c41561f2f515139f4426bb9a1fdeec3ed8662a72770dee28b201cb0d207930,15,5,1a8ffea3f01227a7e204b9fd6dec180ad7a6f7fba469989b66fa83290521e0e3,a179f946cba6526cc6ccdbf6f2b352566b37993f9a9fda1086cbc96a331bb24c,0,36,0,0,False,2,14,1,29,38.28301836773739,2,0,False,True,0,0.3317961000138894,68413,0.13169316896478292,2.7241379310344827,0.10623099992517382,3540,0.265233920025639,0.9333333333333333,0,0,1195.1643585182746,11,535.9622571483235,344.4277690254394,3.8191018999787048,639.7539026054851,3,3,8,completed,5d184bd31dc37c2056f06483d14d4e5bc5af578e83d5b20f49504b8cd3743438,realtime,baseline,True,wall_clock,True,12,"[0.5, 0.75, 1.0]",5,partial,1,16,5,4,0.1,3,1.4,False,isolated,06d868f693a728ac1102e913d6ba675227fc8ef9ccd5c18031507f8350390552,,True,incomplete_service,Not all customers served
0.5,0.5,20,COORDINATED_MPC_MCTS,0,r101_21,R1,0e5a3dffffbd3c516b528ef32ba1a488b817d2f151fc3e8c81023814de1c103a,100,21,eff55182b21377e4bea8207e9200f55561609fca70ed7b70d688aaf23af4b5ae,89afc6a13ace161299c804b89b155cfbb0ef27b628207f852fa9b81f88148862,0,337,0,0,False,17,61,39,111,29.291880944972554,17,0,False,True,0,1.1097563999937847,509052,0.16349571081075548,2.900900900900901,0.06360819994006306,12115,0.6066352000343613,0.61,0,0,407.891808513497,43,1786.8047376433258,849.7746010697855,18.14802389999386,1618.766649576626,20,20,213,completed,65706eede186522be1d539b063865c1165c595ddc13b75c369a216f653485730,realtime,baseline,True,wall_clock,True,12,"[0.5, 0.75, 1.0]",5,partial,1,16,5,4,0.05,3,1.4,False,isolated,06d868f693a728ac1102e913d6ba675227fc8ef9ccd5c18031507f8350390552,,True,incomplete_service,Not all customers served
0.5,0.5,13,COORDINATED_MPC_MCTS,1,c101_21,C1,c5cda6ca63a7d518902cf4b02d98b4aa0f373aaa0658d5c666d1c46d38871cb9,100,21,18cb8c56a43219b437afb391f11d42a3c7d8056ed895f0cb721b15683964ccb8,36effcf880a9fa96164abaa2767519ebec30a23ad53c3bff371f65280f13c403,0,218,0,0,False,12,72,28,102,19.610160187676772,12,0,False,True,0,6.6934730999637395,2920097,1.0829268500081026,3.3333333333333335,0.5145703999442048,32159,4.005806975043379,0.72,0,0,1971.0612349148132,21,1411.9315335127276,581.4339926002399,110.45853870082647,5695.7701707160895,13,13,112,completed,6868f900143bd803d2ffc9be0c2ac26c664e2c54df61d04bc7775002ef793e92,realtime,baseline,True,wall_clock,True,12,"[0.5, 0.75, 1.0]",5,partial,1,16,5,4,0.5,3,1.4,False,isolated,06d868f693a728ac1102e913d6ba675227fc8ef9ccd5c18031507f8350390552,,True,incomplete_service,Not all customers served
0.4,0.5,3,COORDINATED_MPC_MCTS,0,c103C15,C1,91c41561f2f515139f4426bb9a1fdeec3ed8662a72770dee28b201cb0d207930,15,5,1a8ffea3f01227a7e204b9fd6dec180ad7a6f7fba469989b66fa83290521e0e3,a179f946cba6526cc6ccdbf6f2b352566b37993f9a9fda1086cbc96a331bb24c,0,35,0,0,False,2,14,1,26,35.048202130310145,2,0,False,True,0,0.18125440005678684,34170,0.07516401923315313,2.8461538461538463,0.056184599990956485,2929,0.15517974997055717,0.9333333333333333,0,0,1010.6783112913063,9,490.67482982434205,291.2617611790508,1.9542645000619814,929.1027041421933,3,3,9,completed,6b9d1e184d5099ce0cdde0ade783d30f3dd3eea031e3c405e7fea0ccbe31c7b2,realtime,baseline,True,wall_clock,True,12,"[0.5, 0.75, 1.0]",5,partial,1,16,5,4,0.05,3,1.4,False,isolated,06d868f693a728ac1102e913d6ba675227fc8ef9ccd5c18031507f8350390552,,True,incomplete_service,Not all customers served
0.5,0.5,13,COORDINATED_MPC_MCTS,0,c101_21,C1,c5cda6ca63a7d518902cf4b02d98b4aa0f373aaa0658d5c666d1c46d38871cb9,100,21,18cb8c56a43219b437afb391f11d42a3c7d8056ed895f0cb721b15683964ccb8,36effcf880a9fa96164abaa2767519ebec30a23ad53c3bff371f65280f13c403,0,231,0,0,False,4,68,32,106,24.62449169280568,4,0,False,True,0,0.7108722999691963,301066,0.11942038961844344,3.1226415094339623,0.06224709999514744,6370,0.39410104998387396,0.68,0,0,2596.8709120136205,28,1674.4654351107863,766.0386171131623,12.658561299555004,5078.306862336779,13,13,122,completed,6e422f0e3cc9dd978fda890420d0db17ff92808019895ecde74fbf6f22fe18c2,realtime,baseline,True,wall_clock,True,12,"[0.5, 0.75, 1.0]",5,partial,1,16,5,4,0.05,3,1.4,False,isolated,06d868f693a728ac1102e913d6ba675227fc8ef9ccd5c18031507f8350390552,,True,incomplete_service,Not all customers served
0.5,0.5,13,COORDINATED_MPC_MCTS,0,c101_21,C1,c5cda6ca63a7d518902cf4b02d98b4aa0f373aaa0658d5c666d1c46d38871cb9,100,21,18cb8c56a43219b437afb391f11d42a3c7d8056ed895f0cb721b15683964ccb8,36effcf880a9fa96164abaa2767519ebec30a23ad53c3bff371f65280f13c403,0,224,0,0,False,4,65,35,117,27.810656781713153,4,0,False,True,0,1.396230300073512,516673,0.20325314017255497,3.1538461538461537,0.1109328999882564,8735,0.7262053800048295,0.65,0,0,3134.855025722572,38,1807.6926908113549,924.7359957883693,23.78061740018893,4711.791506116441,13,13,108,completed,86a3b1d51850445bd7748a3abc24a56cbbf85038fdb821ea56202d0bf778380e,realtime,baseline,True,wall_clock,True,12,"[0.5, 0.75, 1.0]",5,partial,1,16,5,4,0.1,3,1.4,False,isolated,06d868f693a728ac1102e913d6ba675227fc8ef9ccd5c18031507f8350390552,,True,incomplete_service,Not all customers served
0.4,0.5,3,COORDINATED_MPC_MCTS,1,c103C15,C1,91c41561f2f515139f4426bb9a1fdeec3ed8662a72770dee28b201cb0d207930,15,5,1a8ffea3f01227a7e204b9fd6dec180ad7a6f7fba469989b66fa83290521e0e3,a179f946cba6526cc6ccdbf6f2b352566b37993f9a9fda1086cbc96a331bb24c,0,29,0,0,False,2,13,2,22,33.68030270702129,2,0,False,True,0,0.1752056999830529,23501,0.073529722714077,2.9545454545454546,0.05603549996158108,1577,0.15386089009116405,0.8666666666666667,0,0,905.9274472099013,6,437.8439351912768,261.07419227951044,1.617653899709694,1171.7406647850623,3,3,7,completed,87053a335520161c4e63e37cee6c968d771998b4839546b9040dcbd0b7ba269b,realtime,baseline,True,wall_clock,True,12,"[0.5, 0.75, 1.0]",5,partial,1,16,5,4,0.05,3,1.4,False,isolated,06d868f693a728ac1102e913d6ba675227fc8ef9ccd5c18031507f8350390552,,True,incomplete_service,Not all customers served
0.5,0.5,13,COORDINATED_MPC_MCTS,0,c101_21,C1,c5cda6ca63a7d518902cf4b02d98b4aa0f373aaa0658d5c666d1c46d38871cb9,100,21,18cb8c56a43219b437afb391f11d42a3c7d8056ed895f0cb721b15683964ccb8,36effcf880a9fa96164abaa2767519ebec30a23ad53c3bff371f65280f13c403,0,222,0,0,False,7,74,26,112,22.91568247447002,7,0,False,True,0,3.399973600055091,1366829,0.5083722214320525,3.4375,0.2611255499650724,19314,1.6179541299410602,0.74,0,0,2799.3687337767306,29,1695.7605031107817,825.7724878397436,56.93768880038988,4422.4777304171,13,13,106,completed,89c0bb5c3598b56405f292eaa3704246df24c2ea665c3647088387c9bc6e12b4,realtime,baseline,True,wall_clock,True,12,"[0.5, 0.75, 1.0]",5,partial,1,16,5,4,0.25,3,1.4,False,isolated,06d868f693a728ac1102e913d6ba675227fc8ef9ccd5c18031507f8350390552,,True,incomplete_service,Not all customers served
0.5,0.5,13,COORDINATED_MPC_MCTS,1,c101_21,C1,c5cda6ca63a7d518902cf4b02d98b4aa0f373aaa0658d5c666d1c46d38871cb9,100,21,18cb8c56a43219b437afb391f11d42a3c7d8056ed895f0cb721b15683964ccb8,36effcf880a9fa96164abaa2767519ebec30a23ad53c3bff371f65280f13c403,0,214,0,0,False,9,62,38,94,25.61030374407705,9,0,False,True,0,0.723051100037992,236838,0.1254888797832772,3.117021276595745,0.060447099967859685,5818,0.47387329500634195,0.62,0,0,2581.9348168250076,25,1587.838832132777,761.6326893289107,11.795954699628055,5824.622259940605,13,13,114,completed,a309a1af001d0a404923480a55815add5c3b7f6b34e42e8995f9baf8e19ddecc,realtime,baseline,True,wall_clock,True,12,"[0.5, 0.75, 1.0]",5,partial,1,16,5,4,0.05,3,1.4,False,isolated,06d868f693a728ac1102e913d6ba675227fc8ef9ccd5c18031507f8350390552,,True,incomplete_service,Not all customers served
0.4,0.5,3,COORDINATED_MPC_MCTS,0,c103C15,C1,91c41561f2f515139f4426bb9a1fdeec3ed8662a72770dee28b201cb0d207930,15,5,1a8ffea3f01227a7e204b9fd6dec180ad7a6f7fba469989b66fa83290521e0e3,a179f946cba6526cc6ccdbf6f2b352566b37993f9a9fda1086cbc96a331bb24c,0,35,0,0,False,2,14,1,26,35.048202130310145,2,0,False,True,0,0.33240529999602586,64774,0.1432455692332811,2.8846153846153846,0.10756874998332933,4948,0.3036359999969136,0.9333333333333333,0,0,1010.6783112913063,9,490.67482982434205,291.2617611790508,3.724384800065309,929.102704142193,3,3,9,completed,a572337ac57cf4a52b962774e3014df90b26e55d565a7e269dbb42b0710d01c6,realtime,baseline,True,wall_clock,True,12,"[0.5, 0.75, 1.0]",5,partial,1,16,5,4,0.1,3,1.4,False,isolated,06d868f693a728ac1102e913d6ba675227fc8ef9ccd5c18031507f8350390552,,True,incomplete_service,Not all customers served
0.4,0.5,3,COORDINATED_MPC_MCTS,0,c103C15,C1,91c41561f2f515139f4426bb9a1fdeec3ed8662a72770dee28b201cb0d207930,15,5,1a8ffea3f01227a7e204b9fd6dec180ad7a6f7fba469989b66fa83290521e0e3,a179f946cba6526cc6ccdbf6f2b352566b37993f9a9fda1086cbc96a331bb24c,0,33,0,0,False,2,14,1,26,33.974629354610265,2,0,False,True,0,0.7816240999381989,168209,0.3273861653914747,2.8461538461538463,0.2571749499766156,8568,0.7546709000598639,0.9333333333333333,0,0,1073.9501822341244,9,475.6448109645437,309.4957297504682,8.512040300178342,859.1539993733322,3,3,7,completed,c099446dbfeb88ff8cc8fcf077f9bf4b718b63a03c37369a81c6c4129b292753,realtime,baseline,True,wall_clock,True,12,"[0.5, 0.75, 1.0]",5,partial,1,16,5,4,0.25,3,1.4,False,isolated,06d868f693a728ac1102e913d6ba675227fc8ef9ccd5c18031507f8350390552,,True,incomplete_service,Not all customers served
0.5,0.5,20,COORDINATED_MPC_MCTS,1,r101_21,R1,0e5a3dffffbd3c516b528ef32ba1a488b817d2f151fc3e8c81023814de1c103a,100,21,eff55182b21377e4bea8207e9200f55561609fca70ed7b70d688aaf23af4b5ae,89afc6a13ace161299c804b89b155cfbb0ef27b628207f852fa9b81f88148862,0,351,0,0,False,34,70,30,103,22.894222881630967,34,0,False,True,0,10.270604200079106,4991635,1.7218057495017436,3.1941747572815533,0.5206048999680206,49949,6.008208989945706,0.7,0,0,270.33672269446373,30,1602.5956017141677,563.2015056134661,177.3459921986796,1907.5286394361249,20,20,231,completed,ce3b04f0ba601f8a834cfb8f04b7f5573cdd1dc843a5ab55e2f5629084ca7b17,realtime,baseline,True,wall_clock,True,12,"[0.5, 0.75, 1.0]",5,partial,1,16,5,4,0.5,3,1.4,False,isolated,06d868f693a728ac1102e913d6ba675227fc8ef9ccd5c18031507f8350390552,,True,incomplete_service,Not all customers served
0.5,0.5,20,COORDINATED_MPC_MCTS,0,r101_21,R1,0e5a3dffffbd3c516b528ef32ba1a488b817d2f151fc3e8c81023814de1c103a,100,21,eff55182b21377e4bea8207e9200f55561609fca70ed7b70d688aaf23af4b5ae,89afc6a13ace161299c804b89b155cfbb0ef27b628207f852fa9b81f88148862,0,368,0,0,False,31,69,31,114,25.19883226545235,31,0,False,True,0,10.239695700001903,5284460,1.6290071587672603,3.043859649122807,0.5197304500034079,44802,5.506426644953899,0.69,0,0,348.7990940323745,41,1738.719426316212,726.6647792341137,185.7068160994677,1713.3919126970823,20,20,238,completed,d668060b66ff7d34d317d63446266d11c5073ea573c01a8bcbd64d062555762e,realtime,baseline,True,wall_clock,True,12,"[0.5, 0.75, 1.0]",5,partial,1,16,5,4,0.5,3,1.4,False,isolated,06d868f693a728ac1102e913d6ba675227fc8ef9ccd5c18031507f8350390552,,True,incomplete_service,Not all customers served
0.5,0.5,13,COORDINATED_MPC_MCTS,1,c101_21,C1,c5cda6ca63a7d518902cf4b02d98b4aa0f373aaa0658d5c666d1c46d38871cb9,100,21,18cb8c56a43219b437afb391f11d42a3c7d8056ed895f0cb721b15683964ccb8,36effcf880a9fa96164abaa2767519ebec30a23ad53c3bff371f65280f13c403,0,233,0,0,False,7,73,27,117,23.628221813099493,7,0,False,True,0,3.3836542000062764,1458919,0.5097629068385507,3.4871794871794872,0.2621597000397742,19232,1.7558758599450812,0.73,0,0,2849.3609481102817,36,1724.860192356263,840.5194537198471,59.642260100110434,4439.092939396675,13,13,111,completed,d944b5ac3beee44b2d6e861d3b69846666201ae60e58d1331384b3c4fec76663,realtime,baseline,True,wall_clock,True,12,"[0.5, 0.75, 1.0]",5,partial,1,16,5,4,0.25,3,1.4,False,isolated,06d868f693a728ac1102e913d6ba675227fc8ef9ccd5c18031507f8350390552,,True,incomplete_service,Not all customers served
0.5,0.5,13,COORDINATED_MPC_MCTS,1,c101_21,C1,c5cda6ca63a7d518902cf4b02d98b4aa0f373aaa0658d5c666d1c46d38871cb9,100,21,18cb8c56a43219b437afb391f11d42a3c7d8056ed895f0cb721b15683964ccb8,36effcf880a9fa96164abaa2767519ebec30a23ad53c3bff371f65280f13c403,0,242,0,0,False,5,67,33,122,29.71050013205054,5,0,False,True,0,1.3807016999926418,519890,0.2104349721368158,3.4754098360655736,0.11227060004603118,10927,0.6065120649931487,0.67,0,0,3750.677061981827,48,1990.6035088473861,1106.3944135639606,25.673066600691527,3682.6751771409326,13,13,114,completed,db1b182409600c9e3d7e068c6bc65750723330c5c214c00d8b7b56494e5f55a4,realtime,baseline,True,wall_clock,True,12,"[0.5, 0.75, 1.0]",5,partial,1,16,5,4,0.1,3,1.4,False,isolated,06d868f693a728ac1102e913d6ba675227fc8ef9ccd5c18031507f8350390552,,True,incomplete_service,Not all customers served
0.5,0.5,20,COORDINATED_MPC_MCTS,0,r101_21,R1,0e5a3dffffbd3c516b528ef32ba1a488b817d2f151fc3e8c81023814de1c103a,100,21,eff55182b21377e4bea8207e9200f55561609fca70ed7b70d688aaf23af4b5ae,89afc6a13ace161299c804b89b155cfbb0ef27b628207f852fa9b81f88148862,0,326,0,0,False,31,62,38,102,26.332030638399896,31,0,False,True,0,5.202508200076409,2073442,0.8154999343176171,3.0098039215686274,0.26539025001693517,25119,3.257573765038978,0.62,0,0,333.49221537410085,36,1632.5858995807935,694.7754486960434,83.18099330039695,1897.9951941792842,20,20,208,completed,facdc034d66a212b3755e7f837a1c1ac08446c74a0d85224473a71d2b5b688ca,realtime,baseline,True,wall_clock,True,12,"[0.5, 0.75, 1.0]",5,partial,1,16,5,4,0.25,3,1.4,False,isolated,06d868f693a728ac1102e913d6ba675227fc8ef9ccd5c18031507f8350390552,,True,incomplete_service,Not all customers served
