path,run_id,structural_valid,failure_class,reason
C:\Users\AYOUB\OneDrive - EMSI\Bureau\PHD_WORK\MPC_MCTS_Multi_agents_EVRP\results\campaigns\final\raw\pilot\c101C10_COORDINATED_MPC_MCTS_4eae9998fc831e6eb7da.json.gz,4eae9998fc831e6eb7da5586e3c360cc04591c371ac38002c654630d4f9ffb67,True,incomplete_service,Not all customers served
C:\Users\AYOUB\OneDrive - EMSI\Bureau\PHD_WORK\MPC_MCTS_Multi_agents_EVRP\results\campaigns\final\raw\pilot\c101C10_COORDINATED_MPC_MCTS_d7643f645f8c21aeffc6.json.gz,d7643f645f8c21aeffc68022e982204680b379a2d56bce8b55a616d442779d33,True,incomplete_service,Not all customers served
C:\Users\AYOUB\OneDrive - EMSI\Bureau\PHD_WORK\MPC_MCTS_Multi_agents_EVRP\results\campaigns\final\raw\pilot\c101C10_GREEDY_6d64450fc8a817a3e71e.json.gz,6d64450fc8a817a3e71ee796a520d96f967dabd46560d4317a3cd5d4ce90cc02,True,incomplete_service,Not all customers served
C:\Users\AYOUB\OneDrive - EMSI\Bureau\PHD_WORK\MPC_MCTS_Multi_agents_EVRP\results\campaigns\final\raw\pilot\c101C10_GREEDY_c0a8b3657bbdb253ac24.json.gz,c0a8b3657bbdb253ac249788ea3caa19f7359a23a5d9f57f6e5e2fb84549c574,True,incomplete_service,Not all customers served
C:\Users\AYOUB\OneDrive - EMSI\Bureau\PHD_WORK\MPC_MCTS_Multi_agents_EVRP\results\campaigns\final\raw\pilot\c101C10_INDEPENDENT_MPC_MCTS_8fc1a40cdbc06d995fe0.json.gz,8fc1a40cdbc06d995fe0250466c70c75d804b73af0611ec83ef5e7c4228ce21a,True,incomplete_service,Not all customers served
C:\Users\AYOUB\OneDrive - EMSI\Bureau\PHD_WORK\MPC_MCTS_Multi_agents_EVRP\results\campaigns\final\raw\pilot\c101C10_INDEPENDENT_MPC_MCTS_b25645a1872973c32b8e.json.gz,b25645a1872973c32b8e9f13cada1c324edd7aeedfd15cd301ddc6731fa0cc21,True,incomplete_service,Not all customers served
C:\Users\AYOUB\OneDrive - EMSI\Bureau\PHD_WORK\MPC_MCTS_Multi_agents_EVRP\results\campaigns\final\raw\pilot\c101C10_MPC_MCTS_H1_2dce8507e8f7a396b963.json.gz,2dce8507e8f7a396b96325660f6bfcc791651e144b68a843075ba0b2cd35e745,True,incomplete_service,Not all customers served
C:\Users\AYOUB\OneDrive - EMSI\Bureau\PHD_WORK\MPC_MCTS_Multi_agents_EVRP\results\campaigns\final\raw\pilot\c101C10_MPC_MCTS_H1_804b0b4220f20d8c42d7.json.gz,804b0b4220f20d8c42d7912024ef5df08b758564976e083af0629632b5563505,True,incomplete_service,Not all customers served
C:\Users\AYOUB\OneDrive - EMSI\Bureau\PHD_WORK\MPC_MCTS_Multi_agents_EVRP\results\campaigns\final\raw\pilot\c101C5_COORDINATED_MPC_MCTS_8a75318c1cc42cb9290d.json.gz,8a75318c1cc42cb9290db520e21f2b3a2591a96debab32cefee47f7cd7c7d63e,True,incomplete_service,Not all customers served
C:\Users\AYOUB\OneDrive - EMSI\Bureau\PHD_WORK\MPC_MCTS_Multi_agents_EVRP\results\campaigns\final\raw\pilot\c101C5_COORDINATED_MPC_MCTS_f97ad5996bbbcfed2700.json.gz,f97ad5996bbbcfed2700b697233b4419ab68f84afa501c21b912b25cd050bd13,True,none,
C:\Users\AYOUB\OneDrive - EMSI\Bureau\PHD_WORK\MPC_MCTS_Multi_agents_EVRP\results\campaigns\final\raw\pilot\c101C5_GREEDY_83ef080678de2ab05ec9.json.gz,83ef080678de2ab05ec90e2998b1d80e444c64ccf687e6e92b8e7fcbb1d8864b,True,incomplete_service,Not all customers served
C:\Users\AYOUB\OneDrive - EMSI\Bureau\PHD_WORK\MPC_MCTS_Multi_agents_EVRP\results\campaigns\final\raw\pilot\c101C5_GREEDY_b8d074269645ad086326.json.gz,b8d074269645ad08632670d2e645f399f5e66c535e5f4ca102393c33bd67e86a,True,none,
C:\Users\AYOUB\OneDrive - EMSI\Bureau\PHD_WORK\MPC_MCTS_Multi_agents_EVRP\results\campaigns\final\raw\pilot\c101C5_INDEPENDENT_MPC_MCTS_2cdd9557ddfe1ad23023.json.gz,2cdd9557ddfe1ad23023fb4d480ebbcedc10e78c45b6716032a629020d8f2cc4,True,incomplete_service,Not all customers served
C:\Users\AYOUB\OneDrive - EMSI\Bureau\PHD_WORK\MPC_MCTS_Multi_agents_EVRP\results\campaigns\final\raw\pilot\c101C5_INDEPENDENT_MPC_MCTS_31ddab81c9ae032583d6.json.gz,31ddab81c9ae032583d65c0361b590fbce15b6768d71e62774568e54c5d07596,True,incomplete_service,Not all customers served
C:\Users\AYOUB\OneDrive - EMSI\Bureau\PHD_WORK\MPC_MCTS_Multi_agents_EVRP\results\campaigns\final\raw\pilot\c101C5_MPC_MCTS_H1_47d2193f58130ace3ec0.json.gz,47d2193f58130ace3ec03d4197a1a460c3fa966fbcf52833bbad51eadd61e5c5,True,incomplete_service,Not all customers served
C:\Users\AYOUB\OneDrive - EMSI\Bureau\PHD_WORK\MPC_MCTS_Multi_agents_EVRP\results\campaigns\final\raw\pilot\c101C5_MPC_MCTS_H1_4c265784c41d21398ee8.json.gz,4c265784c41d21398ee8eb68eb0c578b83ecfd02a03ccea42c19c7093c46d0c0,True,incomplete_service,Not all customers served
C:\Users\AYOUB\OneDrive - EMSI\Bureau\PHD_WORK\MPC_MCTS_Multi_agents_EVRP\results\campaigns\final\raw\pilot\c103C15_COORDINATED_MPC_MCTS_664d720a971709c9bbd2.json.gz,664d720a971709c9bbd207694a6b641be1718493cbc87a0918327b468a718336,True,incomplete_service,Not all customers served
C:\Users\AYOUB\OneDrive - EMSI\Bureau\PHD_WORK\MPC_MCTS_Multi_agents_EVRP\results\campaigns\final\raw\pilot\c103C15_COORDINATED_MPC_MCTS_745a2f0e97baeae79524.json.gz,745a2f0e97baeae79524964562edc45b14c207fa7f261f2147afb4e6f08eb94b,True,incomplete_service,Not all customers served
C:\Users\AYOUB\OneDrive - EMSI\Bureau\PHD_WORK\MPC_MCTS_Multi_agents_EVRP\results\campaigns\final\raw\pilot\c103C15_GREEDY_35764c13fb2ca17c349d.json.gz,35764c13fb2ca17c349d2537161b85fd75eb16e65eb1cd75b898aa78c64310b9,True,incomplete_service,Not all customers served
C:\Users\AYOUB\OneDrive - EMSI\Bureau\PHD_WORK\MPC_MCTS_Multi_agents_EVRP\results\campaigns\final\raw\pilot\c103C15_GREEDY_6aa2c18ee23c462c6de2.json.gz,6aa2c18ee23c462c6de27be1291c94695a29bb0d6cf7ed604e4c9b3d45d260cb,True,incomplete_service,Not all customers served
C:\Users\AYOUB\OneDrive - EMSI\Bureau\PHD_WORK\MPC_MCTS_Multi_agents_EVRP\results\campaigns\final\raw\pilot\c103C15_INDEPENDENT_MPC_MCTS_09543f1568f6d3bb12fa.json.gz,09543f1568f6d3bb12fa6ba8b539c96a09a5802a91be95f253a26926e9ee759a,True,incomplete_service,Not all customers served
C:\Users\AYOUB\OneDrive - EMSI\Bureau\PHD_WORK\MPC_MCTS_Multi_agents_EVRP\results\campaigns\final\raw\pilot\c103C15_INDEPENDENT_MPC_MCTS_9f3aecc31d2791589954.json.gz,9f3aecc31d27915899546900a0fcd1581447370ce21f4795180f718b84d0c70c,True,incomplete_service,Not all customers served
C:\Users\AYOUB\OneDrive - EMSI\Bureau\PHD_WORK\MPC_MCTS_Multi_agents_EVRP\results\campaigns\final\raw\pilot\c103C15_MPC_MCTS_H1_5f77893594c0b7945e15.json.gz,5f77893594c0b7945e1556a2968d751a3ae6410cc7a9be5f917b814f9f589015,True,incomplete_service,Not all customers served
C:\Users\AYOUB\OneDrive - EMSI\Bureau\PHD_WORK\MPC_MCTS_Multi_agents_EVRP\results\campaigns\final\raw\pilot\c103C15_MPC_MCTS_H1_e590ea5233e254c5a855.json.gz,e590ea5233e254c5a8555bdc81513e8e9c617b84a84de7bb1e7ac52f51f62e88,True,incomplete_service,Not all customers served
C:\Users\AYOUB\OneDrive - EMSI\Bureau\PHD_WORK\MPC_MCTS_Multi_agents_EVRP\results\campaigns\final\raw\pilot\r104C5_COORDINATED_MPC_MCTS_ce01386e0f3bf9bb6cbc.json.gz,ce01386e0f3bf9bb6cbccccd2e2ac7fdbbcb372c7faa4b952bd94d59e26fddb8,True,none,
C:\Users\AYOUB\OneDrive - EMSI\Bureau\PHD_WORK\MPC_MCTS_Multi_agents_EVRP\results\campaigns\final\raw\pilot\r104C5_COORDINATED_MPC_MCTS_fc2a6d8357f8931accc3.json.gz,fc2a6d8357f8931accc3fb26f02da960b93a918740772e18ab9824fb2d55041d,True,none,
C:\Users\AYOUB\OneDrive - EMSI\Bureau\PHD_WORK\MPC_MCTS_Multi_agents_EVRP\results\campaigns\final\raw\pilot\r104C5_GREEDY_b11e4bc8aea45c491f13.json.gz,b11e4bc8aea45c491f1318c5561a977c7af4b97da9106c4b59dbecd33de7155d,True,none,
C:\Users\AYOUB\OneDrive - EMSI\Bureau\PHD_WORK\MPC_MCTS_Multi_agents_EVRP\results\campaigns\final\raw\pilot\r104C5_GREEDY_caf6cf9e02c1e0bfedeb.json.gz,caf6cf9e02c1e0bfedeb030f1a9d1161f67217f3b33a7f6ea4033f5126f6aaa2,True,none,
C:\Users\AYOUB\OneDrive - EMSI\Bureau\PHD_WORK\MPC_MCTS_Multi_agents_EVRP\results\campaigns\final\raw\pilot\r104C5_INDEPENDENT_MPC_MCTS_1e5da67c6559ef06f9d2.json.gz,1e5da67c6559ef06f9d2d960c6bde46a7f30b2b9b0b01d51fdaac89850ce8790,True,none,
C:\Users\AYOUB\OneDrive - EMSI\Bureau\PHD_WORK\MPC_MCTS_Multi_agents_EVRP\results\campaigns\final\raw\pilot\r104C5_INDEPENDENT_MPC_MCTS_82b4faa82f7e8aa66a47.json.gz,82b4faa82f7e8aa66a478e957a75e38181b1673221529c8594a416eb3c4e41e9,True,incomplete_service,Not all customers served
C:\Users\AYOUB\OneDrive - EMSI\Bureau\PHD_WORK\MPC_MCTS_Multi_agents_EVRP\results\campaigns\final\raw\pilot\r104C5_MPC_MCTS_H1_50035219754b95cbb49d.json.gz,50035219754b95cbb49d10f30c56bca38e4f3bd4102656307765a920d3141456,True,none,
C:\Users\AYOUB\OneDrive - EMSI\Bureau\PHD_WORK\MPC_MCTS_Multi_agents_EVRP\results\campaigns\final\raw\pilot\r104C5_MPC_MCTS_H1_67dd15650803167fa40a.json.gz,67dd15650803167fa40a82b3fbaa0ed38b90cda48f1ddd6d2e794c858b9b3660,True,none,
C:\Users\AYOUB\OneDrive - EMSI\Bureau\PHD_WORK\MPC_MCTS_Multi_agents_EVRP\results\campaigns\final\raw\pilot\rc105C5_COORDINATED_MPC_MCTS_0f1791c9e166ad8a1b01.json.gz,0f1791c9e166ad8a1b01a8d58dea76b84e9169d76917188625340c67c2501173,True,incomplete_service,Not all customers served
C:\Users\AYOUB\OneDrive - EMSI\Bureau\PHD_WORK\MPC_MCTS_Multi_agents_EVRP\results\campaigns\final\raw\pilot\rc105C5_COORDINATED_MPC_MCTS_f5a5fe2c4c3d269af21f.json.gz,f5a5fe2c4c3d269af21f8d65c8883aa7133cb3115286df6296af4c7921c82ed9,True,incomplete_service,Not all customers served
C:\Users\AYOUB\OneDrive - EMSI\Bureau\PHD_WORK\MPC_MCTS_Multi_agents_EVRP\results\campaigns\final\raw\pilot\rc105C5_GREEDY_15be19f605b8ea46188c.json.gz,15be19f605b8ea46188c4fe72166486b1ea5667af34ecbae97aa838911917aea,True,incomplete_service,Not all customers served
C:\Users\AYOUB\OneDrive - EMSI\Bureau\PHD_WORK\MPC_MCTS_Multi_agents_EVRP\results\campaigns\final\raw\pilot\rc105C5_GREEDY_b4f7761d1ec5e00f8deb.json.gz,b4f7761d1ec5e00f8deb0cd2a21d6f4ed0f644ffb3ca9753cce3c6363fbeeb42,True,incomplete_service,Not all customers served
C:\Users\AYOUB\OneDrive - EMSI\Bureau\PHD_WORK\MPC_MCTS_Multi_agents_EVRP\results\campaigns\final\raw\pilot\rc105C5_INDEPENDENT_MPC_MCTS_43d456e350403e47bb83.json.gz,43d456e350403e47bb830347dfbdbbb29c87c85cb36e631b583e3b975749ebe2,True,incomplete_service,Not all customers served
C:\Users\AYOUB\OneDrive - EMSI\Bureau\PHD_WORK\MPC_MCTS_Multi_agents_EVRP\results\campaigns\final\raw\pilot\rc105C5_INDEPENDENT_MPC_MCTS_e10ccc6bc850244606b4.json.gz,e10ccc6bc850244606b43aa93cfc976738d9de2714f6e11d1f60ef501afa48cd,True,incomplete_service,Not all customers served
C:\Users\AYOUB\OneDrive - EMSI\Bureau\PHD_WORK\MPC_MCTS_Multi_agents_EVRP\results\campaigns\final\raw\pilot\rc105C5_MPC_MCTS_H1_366c3d705ba37583dbe6.json.gz,366c3d705ba37583dbe6de03d9b378c8c0fc09c0be6423f5d87c9251f92d5f35,True,incomplete_service,Not all customers served
C:\Users\AYOUB\OneDrive - EMSI\Bureau\PHD_WORK\MPC_MCTS_Multi_agents_EVRP\results\campaigns\final\raw\pilot\rc105C5_MPC_MCTS_H1_f277b1dcd6a18a17f1d8.json.gz,f277b1dcd6a18a17f1d81d1f10626505cdcc6a70147dc39ac993e40a84aa2292,True,incomplete_service,Not all customers served
