DoD_realized,DoD_target,K,algorithm,algorithm_seed,instance,instance_family,instance_sha256,number_of_customers,number_of_stations,reference_schedule_identifier,scenario_identifier,scenario_seed,agent_replans,battery_violations,capacity_violations,complete_service,conflicts_resolved,customers_served,customers_unserved,decision_epochs,distance_per_served_customer,duplicate_customer_proposal_conflicts,duplicate_service_violations,feasible,final_return_feasibility,hidden_information_violations,maximum_planning_time,mcts_iterations,mean_planning_time,mean_unique_intention_coverage,median_planning_time,nodes_expanded,p95_planning_time,service_ratio,time_window_violations,total_charging_time,total_charging_visits,total_distance,total_energy_charged,total_planning_time,total_waiting_time,vehicle_activations_caused_by_coordinator,vehicles_activated,wait_selected,status,run_id,study,ablation_factor,budget_mode,candidate_limit,charge_fractions,charging_mode,control_horizon,iterations,prediction_horizon,time_limit,top_l,uct_c,parallel_agents,source_sha256,distance_complete,structural_valid,failure_class,reason
0.5,0.5,3,COORDINATED_MPC_MCTS,0,c101C10,C1,60e23ba6c91494c61c55966bfb4222c86e3922a72a90526f7c47ac06aa5df125,10,5,8e085543d2bf508a93a316172d9ff8b57fd67159b7e58aa4a9bb4de6acc0f112,935e13fadd3647555a33abce4c28466932ad885c7a1c248e177bb2ceb9b59c6a,0,27,0,0,False,2,9,1,20,54.42510939519873,2,0,False,True,0,0.23719540005549788,1728,0.06458404001314193,1.85,0.06079739995766431,1425,0.1041740249900614,0.9,0,1020.0564489310752,9,489.82598455678857,293.9643945046326,1.2916808002628386,1336.9593225655867,3,3,6,completed,4eae9998fc831e6eb7da5586e3c360cc04591c371ac38002c654630d4f9ffb67,pilot,baseline,iterations,12,"[0.5, 0.75, 1.0]",partial,1,64,3,0.1,3,1.4,False,4cb373d9112673d0b4ad531f556ec1cd64a842c2337f27388ebfad3acb8f2f4e,,True,incomplete_service,Not all customers served
0.0,0.0,3,COORDINATED_MPC_MCTS,0,c101C10,C1,60e23ba6c91494c61c55966bfb4222c86e3922a72a90526f7c47ac06aa5df125,10,5,8e085543d2bf508a93a316172d9ff8b57fd67159b7e58aa4a9bb4de6acc0f112,5da97f816c3db65671aa6df7193879be5c2be7a2f49f28751a9ff49708ae5ed3,0,24,0,0,False,1,8,2,18,50.5913690283126,1,0,False,True,0,0.40617739991284907,1536,0.06865113332686532,1.5,0.03694464999716729,1151,0.2459398199745917,0.8,0,773.773434541045,6,404.7309522265008,222.98946240375938,1.2357203998835757,1656.6530481577247,3,3,7,completed,d7643f645f8c21aeffc68022e982204680b379a2d56bce8b55a616d442779d33,pilot,baseline,iterations,12,"[0.5, 0.75, 1.0]",partial,1,64,3,0.1,3,1.4,False,4cb373d9112673d0b4ad531f556ec1cd64a842c2337f27388ebfad3acb8f2f4e,,True,incomplete_service,Not all customers served
0.0,0.0,3,GREEDY,0,c101C10,C1,60e23ba6c91494c61c55966bfb4222c86e3922a72a90526f7c47ac06aa5df125,10,5,8e085543d2bf508a93a316172d9ff8b57fd67159b7e58aa4a9bb4de6acc0f112,5da97f816c3db65671aa6df7193879be5c2be7a2f49f28751a9ff49708ae5ed3,0,20,0,0,False,2,6,4,13,55.33141014829466,2,0,False,True,0,0.0028597000055015087,0,0.0006971461340211905,0.5384615384615384,0.0005148999625816941,0,0.0019387599779292918,0.6,0,381.66349800512546,3,331.98846088976796,109.98948069311973,0.009062899742275476,2454.3480411051064,0,3,8,completed,6d64450fc8a817a3e71ee796a520d96f967dabd46560d4317a3cd5d4ce90cc02,pilot,baseline,iterations,12,"[0.5, 0.75, 1.0]",partial,1,64,3,0.1,3,1.4,False,4cb373d9112673d0b4ad531f556ec1cd64a842c2337f27388ebfad3acb8f2f4e,,True,incomplete_service,Not all customers served
0.5,0.5,3,GREEDY,0,c101C10,C1,60e23ba6c91494c61c55966bfb4222c86e3922a72a90526f7c47ac06aa5df125,10,5,8e085543d2bf508a93a316172d9ff8b57fd67159b7e58aa4a9bb4de6acc0f112,935e13fadd3647555a33abce4c28466932ad885c7a1c248e177bb2ceb9b59c6a,0,17,0,0,False,2,4,6,9,53.31009637421513,2,0,False,True,0,0.0021658999612554908,0,0.0010506666731089354,0.4444444444444444,0.000852299970574677,0,0.0020347399869933723,0.4,0,87.35903929272821,1,213.2403854968605,25.17551564631937,0.009456000057980418,3047.4005752104113,0,3,9,completed,c0a8b3657bbdb253ac249788ea3caa19f7359a23a5d9f57f6e5e2fb84549c574,pilot,baseline,iterations,12,"[0.5, 0.75, 1.0]",partial,1,64,3,0.1,3,1.4,False,4cb373d9112673d0b4ad531f556ec1cd64a842c2337f27388ebfad3acb8f2f4e,,True,incomplete_service,Not all customers served
0.0,0.0,3,INDEPENDENT_MPC_MCTS,0,c101C10,C1,60e23ba6c91494c61c55966bfb4222c86e3922a72a90526f7c47ac06aa5df125,10,5,8e085543d2bf508a93a316172d9ff8b57fd67159b7e58aa4a9bb4de6acc0f112,5da97f816c3db65671aa6df7193879be5c2be7a2f49f28751a9ff49708ae5ed3,0,17,0,0,False,0,8,2,15,45.481574550656056,0,0,False,True,0,0.40415290009696037,1088,0.0718125400133431,1.6666666666666667,0.05699170008301735,986,0.19582345007220253,0.8,0,689.2471038873658,6,363.85259640524845,198.63028930471637,1.0771881002001464,1454.119647366439,0,3,0,completed,8fc1a40cdbc06d995fe0250466c70c75d804b73af0611ec83ef5e7c4228ce21a,pilot,baseline,iterations,12,"[0.5, 0.75, 1.0]",partial,1,64,3,0.1,3,1.4,False,4cb373d9112673d0b4ad531f556ec1cd64a842c2337f27388ebfad3acb8f2f4e,,True,incomplete_service,Not all customers served
0.5,0.5,3,INDEPENDENT_MPC_MCTS,0,c101C10,C1,60e23ba6c91494c61c55966bfb4222c86e3922a72a90526f7c47ac06aa5df125,10,5,8e085543d2bf508a93a316172d9ff8b57fd67159b7e58aa4a9bb4de6acc0f112,935e13fadd3647555a33abce4c28466932ad885c7a1c248e177bb2ceb9b59c6a,0,19,0,0,False,2,9,1,17,49.83616235218594,2,0,False,True,0,0.22329600004013628,1216,0.05643561177010484,1.6470588235294117,0.04800099995918572,1104,0.12364632000681004,0.9,0,808.9048747832385,7,448.5254611696734,233.11379676750389,0.9594054000917822,1175.1945034559462,0,3,0,completed,b25645a1872973c32b8e9f13cada1c324edd7aeedfd15cd301ddc6731fa0cc21,pilot,baseline,iterations,12,"[0.5, 0.75, 1.0]",partial,1,64,3,0.1,3,1.4,False,4cb373d9112673d0b4ad531f556ec1cd64a842c2337f27388ebfad3acb8f2f4e,,True,incomplete_service,Not all customers served
0.5,0.5,3,MPC_MCTS_H1,0,c101C10,C1,60e23ba6c91494c61c55966bfb4222c86e3922a72a90526f7c47ac06aa5df125,10,5,8e085543d2bf508a93a316172d9ff8b57fd67159b7e58aa4a9bb4de6acc0f112,935e13fadd3647555a33abce4c28466932ad885c7a1c248e177bb2ceb9b59c6a,0,16,0,0,False,2,6,4,10,38.19331973011067,2,0,False,True,0,0.09335440001450479,1024,0.02644297000952065,0.6,0.019910699978936464,604,0.06825074502266937,0.6,0,110.21386412304676,1,229.15991838066404,31.761920496555263,0.2644297000952065,2743.5483105575727,3,3,6,completed,2dce8507e8f7a396b96325660f6bfcc791651e144b68a843075ba0b2cd35e745,pilot,baseline,iterations,12,"[0.5, 0.75, 1.0]",partial,1,64,1,0.1,3,1.4,False,4cb373d9112673d0b4ad531f556ec1cd64a842c2337f27388ebfad3acb8f2f4e,,True,incomplete_service,Not all customers served
0.0,0.0,3,MPC_MCTS_H1,0,c101C10,C1,60e23ba6c91494c61c55966bfb4222c86e3922a72a90526f7c47ac06aa5df125,10,5,8e085543d2bf508a93a316172d9ff8b57fd67159b7e58aa4a9bb4de6acc0f112,5da97f816c3db65671aa6df7193879be5c2be7a2f49f28751a9ff49708ae5ed3,0,15,0,0,False,2,5,5,8,39.44771364974717,2,0,False,True,0,0.1265578999882564,960,0.038005987502401695,0.625,0.030421549978200346,557,0.10035179001279171,0.5,0,0.0,0,197.23856824873585,0.0,0.30404790001921356,2973.8400011472154,3,3,7,completed,804b0b4220f20d8c42d7912024ef5df08b758564976e083af0629632b5563505,pilot,baseline,iterations,12,"[0.5, 0.75, 1.0]",partial,1,64,1,0.1,3,1.4,False,4cb373d9112673d0b4ad531f556ec1cd64a842c2337f27388ebfad3acb8f2f4e,,True,incomplete_service,Not all customers served
0.6,0.5,2,COORDINATED_MPC_MCTS,0,c101C5,C1,8612d6d9aad051776097a5e50c7408f39352b8107b0639d58e5eda713f9ff876,5,3,43506848e339daffba9e9292843cbf80ebe14fdeb283a044a647a0936819ed09,8f66db916df1f41c4c12c1ef8fa9630b00367f22f527aaada25825d464dd41a9,0,13,0,0,False,1,4,1,10,49.584718618149445,1,0,False,True,0,0.056054299930110574,832,0.021882149996235965,0.9,0.020400599983986467,643,0.04304322497337122,0.8,0,418.44339441991434,3,198.33887447259778,120.58887447259778,0.21882149996235967,1465.4855936128513,2,2,4,completed,8a75318c1cc42cb9290db520e21f2b3a2591a96debab32cefee47f7cd7c7d63e,pilot,baseline,iterations,12,"[0.5, 0.75, 1.0]",partial,1,64,3,0.1,3,1.4,False,4cb373d9112673d0b4ad531f556ec1cd64a842c2337f27388ebfad3acb8f2f4e,,True,incomplete_service,Not all customers served
0.0,0.0,2,GREEDY,0,c101C5,C1,8612d6d9aad051776097a5e50c7408f39352b8107b0639d58e5eda713f9ff876,5,3,43506848e339daffba9e9292843cbf80ebe14fdeb283a044a647a0936819ed09,3764cd09d28cbf43008b51fe6d4637f72dad9090b08f97d4f46b3a07086c470e,0,12,0,0,False,1,4,1,9,51.739162283329144,1,0,False,True,0,0.0013457000022754073,0,0.0006203333096992639,0.6666666666666666,0.0004907000111415982,0,0.0012268199818208812,0.8,0,296.3126145758065,2,206.95664913331657,85.39268431579436,0.0055829997872933745,1608.7307362908768,0,2,4,completed,83ef080678de2ab05ec90e2998b1d80e444c64ccf687e6e92b8e7fcbb1d8864b,pilot,baseline,iterations,12,"[0.5, 0.75, 1.0]",partial,1,64,3,0.1,3,1.4,False,4cb373d9112673d0b4ad531f556ec1cd64a842c2337f27388ebfad3acb8f2f4e,,True,incomplete_service,Not all customers served
0.0,0.0,2,INDEPENDENT_MPC_MCTS,0,c101C5,C1,8612d6d9aad051776097a5e50c7408f39352b8107b0639d58e5eda713f9ff876,5,3,43506848e339daffba9e9292843cbf80ebe14fdeb283a044a647a0936819ed09,3764cd09d28cbf43008b51fe6d4637f72dad9090b08f97d4f46b3a07086c470e,0,10,0,0,False,0,4,1,9,66.67028173274366,0,0,False,True,0,0.1136191999539733,640,0.034186577812458076,1.3333333333333333,0.024768600007519126,603,0.08834191998466848,0.8,0,440.10508674646087,4,266.68112693097464,126.83143710272648,0.3076792003121227,662.0247893465211,0,2,0,completed,2cdd9557ddfe1ad23023fb4d480ebbcedc10e78c45b6716032a629020d8f2cc4,pilot,baseline,iterations,12,"[0.5, 0.75, 1.0]",partial,1,64,3,0.1,3,1.4,False,4cb373d9112673d0b4ad531f556ec1cd64a842c2337f27388ebfad3acb8f2f4e,,True,incomplete_service,Not all customers served
0.6,0.5,2,INDEPENDENT_MPC_MCTS,0,c101C5,C1,8612d6d9aad051776097a5e50c7408f39352b8107b0639d58e5eda713f9ff876,5,3,43506848e339daffba9e9292843cbf80ebe14fdeb283a044a647a0936819ed09,8f66db916df1f41c4c12c1ef8fa9630b00367f22f527aaada25825d464dd41a9,0,11,0,0,False,1,4,1,10,64.2121399830183,1,0,False,True,0,0.04239750001579523,704,0.016786999988835306,0.7,0.012926649942528456,644,0.03304056001361457,0.8,0,469.4375450474922,4,256.8485599320732,135.28459511455105,0.16786999988835305,642.5248980443911,0,2,1,completed,31ddab81c9ae032583d65c0361b590fbce15b6768d71e62774568e54c5d07596,pilot,baseline,iterations,12,"[0.5, 0.75, 1.0]",partial,1,64,3,0.1,3,1.4,False,4cb373d9112673d0b4ad531f556ec1cd64a842c2337f27388ebfad3acb8f2f4e,,True,incomplete_service,Not all customers served
0.0,0.0,2,MPC_MCTS_H1,0,c101C5,C1,8612d6d9aad051776097a5e50c7408f39352b8107b0639d58e5eda713f9ff876,5,3,43506848e339daffba9e9292843cbf80ebe14fdeb283a044a647a0936819ed09,3764cd09d28cbf43008b51fe6d4637f72dad9090b08f97d4f46b3a07086c470e,0,11,0,0,False,1,4,1,8,54.98359519029144,1,0,False,True,0,0.0266332000028342,704,0.01695561250380706,0.75,0.01852909999433905,480,0.024921035004081202,0.8,0,292.5639402549867,2,219.93438076116576,84.31237471325264,0.13564490003045648,1591.1549509491651,2,2,3,completed,47d2193f58130ace3ec03d4197a1a460c3fa966fbcf52833bbad51eadd61e5c5,pilot,baseline,iterations,12,"[0.5, 0.75, 1.0]",partial,1,64,1,0.1,3,1.4,False,4cb373d9112673d0b4ad531f556ec1cd64a842c2337f27388ebfad3acb8f2f4e,,True,incomplete_service,Not all customers served
0.6,0.5,2,MPC_MCTS_H1,0,c101C5,C1,8612d6d9aad051776097a5e50c7408f39352b8107b0639d58e5eda713f9ff876,5,3,43506848e339daffba9e9292843cbf80ebe14fdeb283a044a647a0936819ed09,8f66db916df1f41c4c12c1ef8fa9630b00367f22f527aaada25825d464dd41a9,0,12,0,0,False,1,4,1,9,54.98359519029144,1,0,False,True,0,0.031061199959367514,768,0.016952055558148358,0.6666666666666666,0.017727200058288872,523,0.027300719963386653,0.8,0,292.5639402549867,2,219.93438076116576,84.31237471325264,0.15256850002333522,1591.1549509491651,2,2,4,completed,4c265784c41d21398ee8eb68eb0c578b83ecfd02a03ccea42c19c7093c46d0c0,pilot,baseline,iterations,12,"[0.5, 0.75, 1.0]",partial,1,64,1,0.1,3,1.4,False,4cb373d9112673d0b4ad531f556ec1cd64a842c2337f27388ebfad3acb8f2f4e,,True,incomplete_service,Not all customers served
0.4,0.5,3,COORDINATED_MPC_MCTS,0,c103C15,C1,91c41561f2f515139f4426bb9a1fdeec3ed8662a72770dee28b201cb0d207930,15,5,1a8ffea3f01227a7e204b9fd6dec180ad7a6f7fba469989b66fa83290521e0e3,a179f946cba6526cc6ccdbf6f2b352566b37993f9a9fda1086cbc96a331bb24c,0,33,0,0,False,0,13,2,26,43.9103952912837,0,0,False,True,0,0.3785807000240311,2112,0.09261680769626625,2.1923076923076925,0.09374260006006807,1711,0.1579661249415949,0.8666666666666667,0,1290.8055595433095,10,570.835138786688,371.9900747963428,2.4080370001029223,653.3680939878602,3,3,7,completed,664d720a971709c9bbd207694a6b641be1718493cbc87a0918327b468a718336,pilot,baseline,iterations,12,"[0.5, 0.75, 1.0]",partial,1,64,3,0.1,3,1.4,False,4cb373d9112673d0b4ad531f556ec1cd64a842c2337f27388ebfad3acb8f2f4e,,True,incomplete_service,Not all customers served
0.0,0.0,3,COORDINATED_MPC_MCTS,0,c103C15,C1,91c41561f2f515139f4426bb9a1fdeec3ed8662a72770dee28b201cb0d207930,15,5,1a8ffea3f01227a7e204b9fd6dec180ad7a6f7fba469989b66fa83290521e0e3,b210be7bedb43288529416f401a6d2618fd44ae5414a39dc3a31e925ed819df3,0,30,0,0,False,0,12,3,23,41.44511607207653,0,0,False,True,0,0.5884534999495372,1920,0.11154594783084062,2.0869565217391304,0.07334939995780587,1503,0.1988989100442268,0.8,0,1081.989588891705,9,497.34139286491836,311.81256164026075,2.5655568001093343,1025.6778105612343,3,3,6,completed,745a2f0e97baeae79524964562edc45b14c207fa7f261f2147afb4e6f08eb94b,pilot,baseline,iterations,12,"[0.5, 0.75, 1.0]",partial,1,64,3,0.1,3,1.4,False,4cb373d9112673d0b4ad531f556ec1cd64a842c2337f27388ebfad3acb8f2f4e,,True,incomplete_service,Not all customers served
0.0,0.0,3,GREEDY,0,c103C15,C1,91c41561f2f515139f4426bb9a1fdeec3ed8662a72770dee28b201cb0d207930,15,5,1a8ffea3f01227a7e204b9fd6dec180ad7a6f7fba469989b66fa83290521e0e3,b210be7bedb43288529416f401a6d2618fd44ae5414a39dc3a31e925ed819df3,0,22,0,0,False,2,7,8,13,41.34392077767153,2,0,False,True,0,0.003650000086054206,0,0.0011225923215253996,0.6153846153846154,0.0008062000852078199,0,0.0029657000442966804,0.4666666666666667,0,242.8506554428331,2,289.4074454437007,69.9857796665225,0.014593700179830194,2545.7418991134664,0,3,10,completed,35764c13fb2ca17c349d2537161b85fd75eb16e65eb1cd75b898aa78c64310b9,pilot,baseline,iterations,12,"[0.5, 0.75, 1.0]",partial,1,64,3,0.1,3,1.4,False,4cb373d9112673d0b4ad531f556ec1cd64a842c2337f27388ebfad3acb8f2f4e,,True,incomplete_service,Not all customers served
0.4,0.5,3,GREEDY,0,c103C15,C1,91c41561f2f515139f4426bb9a1fdeec3ed8662a72770dee28b201cb0d207930,15,5,1a8ffea3f01227a7e204b9fd6dec180ad7a6f7fba469989b66fa83290521e0e3,a179f946cba6526cc6ccdbf6f2b352566b37993f9a9fda1086cbc96a331bb24c,0,31,0,0,False,2,14,1,23,33.25336232351261,2,0,False,True,0,0.007293799892067909,0,0.0012830565278620823,0.8260869565217391,0.000674000009894371,0,0.0037863600067794324,0.9333333333333333,0,978.2826968696024,5,465.5470725291766,281.92584924196035,0.029510300140827894,1004.170230601221,0,3,9,completed,6aa2c18ee23c462c6de27be1291c94695a29bb0d6cf7ed604e4c9b3d45d260cb,pilot,baseline,iterations,12,"[0.5, 0.75, 1.0]",partial,1,64,3,0.1,3,1.4,False,4cb373d9112673d0b4ad531f556ec1cd64a842c2337f27388ebfad3acb8f2f4e,,True,incomplete_service,Not all customers served
0.0,0.0,3,INDEPENDENT_MPC_MCTS,0,c103C15,C1,91c41561f2f515139f4426bb9a1fdeec3ed8662a72770dee28b201cb0d207930,15,5,1a8ffea3f01227a7e204b9fd6dec180ad7a6f7fba469989b66fa83290521e0e3,b210be7bedb43288529416f401a6d2618fd44ae5414a39dc3a31e925ed819df3,0,26,0,0,False,0,12,3,24,40.53069832688603,0,0,False,True,0,0.5806949000107124,1664,0.12346391250321176,2.2916666666666665,0.09807789995102212,1567,0.2094983850198332,0.8,0,1001.8720283772349,11,486.36837992263236,288.7239274862348,2.963133900077082,642.9796748808184,0,3,0,completed,09543f1568f6d3bb12fa6ba8b539c96a09a5802a91be95f253a26926e9ee759a,pilot,baseline,iterations,12,"[0.5, 0.75, 1.0]",partial,1,64,3,0.1,3,1.4,False,4cb373d9112673d0b4ad531f556ec1cd64a842c2337f27388ebfad3acb8f2f4e,,True,incomplete_service,Not all customers served
0.4,0.5,3,INDEPENDENT_MPC_MCTS,0,c103C15,C1,91c41561f2f515139f4426bb9a1fdeec3ed8662a72770dee28b201cb0d207930,15,5,1a8ffea3f01227a7e204b9fd6dec180ad7a6f7fba469989b66fa83290521e0e3,a179f946cba6526cc6ccdbf6f2b352566b37993f9a9fda1086cbc96a331bb24c,0,26,0,0,False,0,12,3,24,46.91729435145347,0,0,False,True,0,0.3796788000036031,1664,0.09434563750013088,2.2083333333333335,0.09953925001900643,1558,0.1549934399779886,0.8,0,1189.6644440096823,11,563.0075322174416,342.8427792535107,2.264295300003141,376.4101708467168,0,3,0,completed,9f3aecc31d27915899546900a0fcd1581447370ce21f4795180f718b84d0c70c,pilot,baseline,iterations,12,"[0.5, 0.75, 1.0]",partial,1,64,3,0.1,3,1.4,False,4cb373d9112673d0b4ad531f556ec1cd64a842c2337f27388ebfad3acb8f2f4e,,True,incomplete_service,Not all customers served
0.0,0.0,3,MPC_MCTS_H1,0,c103C15,C1,91c41561f2f515139f4426bb9a1fdeec3ed8662a72770dee28b201cb0d207930,15,5,1a8ffea3f01227a7e204b9fd6dec180ad7a6f7fba469989b66fa83290521e0e3,b210be7bedb43288529416f401a6d2618fd44ae5414a39dc3a31e925ed819df3,0,22,0,0,False,2,10,5,15,32.43071090311772,2,0,False,True,0,0.20006279996596277,1408,0.04920591334036241,0.8666666666666667,0.04653589997906238,977,0.10600807000882909,0.6666666666666666,0,436.1378245393143,3,324.3071090311772,125.68813387300123,0.7380887001054361,2030.0109116873502,3,3,6,completed,5f77893594c0b7945e1556a2968d751a3ae6410cc7a9be5f917b814f9f589015,pilot,baseline,iterations,12,"[0.5, 0.75, 1.0]",partial,1,64,1,0.1,3,1.4,False,4cb373d9112673d0b4ad531f556ec1cd64a842c2337f27388ebfad3acb8f2f4e,,True,incomplete_service,Not all customers served
0.4,0.5,3,MPC_MCTS_H1,0,c103C15,C1,91c41561f2f515139f4426bb9a1fdeec3ed8662a72770dee28b201cb0d207930,15,5,1a8ffea3f01227a7e204b9fd6dec180ad7a6f7fba469989b66fa83290521e0e3,a179f946cba6526cc6ccdbf6f2b352566b37993f9a9fda1086cbc96a331bb24c,0,21,0,0,False,2,10,5,15,35.604639798499655,2,0,False,True,0,0.11943680001422763,1344,0.03603773332045724,0.9333333333333333,0.03261029999703169,908,0.07162407004507251,0.6666666666666666,0,476.7994860584281,4,356.04639798499653,137.4061919476738,0.5405659998068586,1963.604274181447,3,3,4,completed,e590ea5233e254c5a8555bdc81513e8e9c617b84a84de7bb1e7ac52f51f62e88,pilot,baseline,iterations,12,"[0.5, 0.75, 1.0]",partial,1,64,1,0.1,3,1.4,False,4cb373d9112673d0b4ad531f556ec1cd64a842c2337f27388ebfad3acb8f2f4e,,True,incomplete_service,Not all customers served
0.0,0.0,2,INDEPENDENT_MPC_MCTS,0,r104C5,R1,e4e665255b473a872d956cd6d4fb222766298d4c4a5bb4710c92a7f8bf70aa3b,5,3,4b75af9ebb457497711e6900afc890337bc81f85303022e0db44102ae645cf50,252af3f073b58a75235212f3af7ce36b7d34a44d3846ec853d703253980aa7fa,0,10,0,0,False,1,4,1,9,42.0757652416636,1,0,False,True,0,0.10759499995037913,640,0.02166583334716658,0.6666666666666666,0.006939600105397403,384,0.07529464000836011,0.8,0,29.63604303141892,3,168.3030609666544,60.48172047228352,0.1949925001244992,186.44567231277688,0,2,1,completed,82b4faa82f7e8aa66a478e957a75e38181b1673221529c8594a416eb3c4e41e9,pilot,baseline,iterations,12,"[0.5, 0.75, 1.0]",partial,1,64,3,0.1,3,1.4,False,4cb373d9112673d0b4ad531f556ec1cd64a842c2337f27388ebfad3acb8f2f4e,,True,incomplete_service,Not all customers served
0.6,0.5,2,COORDINATED_MPC_MCTS,0,rc105C5,RC1,2ccfba6c447fa43a994934690acb67c7355ca04d232394907ed6938bc362c643,5,4,b473daa3dd214ed1c6625ce5036715702fe52ae48750738bc0a5e725d74b59d9,2656d97c645f0835c06600a6303f1331ff7b8b6d1c63fd4b52da21f3ea2e4346,0,13,0,0,False,1,4,1,9,42.013057897295695,1,0,False,True,0,0.07877150003332645,832,0.031078877781207364,0.6666666666666666,0.028801199980080128,637,0.06788462002296,0.8,0,19.09841121172411,1,168.05223158918278,48.97028515826695,0.27970990003086627,252.8493571990931,2,2,6,completed,0f1791c9e166ad8a1b01a8d58dea76b84e9169d76917188625340c67c2501173,pilot,baseline,iterations,12,"[0.5, 0.75, 1.0]",partial,1,64,3,0.1,3,1.4,False,4cb373d9112673d0b4ad531f556ec1cd64a842c2337f27388ebfad3acb8f2f4e,,True,incomplete_service,Not all customers served
0.0,0.0,2,COORDINATED_MPC_MCTS,0,rc105C5,RC1,2ccfba6c447fa43a994934690acb67c7355ca04d232394907ed6938bc362c643,5,4,b473daa3dd214ed1c6625ce5036715702fe52ae48750738bc0a5e725d74b59d9,535279ac75495631197b18c40e6b232e80c4e6892b771c96de80db8b8b716c7a,0,11,0,0,False,1,4,1,8,40.72120594536033,1,0,False,True,0,0.1444463999941945,704,0.03827889999956824,1.0,0.029903449933044612,514,0.10880222502746614,0.8,0,19.23212710140887,1,162.88482378144133,49.3131464138689,0.3062311999965459,257.88304911714977,2,2,4,completed,f5a5fe2c4c3d269af21f8d65c8883aa7133cb3115286df6296af4c7921c82ed9,pilot,baseline,iterations,12,"[0.5, 0.75, 1.0]",partial,1,64,3,0.1,3,1.4,False,4cb373d9112673d0b4ad531f556ec1cd64a842c2337f27388ebfad3acb8f2f4e,,True,incomplete_service,Not all customers served
0.0,0.0,2,GREEDY,0,rc105C5,RC1,2ccfba6c447fa43a994934690acb67c7355ca04d232394907ed6938bc362c643,5,4,b473daa3dd214ed1c6625ce5036715702fe52ae48750738bc0a5e725d74b59d9,535279ac75495631197b18c40e6b232e80c4e6892b771c96de80db8b8b716c7a,0,9,0,0,False,1,3,2,6,35.64334282243839,1,0,False,True,0,0.000949900015257299,0,0.0005243333095374206,0.5,0.0005166999762877822,0,0.000909324997337535,0.6,0,0.0,0,106.93002846731518,0.0,0.003145999857224524,343.0699715326848,0,2,4,completed,15be19f605b8ea46188c4fe72166486b1ea5667af34ecbae97aa838911917aea,pilot,baseline,iterations,12,"[0.5, 0.75, 1.0]",partial,1,64,3,0.1,3,1.4,False,4cb373d9112673d0b4ad531f556ec1cd64a842c2337f27388ebfad3acb8f2f4e,,True,incomplete_service,Not all customers served
0.6,0.5,2,GREEDY,0,rc105C5,RC1,2ccfba6c447fa43a994934690acb67c7355ca04d232394907ed6938bc362c643,5,4,b473daa3dd214ed1c6625ce5036715702fe52ae48750738bc0a5e725d74b59d9,2656d97c645f0835c06600a6303f1331ff7b8b6d1c63fd4b52da21f3ea2e4346,0,13,0,0,False,1,4,1,10,48.23112347204566,1,0,False,True,0,0.000991299981251359,0,0.0005066199926659464,0.6,0.00040630000876262784,0,0.0009761349705513567,0.8,0,31.486906833659887,2,192.92449388818264,80.73565854784586,0.005066199926659465,215.58859927815752,0,2,5,completed,b4f7761d1ec5e00f8deb0cd2a21d6f4ed0f644ffb3ca9753cce3c6363fbeeb42,pilot,baseline,iterations,12,"[0.5, 0.75, 1.0]",partial,1,64,3,0.1,3,1.4,False,4cb373d9112673d0b4ad531f556ec1cd64a842c2337f27388ebfad3acb8f2f4e,,True,incomplete_service,Not all customers served
0.0,0.0,2,INDEPENDENT_MPC_MCTS,0,rc105C5,RC1,2ccfba6c447fa43a994934690acb67c7355ca04d232394907ed6938bc362c643,5,4,b473daa3dd214ed1c6625ce5036715702fe52ae48750738bc0a5e725d74b59d9,535279ac75495631197b18c40e6b232e80c4e6892b771c96de80db8b8b716c7a,0,7,0,0,False,1,4,1,6,40.72120594536033,1,0,False,True,0,0.13877429999411106,448,0.04368228337261826,1.3333333333333333,0.027502200042363256,432,0.11397515001590364,0.8,0,11.651502101408871,1,162.88482378144133,29.8756464138689,0.26209370023570955,62.22849717738319,0,2,0,completed,43d456e350403e47bb830347dfbdbbb29c87c85cb36e631b583e3b975749ebe2,pilot,baseline,iterations,12,"[0.5, 0.75, 1.0]",partial,1,64,3,0.1,3,1.4,False,4cb373d9112673d0b4ad531f556ec1cd64a842c2337f27388ebfad3acb8f2f4e,,True,incomplete_service,Not all customers served
0.6,0.5,2,INDEPENDENT_MPC_MCTS,0,rc105C5,RC1,2ccfba6c447fa43a994934690acb67c7355ca04d232394907ed6938bc362c643,5,4,b473daa3dd214ed1c6625ce5036715702fe52ae48750738bc0a5e725d74b59d9,2656d97c645f0835c06600a6303f1331ff7b8b6d1c63fd4b52da21f3ea2e4346,0,9,0,0,False,1,3,2,8,67.49915261255978,1,0,False,True,0,0.06401660002302378,576,0.027468287502415478,0.875,0.02540810004575178,540,0.05252253002254291,0.6,0,29.845570543676992,4,202.49745783767935,76.52710395814613,0.21974630001932383,0.9467354400097747,0,2,0,completed,e10ccc6bc850244606b43aa93cfc976738d9de2714f6e11d1f60ef501afa48cd,pilot,baseline,iterations,12,"[0.5, 0.75, 1.0]",partial,1,64,3,0.1,3,1.4,False,4cb373d9112673d0b4ad531f556ec1cd64a842c2337f27388ebfad3acb8f2f4e,,True,incomplete_service,Not all customers served
0.6,0.5,2,MPC_MCTS_H1,0,rc105C5,RC1,2ccfba6c447fa43a994934690acb67c7355ca04d232394907ed6938bc362c643,5,4,b473daa3dd214ed1c6625ce5036715702fe52ae48750738bc0a5e725d74b59d9,2656d97c645f0835c06600a6303f1331ff7b8b6d1c63fd4b52da21f3ea2e4346,0,13,0,0,False,1,4,1,9,42.013057897295695,1,0,False,True,0,0.03944490000139922,832,0.021913711110957794,0.5555555555555556,0.018091100035235286,578,0.0388186999829486,0.8,0,19.09841121172411,1,168.05223158918278,48.97028515826695,0.19722339999862015,252.8493571990931,2,2,6,completed,366c3d705ba37583dbe6de03d9b378c8c0fc09c0be6423f5d87c9251f92d5f35,pilot,baseline,iterations,12,"[0.5, 0.75, 1.0]",partial,1,64,1,0.1,3,1.4,False,4cb373d9112673d0b4ad531f556ec1cd64a842c2337f27388ebfad3acb8f2f4e,,True,incomplete_service,Not all customers served
0.0,0.0,2,MPC_MCTS_H1,0,rc105C5,RC1,2ccfba6c447fa43a994934690acb67c7355ca04d232394907ed6938bc362c643,5,4,b473daa3dd214ed1c6625ce5036715702fe52ae48750738bc0a5e725d74b59d9,535279ac75495631197b18c40e6b232e80c4e6892b771c96de80db8b8b716c7a,0,9,0,0,False,1,3,2,6,35.64334282243839,1,0,False,True,0,0.03273070009890944,576,0.018671900053353358,0.5,0.018566900049336255,346,0.03228407507413067,0.6,0,0.0,0,106.93002846731518,0.0,0.11203140032012016,343.0699715326848,2,2,4,completed,f277b1dcd6a18a17f1d81d1f10626505cdcc6a70147dc39ac993e40a84aa2292,pilot,baseline,iterations,12,"[0.5, 0.75, 1.0]",partial,1,64,1,0.1,3,1.4,False,4cb373d9112673d0b4ad531f556ec1cd64a842c2337f27388ebfad3acb8f2f4e,,True,incomplete_service,Not all customers served
