study,ablation_factor,algorithm,DoD_target,prediction_horizon,top_l,candidate_limit,charging_mode,budget_mode,iterations,time_limit,parallel_agents,source_sha256,metric,n,mean,median,standard_deviation,ci95_low,ci95_high,number_of_runs,contributing_runs,maximum_observed
pilot,baseline,COORDINATED_MPC_MCTS,0.0,3,3,12,partial,iterations,64,0.1,False,4cb373d9112673d0b4ad531f556ec1cd64a842c2337f27388ebfad3acb8f2f4e,complete_service,5,0.4,0.0,0.5477225575051662,-0.28008738065825567,1.0800873806582558,5,5,True
pilot,baseline,COORDINATED_MPC_MCTS,0.0,3,3,12,partial,iterations,64,0.1,False,4cb373d9112673d0b4ad531f556ec1cd64a842c2337f27388ebfad3acb8f2f4e,service_ratio,5,0.8800000000000001,0.8,0.1095445115010332,0.7439825238683491,1.0160174761316512,5,5,1.0
pilot,baseline,COORDINATED_MPC_MCTS,0.0,3,3,12,partial,iterations,64,0.1,False,4cb373d9112673d0b4ad531f556ec1cd64a842c2337f27388ebfad3acb8f2f4e,customers_unserved,5,1.2,1.0,1.3038404810405297,-0.4189317847087033,2.8189317847087034,5,5,3
pilot,baseline,COORDINATED_MPC_MCTS,0.0,3,3,12,partial,iterations,64,0.1,False,4cb373d9112673d0b4ad531f556ec1cd64a842c2337f27388ebfad3acb8f2f4e,vehicles_activated,5,2.4,2.0,0.5477225575051661,1.7199126193417444,3.0800873806582554,5,5,3
pilot,baseline,COORDINATED_MPC_MCTS,0.0,3,3,12,partial,iterations,64,0.1,False,4cb373d9112673d0b4ad531f556ec1cd64a842c2337f27388ebfad3acb8f2f4e,distance_complete,2,210.00260414178842,210.00260414178842,103.68003714005076,-721.5255709558087,1141.5307792393855,5,2,283.31546147719143
pilot,baseline,COORDINATED_MPC_MCTS,0.0,3,3,12,partial,iterations,64,0.1,False,4cb373d9112673d0b4ad531f556ec1cd64a842c2337f27388ebfad3acb8f2f4e,mean_planning_time,5,0.05599805078114961,0.03827889999956824,0.034824028074181744,0.012758308849000977,0.09923779271329825,5,5,0.11154594783084062
pilot,baseline,COORDINATED_MPC_MCTS,0.0,3,3,12,partial,iterations,64,0.1,False,4cb373d9112673d0b4ad531f556ec1cd64a842c2337f27388ebfad3acb8f2f4e,p95_planning_time,5,0.14467238700715818,0.10880222502746614,0.0735511283952148,0.05334659885155736,0.235998175162759,5,5,0.2459398199745917
pilot,baseline,COORDINATED_MPC_MCTS,0.0,3,3,12,partial,iterations,64,0.1,False,4cb373d9112673d0b4ad531f556ec1cd64a842c2337f27388ebfad3acb8f2f4e,maximum_planning_time,5,0.2752243399620056,0.1444463999941945,0.21301213750717993,0.010734837638910588,0.5397138422851007,5,5,0.5884534999495372
pilot,baseline,COORDINATED_MPC_MCTS,0.0,3,3,12,partial,iterations,64,0.1,False,4cb373d9112673d0b4ad531f556ec1cd64a842c2337f27388ebfad3acb8f2f4e,total_planning_time,5,0.9456966400379315,0.3704049000516534,0.9913549489303212,-0.2852331094899795,2.1766263895658424,5,5,2.5655568001093343
pilot,baseline,COORDINATED_MPC_MCTS,0.0,3,3,12,partial,iterations,64,0.1,False,4cb373d9112673d0b4ad531f556ec1cd64a842c2337f27388ebfad3acb8f2f4e,nodes_expanded,5,874.4,720.0,440.960655841312,326.8750290175225,1421.9249709824776,5,5,1503
pilot,baseline,COORDINATED_MPC_MCTS,0.0,3,3,12,partial,iterations,64,0.1,False,4cb373d9112673d0b4ad531f556ec1cd64a842c2337f27388ebfad3acb8f2f4e,mcts_iterations,5,1164.8,896.0,536.2268176807273,498.9864656144672,1830.6135343855326,5,5,1920
pilot,baseline,COORDINATED_MPC_MCTS,0.0,3,3,12,partial,iterations,64,0.1,False,4cb373d9112673d0b4ad531f556ec1cd64a842c2337f27388ebfad3acb8f2f4e,total_charging_time,5,480.26874337492,512.4962903395958,468.8684988970675,-101.90839159741,1062.44587834725,5,5,1081.989588891705
pilot,baseline,COORDINATED_MPC_MCTS,0.0,3,3,12,partial,iterations,64,0.1,False,4cb373d9112673d0b4ad531f556ec1cd64a842c2337f27388ebfad3acb8f2f4e,total_charging_visits,5,4.2,4.0,3.420526275297414,-0.04714433094681514,8.447144330946816,5,5,9
pilot,baseline,COORDINATED_MPC_MCTS,0.5,3,3,12,partial,iterations,64,0.1,False,4cb373d9112673d0b4ad531f556ec1cd64a842c2337f27388ebfad3acb8f2f4e,complete_service,5,0.2,0.0,0.447213595499958,-0.3552890210395587,0.7552890210395586,5,5,True
pilot,baseline,COORDINATED_MPC_MCTS,0.5,3,3,12,partial,iterations,64,0.1,False,4cb373d9112673d0b4ad531f556ec1cd64a842c2337f27388ebfad3acb8f2f4e,service_ratio,5,0.8733333333333334,0.8666666666666667,0.0829993306532582,0.7702760525861726,0.9763906140804942,5,5,1.0
pilot,baseline,COORDINATED_MPC_MCTS,0.5,3,3,12,partial,iterations,64,0.1,False,4cb373d9112673d0b4ad531f556ec1cd64a842c2337f27388ebfad3acb8f2f4e,customers_unserved,5,1.0,1.0,0.7071067811865476,0.1220109669149172,1.8779890330850828,5,5,2
pilot,baseline,COORDINATED_MPC_MCTS,0.5,3,3,12,partial,iterations,64,0.1,False,4cb373d9112673d0b4ad531f556ec1cd64a842c2337f27388ebfad3acb8f2f4e,vehicles_activated,5,2.4,2.0,0.5477225575051661,1.7199126193417444,3.0800873806582554,5,5,3
pilot,baseline,COORDINATED_MPC_MCTS,0.5,3,3,12,partial,iterations,64,0.1,False,4cb373d9112673d0b4ad531f556ec1cd64a842c2337f27388ebfad3acb8f2f4e,distance_complete,1,136.68974680638544,136.68974680638544,,,,5,1,136.68974680638544
pilot,baseline,COORDINATED_MPC_MCTS,0.5,3,3,12,partial,iterations,64,0.1,False,4cb373d9112673d0b4ad531f556ec1cd64a842c2337f27388ebfad3acb8f2f4e,mean_planning_time,5,0.047348808431162084,0.031078877781207364,0.03037581155469412,0.009632256807476487,0.08506536005484769,5,5,0.09261680769626625
pilot,baseline,COORDINATED_MPC_MCTS,0.5,3,3,12,partial,iterations,64,0.1,False,4cb373d9112673d0b4ad531f556ec1cd64a842c2337f27388ebfad3acb8f2f4e,p95_planning_time,5,0.09006635897792876,0.0772637999616563,0.04380786073946264,0.035671715459413875,0.14446100249644367,5,5,0.1579661249415949
pilot,baseline,COORDINATED_MPC_MCTS,0.5,3,3,12,partial,iterations,64,0.1,False,4cb373d9112673d0b4ad531f556ec1cd64a842c2337f27388ebfad3acb8f2f4e,maximum_planning_time,5,0.17099725999869406,0.1043843999505043,0.1356722395278878,0.0025379246212381412,0.33945659537614997,5,5,0.3785807000240311
pilot,baseline,COORDINATED_MPC_MCTS,0.5,3,3,12,partial,iterations,64,0.1,False,4cb373d9112673d0b4ad531f556ec1cd64a842c2337f27388ebfad3acb8f2f4e,total_planning_time,5,0.8874977400759235,0.27970990003086627,0.9633504432220067,-0.30865982292648153,2.0836553030783285,5,5,2.4080370001029223
pilot,baseline,COORDINATED_MPC_MCTS,0.5,3,3,12,partial,iterations,64,0.1,False,4cb373d9112673d0b4ad531f556ec1cd64a842c2337f27388ebfad3acb8f2f4e,nodes_expanded,5,980.2,643.0,549.6882752979183,297.6718583278555,1662.7281416721446,5,5,1711
pilot,baseline,COORDINATED_MPC_MCTS,0.5,3,3,12,partial,iterations,64,0.1,False,4cb373d9112673d0b4ad531f556ec1cd64a842c2337f27388ebfad3acb8f2f4e,mcts_iterations,5,1254.4,832.0,623.1378659654699,480.6721459131535,2028.1278540868466,5,5,2112
pilot,baseline,COORDINATED_MPC_MCTS,0.5,3,3,12,partial,iterations,64,0.1,False,4cb373d9112673d0b4ad531f556ec1cd64a842c2337f27388ebfad3acb8f2f4e,total_charging_time,5,552.4512180213736,418.44339441991434,582.3087495655055,-170.58059215316644,1275.4830281959137,5,5,1290.8055595433095
pilot,baseline,COORDINATED_MPC_MCTS,0.5,3,3,12,partial,iterations,64,0.1,False,4cb373d9112673d0b4ad531f556ec1cd64a842c2337f27388ebfad3acb8f2f4e,total_charging_visits,5,4.8,3.0,4.381780460041329,-0.6406990452660448,10.240699045266044,5,5,10
pilot,baseline,GREEDY,0.0,3,3,12,partial,iterations,64,0.1,False,4cb373d9112673d0b4ad531f556ec1cd64a842c2337f27388ebfad3acb8f2f4e,complete_service,5,0.2,0.0,0.447213595499958,-0.3552890210395587,0.7552890210395586,5,5,True
pilot,baseline,GREEDY,0.0,3,3,12,partial,iterations,64,0.1,False,4cb373d9112673d0b4ad531f556ec1cd64a842c2337f27388ebfad3acb8f2f4e,service_ratio,5,0.6933333333333334,0.6,0.20869967789998037,0.434198456848206,0.9524682098184607,5,5,1.0
pilot,baseline,GREEDY,0.0,3,3,12,partial,iterations,64,0.1,False,4cb373d9112673d0b4ad531f556ec1cd64a842c2337f27388ebfad3acb8f2f4e,customers_unserved,5,3.0,2.0,3.1622776601683795,-0.9264863229551143,6.926486322955114,5,5,8
pilot,baseline,GREEDY,0.0,3,3,12,partial,iterations,64,0.1,False,4cb373d9112673d0b4ad531f556ec1cd64a842c2337f27388ebfad3acb8f2f4e,vehicles_activated,5,2.4,2.0,0.5477225575051661,1.7199126193417444,3.0800873806582554,5,5,3
pilot,baseline,GREEDY,0.0,3,3,12,partial,iterations,64,0.1,False,4cb373d9112673d0b4ad531f556ec1cd64a842c2337f27388ebfad3acb8f2f4e,distance_complete,1,177.09179232401206,177.09179232401206,,,,5,1,177.09179232401206
pilot,baseline,GREEDY,0.0,3,3,12,partial,iterations,64,0.1,False,4cb373d9112673d0b4ad531f556ec1cd64a842c2337f27388ebfad3acb8f2f4e,mean_planning_time,5,0.0006544830160350818,0.0006203333096992639,0.00029962274578674864,0.00028245223954871744,0.0010265137925214462,5,5,0.0011225923215253996
pilot,baseline,GREEDY,0.0,3,3,12,partial,iterations,64,0.1,False,4cb373d9112673d0b4ad531f556ec1cd64a842c2337f27388ebfad3acb8f2f4e,p95_planning_time,5,0.001539082006784155,0.0012268199818208812,0.0009315348538756997,0.00038242871565469477,0.002695735297913615,5,5,0.0029657000442966804
pilot,baseline,GREEDY,0.0,3,3,12,partial,iterations,64,0.1,False,4cb373d9112673d0b4ad531f556ec1cd64a842c2337f27388ebfad3acb8f2f4e,maximum_planning_time,5,0.001921280031092465,0.0013457000022754073,0.0012647904747128912,0.00035083523337041986,0.00349172482881451,5,5,0.003650000086054206
pilot,baseline,GREEDY,0.0,3,3,12,partial,iterations,64,0.1,False,4cb373d9112673d0b4ad531f556ec1cd64a842c2337f27388ebfad3acb8f2f4e,total_planning_time,5,0.007093139924108982,0.0055829997872933745,0.004850342380469385,0.0010706444113182034,0.01311563543689976,5,5,0.014593700179830194
pilot,baseline,GREEDY,0.0,3,3,12,partial,iterations,64,0.1,False,4cb373d9112673d0b4ad531f556ec1cd64a842c2337f27388ebfad3acb8f2f4e,nodes_expanded,5,0.0,0.0,0.0,0.0,0.0,5,5,0
pilot,baseline,GREEDY,0.0,3,3,12,partial,iterations,64,0.1,False,4cb373d9112673d0b4ad531f556ec1cd64a842c2337f27388ebfad3acb8f2f4e,mcts_iterations,5,0.0,0.0,0.0,0.0,0.0,5,5,0
pilot,baseline,GREEDY,0.0,3,3,12,partial,iterations,64,0.1,False,4cb373d9112673d0b4ad531f556ec1cd64a842c2337f27388ebfad3acb8f2f4e,total_charging_time,5,190.95385788405784,242.8506554428331,166.7931710757377,-16.14721778692703,398.0549335550427,5,5,381.66349800512546
pilot,baseline,GREEDY,0.0,3,3,12,partial,iterations,64,0.1,False,4cb373d9112673d0b4ad531f556ec1cd64a842c2337f27388ebfad3acb8f2f4e,total_charging_visits,5,1.8,2.0,1.0954451150103324,0.43982523868348866,3.1601747613165116,5,5,3
pilot,baseline,GREEDY,0.5,3,3,12,partial,iterations,64,0.1,False,4cb373d9112673d0b4ad531f556ec1cd64a842c2337f27388ebfad3acb8f2f4e,complete_service,5,0.4,0.0,0.5477225575051662,-0.28008738065825567,1.0800873806582558,5,5,True
pilot,baseline,GREEDY,0.5,3,3,12,partial,iterations,64,0.1,False,4cb373d9112673d0b4ad531f556ec1cd64a842c2337f27388ebfad3acb8f2f4e,service_ratio,5,0.8266666666666665,0.9333333333333333,0.25210227201585383,0.5136403516392085,1.1396929816941246,5,5,1.0
pilot,baseline,GREEDY,0.5,3,3,12,partial,iterations,64,0.1,False,4cb373d9112673d0b4ad531f556ec1cd64a842c2337f27388ebfad3acb8f2f4e,customers_unserved,5,1.6,1.0,2.5099800796022267,-1.5165519010507027,4.716551901050703,5,5,6
pilot,baseline,GREEDY,0.5,3,3,12,partial,iterations,64,0.1,False,4cb373d9112673d0b4ad531f556ec1cd64a842c2337f27388ebfad3acb8f2f4e,vehicles_activated,5,2.4,2.0,0.5477225575051661,1.7199126193417444,3.0800873806582554,5,5,3
pilot,baseline,GREEDY,0.5,3,3,12,partial,iterations,64,0.1,False,4cb373d9112673d0b4ad531f556ec1cd64a842c2337f27388ebfad3acb8f2f4e,distance_complete,2,234.95627632335692,234.95627632335692,55.91846982648082,-267.4512419277137,737.3637945744275,5,2,274.49660553123687
pilot,baseline,GREEDY,0.5,3,3,12,partial,iterations,64,0.1,False,4cb373d9112673d0b4ad531f556ec1cd64a842c2337f27388ebfad3acb8f2f4e,mean_planning_time,5,0.0007416124541860943,0.0005066199926659464,0.00039836350273533605,0.0002469788346412809,0.0012362460737309078,5,5,0.0012830565278620823
pilot,baseline,GREEDY,0.5,3,3,12,partial,iterations,64,0.1,False,4cb373d9112673d0b4ad531f556ec1cd64a842c2337f27388ebfad3acb8f2f4e,p95_planning_time,5,0.0016862329945433886,0.0009761349705513567,0.0012798941886368821,9.703445900275482e-05,0.0032754315300840223,5,5,0.0037863600067794324
pilot,baseline,GREEDY,0.5,3,3,12,partial,iterations,64,0.1,False,4cb373d9112673d0b4ad531f556ec1cd64a842c2337f27388ebfad3acb8f2f4e,maximum_planning_time,5,0.0024573599686846135,0.000991299981251359,0.0027552508278421537,-0.0009637357902681056,0.005878455727637333,5,5,0.007293799892067909
pilot,baseline,GREEDY,0.5,3,3,12,partial,iterations,64,0.1,False,4cb373d9112673d0b4ad531f556ec1cd64a842c2337f27388ebfad3acb8f2f4e,total_planning_time,5,0.010634099994786084,0.005068899830803275,0.010756056900045236,-0.0027213086206312673,0.023989508610203436,5,5,0.029510300140827894
pilot,baseline,GREEDY,0.5,3,3,12,partial,iterations,64,0.1,False,4cb373d9112673d0b4ad531f556ec1cd64a842c2337f27388ebfad3acb8f2f4e,nodes_expanded,5,0.0,0.0,0.0,0.0,0.0,5,5,0
pilot,baseline,GREEDY,0.5,3,3,12,partial,iterations,64,0.1,False,4cb373d9112673d0b4ad531f556ec1cd64a842c2337f27388ebfad3acb8f2f4e,mcts_iterations,5,0.0,0.0,0.0,0.0,0.0,5,5,0
pilot,baseline,GREEDY,0.5,3,3,12,partial,iterations,64,0.1,False,4cb373d9112673d0b4ad531f556ec1cd64a842c2337f27388ebfad3acb8f2f4e,total_charging_time,5,323.5158007314211,87.35903929272821,411.11339017885604,-186.9488950331613,833.9804964960035,5,5,978.2826968696024
pilot,baseline,GREEDY,0.5,3,3,12,partial,iterations,64,0.1,False,4cb373d9112673d0b4ad531f556ec1cd64a842c2337f27388ebfad3acb8f2f4e,total_charging_visits,5,2.6,2.0,1.51657508881031,0.7169233116515619,4.483076688348438,5,5,5
pilot,baseline,INDEPENDENT_MPC_MCTS,0.0,3,3,12,partial,iterations,64,0.1,False,4cb373d9112673d0b4ad531f556ec1cd64a842c2337f27388ebfad3acb8f2f4e,complete_service,5,0.0,0.0,0.0,0.0,0.0,5,5,False
pilot,baseline,INDEPENDENT_MPC_MCTS,0.0,3,3,12,partial,iterations,64,0.1,False,4cb373d9112673d0b4ad531f556ec1cd64a842c2337f27388ebfad3acb8f2f4e,service_ratio,5,0.8,0.8,0.0,0.8,0.8,5,5,0.8
pilot,baseline,INDEPENDENT_MPC_MCTS,0.0,3,3,12,partial,iterations,64,0.1,False,4cb373d9112673d0b4ad531f556ec1cd64a842c2337f27388ebfad3acb8f2f4e,customers_unserved,5,1.6,1.0,0.8944271909999159,0.48942195792088294,2.710578042079117,5,5,3
pilot,baseline,INDEPENDENT_MPC_MCTS,0.0,3,3,12,partial,iterations,64,0.1,False,4cb373d9112673d0b4ad531f556ec1cd64a842c2337f27388ebfad3acb8f2f4e,vehicles_activated,5,2.4,2.0,0.5477225575051661,1.7199126193417444,3.0800873806582554,5,5,3
pilot,baseline,INDEPENDENT_MPC_MCTS,0.0,3,3,12,partial,iterations,64,0.1,False,4cb373d9112673d0b4ad531f556ec1cd64a842c2337f27388ebfad3acb8f2f4e,distance_complete,0,,,,,,5,0,
pilot,baseline,INDEPENDENT_MPC_MCTS,0.0,3,3,12,partial,iterations,64,0.1,False,4cb373d9112673d0b4ad531f556ec1cd64a842c2337f27388ebfad3acb8f2f4e,mean_planning_time,5,0.05896222940975956,0.04368228337261826,0.040509037345768065,0.008663616135627591,0.10926084268389152,5,5,0.12346391250321176
pilot,baseline,INDEPENDENT_MPC_MCTS,0.0,3,3,12,partial,iterations,64,0.1,False,4cb373d9112673d0b4ad531f556ec1cd64a842c2337f27388ebfad3acb8f2f4e,p95_planning_time,5,0.1365867090201936,0.11397515001590364,0.06208998305076543,0.05949181241697625,0.21368160562341093,5,5,0.2094983850198332
pilot,baseline,INDEPENDENT_MPC_MCTS,0.0,3,3,12,partial,iterations,64,0.1,False,4cb373d9112673d0b4ad531f556ec1cd64a842c2337f27388ebfad3acb8f2f4e,maximum_planning_time,5,0.2689672600012273,0.13877429999411106,0.2136431087958108,0.003694303345139094,0.5342402166573155,5,5,0.5806949000107124
pilot,baseline,INDEPENDENT_MPC_MCTS,0.0,3,3,12,partial,iterations,64,0.1,False,4cb373d9112673d0b4ad531f556ec1cd64a842c2337f27388ebfad3acb8f2f4e,total_planning_time,5,0.9610174801899121,0.3076792003121227,1.1751707748194238,-0.498149762644589,2.420184723024413,5,5,2.963133900077082
pilot,baseline,INDEPENDENT_MPC_MCTS,0.0,3,3,12,partial,iterations,64,0.1,False,4cb373d9112673d0b4ad531f556ec1cd64a842c2337f27388ebfad3acb8f2f4e,nodes_expanded,5,794.4,603.0,492.4472560589611,182.94597113735756,1405.8540288626423,5,5,1567
pilot,baseline,INDEPENDENT_MPC_MCTS,0.0,3,3,12,partial,iterations,64,0.1,False,4cb373d9112673d0b4ad531f556ec1cd64a842c2337f27388ebfad3acb8f2f4e,mcts_iterations,5,896.0,640.0,489.50587330490737,288.1981802080036,1503.8018197919964,5,5,1664
pilot,baseline,INDEPENDENT_MPC_MCTS,0.0,3,3,12,partial,iterations,64,0.1,False,4cb373d9112673d0b4ad531f556ec1cd64a842c2337f27388ebfad3acb8f2f4e,total_charging_time,5,434.5023528287778,440.10508674646087,427.0697244950192,-95.77474879948784,964.7794544570435,5,5,1001.8720283772349
pilot,baseline,INDEPENDENT_MPC_MCTS,0.0,3,3,12,partial,iterations,64,0.1,False,4cb373d9112673d0b4ad531f556ec1cd64a842c2337f27388ebfad3acb8f2f4e,total_charging_visits,5,5.0,4.0,3.8078865529319543,0.2718843579801602,9.72811564201984,5,5,11
pilot,baseline,INDEPENDENT_MPC_MCTS,0.5,3,3,12,partial,iterations,64,0.1,False,4cb373d9112673d0b4ad531f556ec1cd64a842c2337f27388ebfad3acb8f2f4e,complete_service,5,0.2,0.0,0.447213595499958,-0.3552890210395587,0.7552890210395586,5,5,True
pilot,baseline,INDEPENDENT_MPC_MCTS,0.5,3,3,12,partial,iterations,64,0.1,False,4cb373d9112673d0b4ad531f556ec1cd64a842c2337f27388ebfad3acb8f2f4e,service_ratio,5,0.82,0.8,0.14832396974191328,0.6358314667008018,1.004168533299198,5,5,1.0
pilot,baseline,INDEPENDENT_MPC_MCTS,0.5,3,3,12,partial,iterations,64,0.1,False,4cb373d9112673d0b4ad531f556ec1cd64a842c2337f27388ebfad3acb8f2f4e,customers_unserved,5,1.4,1.0,1.140175425099138,-0.015714776982272083,2.815714776982272,5,5,3
pilot,baseline,INDEPENDENT_MPC_MCTS,0.5,3,3,12,partial,iterations,64,0.1,False,4cb373d9112673d0b4ad531f556ec1cd64a842c2337f27388ebfad3acb8f2f4e,vehicles_activated,5,2.4,2.0,0.5477225575051661,1.7199126193417444,3.0800873806582554,5,5,3
pilot,baseline,INDEPENDENT_MPC_MCTS,0.5,3,3,12,partial,iterations,64,0.1,False,4cb373d9112673d0b4ad531f556ec1cd64a842c2337f27388ebfad3acb8f2f4e,distance_complete,1,136.68974680638544,136.68974680638544,,,,5,1,136.68974680638544
pilot,baseline,INDEPENDENT_MPC_MCTS,0.5,3,3,12,partial,iterations,64,0.1,False,4cb373d9112673d0b4ad531f556ec1cd64a842c2337f27388ebfad3acb8f2f4e,mean_planning_time,5,0.04507689592368504,0.03034794285693871,0.031159880789193337,0.006386793759422582,0.08376699808794749,5,5,0.09434563750013088
pilot,baseline,INDEPENDENT_MPC_MCTS,0.5,3,3,12,partial,iterations,64,0.1,False,4cb373d9112673d0b4ad531f556ec1cd64a842c2337f27388ebfad3acb8f2f4e,p95_planning_time,5,0.09005464800400656,0.08607038999907667,0.050051442417737964,0.027907573895732563,0.15220172211228056,5,5,0.1549934399779886
pilot,baseline,INDEPENDENT_MPC_MCTS,0.5,3,3,12,partial,iterations,64,0.1,False,4cb373d9112673d0b4ad531f556ec1cd64a842c2337f27388ebfad3acb8f2f4e,maximum_planning_time,5,0.16357924002222718,0.10850730002857745,0.13954906235840717,-0.009693806691299045,0.3368522867357534,5,5,0.3796788000036031
pilot,baseline,INDEPENDENT_MPC_MCTS,0.5,3,3,12,partial,iterations,64,0.1,False,4cb373d9112673d0b4ad531f556ec1cd64a842c2337f27388ebfad3acb8f2f4e,total_planning_time,5,0.7647505200002342,0.21974630001932383,0.9006765228870873,-0.3535870924960107,1.8830881324964792,5,5,2.264295300003141
pilot,baseline,INDEPENDENT_MPC_MCTS,0.5,3,3,12,partial,iterations,64,0.1,False,4cb373d9112673d0b4ad531f556ec1cd64a842c2337f27388ebfad3acb8f2f4e,nodes_expanded,5,857.2,644.0,466.946677898023,277.4091209731756,1436.9908790268246,5,5,1558
pilot,baseline,INDEPENDENT_MPC_MCTS,0.5,3,3,12,partial,iterations,64,0.1,False,4cb373d9112673d0b4ad531f556ec1cd64a842c2337f27388ebfad3acb8f2f4e,mcts_iterations,5,934.4,704.0,492.8415566893685,322.4563822401117,1546.3436177598883,5,5,1664
pilot,baseline,INDEPENDENT_MPC_MCTS,0.5,3,3,12,partial,iterations,64,0.1,False,4cb373d9112673d0b4ad531f556ec1cd64a842c2337f27388ebfad3acb8f2f4e,total_charging_time,5,502.340942076987,469.4375450474922,507.2846162872171,-127.53610280946128,1132.2179869634354,5,5,1189.6644440096823
pilot,baseline,INDEPENDENT_MPC_MCTS,0.5,3,3,12,partial,iterations,64,0.1,False,4cb373d9112673d0b4ad531f556ec1cd64a842c2337f27388ebfad3acb8f2f4e,total_charging_visits,5,5.4,4.0,3.7815340802378072,0.7046052745881308,10.09539472541187,5,5,11
pilot,baseline,MPC_MCTS_H1,0.0,1,3,12,partial,iterations,64,0.1,False,4cb373d9112673d0b4ad531f556ec1cd64a842c2337f27388ebfad3acb8f2f4e,complete_service,5,0.2,0.0,0.447213595499958,-0.3552890210395587,0.7552890210395586,5,5,True
pilot,baseline,MPC_MCTS_H1,0.0,1,3,12,partial,iterations,64,0.1,False,4cb373d9112673d0b4ad531f556ec1cd64a842c2337f27388ebfad3acb8f2f4e,service_ratio,5,0.7133333333333334,0.6666666666666666,0.19379255804998177,0.4727080908828579,0.9539585757838088,5,5,1.0
pilot,baseline,MPC_MCTS_H1,0.0,1,3,12,partial,iterations,64,0.1,False,4cb373d9112673d0b4ad531f556ec1cd64a842c2337f27388ebfad3acb8f2f4e,customers_unserved,5,2.6,2.0,2.3021728866442674,-0.25852519098702187,5.458525190987022,5,5,5
pilot,baseline,MPC_MCTS_H1,0.0,1,3,12,partial,iterations,64,0.1,False,4cb373d9112673d0b4ad531f556ec1cd64a842c2337f27388ebfad3acb8f2f4e,vehicles_activated,5,2.4,2.0,0.5477225575051661,1.7199126193417444,3.0800873806582554,5,5,3
pilot,baseline,MPC_MCTS_H1,0.0,1,3,12,partial,iterations,64,0.1,False,4cb373d9112673d0b4ad531f556ec1cd64a842c2337f27388ebfad3acb8f2f4e,distance_complete,1,139.94517187680242,139.94517187680242,,,,5,1,139.94517187680242
pilot,baseline,MPC_MCTS_H1,0.0,1,3,12,partial,iterations,64,0.1,False,4cb373d9112673d0b4ad531f556ec1cd64a842c2337f27388ebfad3acb8f2f4e,mean_planning_time,5,0.027236784898430212,0.018671900053353358,0.015577815627900317,0.007894372062610424,0.04657919773425,5,5,0.04920591334036241
pilot,baseline,MPC_MCTS_H1,0.0,1,3,12,partial,iterations,64,0.1,False,4cb373d9112673d0b4ad531f556ec1cd64a842c2337f27388ebfad3acb8f2f4e,p95_planning_time,5,0.05844040601747107,0.03228407507413067,0.04097312558900537,0.007565551079721705,0.10931526095522043,5,5,0.10600807000882909
pilot,baseline,MPC_MCTS_H1,0.0,1,3,12,partial,iterations,64,0.1,False,4cb373d9112673d0b4ad531f556ec1cd64a842c2337f27388ebfad3acb8f2f4e,maximum_planning_time,5,0.08475518000777811,0.03779129998292774,0.076376749922112,-0.010079080670320512,0.17958944068587673,5,5,0.20006279996596277
pilot,baseline,MPC_MCTS_H1,0.0,1,3,12,partial,iterations,64,0.1,False,4cb373d9112673d0b4ad531f556ec1cd64a842c2337f27388ebfad3acb8f2f4e,total_planning_time,5,0.281982700061053,0.13564490003045648,0.26693799219215303,-0.04946459459674085,0.6134299947188468,5,5,0.7380887001054361
pilot,baseline,MPC_MCTS_H1,0.0,1,3,12,partial,iterations,64,0.1,False,4cb373d9112673d0b4ad531f556ec1cd64a842c2337f27388ebfad3acb8f2f4e,nodes_expanded,5,551.0,480.0,251.45277886712645,238.78013723239678,863.2198627676032,5,5,977
pilot,baseline,MPC_MCTS_H1,0.0,1,3,12,partial,iterations,64,0.1,False,4cb373d9112673d0b4ad531f556ec1cd64a842c2337f27388ebfad3acb8f2f4e,mcts_iterations,5,883.2,768.0,324.44907150429634,480.3432686624765,1286.0567313375236,5,5,1408
pilot,baseline,MPC_MCTS_H1,0.0,1,3,12,partial,iterations,64,0.1,False,4cb373d9112673d0b4ad531f556ec1cd64a842c2337f27388ebfad3acb8f2f4e,total_charging_time,5,148.51080815902924,13.852276000845226,203.5463374649448,-104.22535103742675,401.24696735548525,5,5,436.1378245393143
pilot,baseline,MPC_MCTS_H1,0.0,1,3,12,partial,iterations,64,0.1,False,4cb373d9112673d0b4ad531f556ec1cd64a842c2337f27388ebfad3acb8f2f4e,total_charging_visits,5,1.2,1.0,1.3038404810405297,-0.4189317847087033,2.8189317847087034,5,5,3
pilot,baseline,MPC_MCTS_H1,0.5,1,3,12,partial,iterations,64,0.1,False,4cb373d9112673d0b4ad531f556ec1cd64a842c2337f27388ebfad3acb8f2f4e,complete_service,5,0.2,0.0,0.447213595499958,-0.3552890210395587,0.7552890210395586,5,5,True
pilot,baseline,MPC_MCTS_H1,0.5,1,3,12,partial,iterations,64,0.1,False,4cb373d9112673d0b4ad531f556ec1cd64a842c2337f27388ebfad3acb8f2f4e,service_ratio,5,0.7733333333333332,0.8,0.1534781924429512,0.5827649872675317,0.9639016793991347,5,5,1.0
pilot,baseline,MPC_MCTS_H1,0.5,1,3,12,partial,iterations,64,0.1,False,4cb373d9112673d0b4ad531f556ec1cd64a842c2337f27388ebfad3acb8f2f4e,customers_unserved,5,2.2,1.0,2.16794833886788,-0.4918634023379007,4.891863402337901,5,5,5
pilot,baseline,MPC_MCTS_H1,0.5,1,3,12,partial,iterations,64,0.1,False,4cb373d9112673d0b4ad531f556ec1cd64a842c2337f27388ebfad3acb8f2f4e,vehicles_activated,5,2.4,2.0,0.5477225575051661,1.7199126193417444,3.0800873806582554,5,5,3
pilot,baseline,MPC_MCTS_H1,0.5,1,3,12,partial,iterations,64,0.1,False,4cb373d9112673d0b4ad531f556ec1cd64a842c2337f27388ebfad3acb8f2f4e,distance_complete,1,139.94517187680242,139.94517187680242,,,,5,1,139.94517187680242
pilot,baseline,MPC_MCTS_H1,0.5,1,3,12,partial,iterations,64,0.1,False,4cb373d9112673d0b4ad531f556ec1cd64a842c2337f27388ebfad3acb8f2f4e,mean_planning_time,5,0.022910000670494306,0.021913711110957794,0.008881503919742906,0.011882157003443927,0.03393784433754468,5,5,0.03603773332045724
pilot,baseline,MPC_MCTS_H1,0.5,1,3,12,partial,iterations,64,0.1,False,4cb373d9112673d0b4ad531f556ec1cd64a842c2337f27388ebfad3acb8f2f4e,p95_planning_time,5,0.04668499899795276,0.0388186999829486,0.021768057564386607,0.019656385609426796,0.07371361238647872,5,5,0.07162407004507251
pilot,baseline,MPC_MCTS_H1,0.5,1,3,12,partial,iterations,64,0.1,False,4cb373d9112673d0b4ad531f556ec1cd64a842c2337f27388ebfad3acb8f2f4e,maximum_planning_time,5,0.06379497998859733,0.03944490000139922,0.04007737908863426,0.014032341231875786,0.11355761874531888,5,5,0.11943680001422763
pilot,baseline,MPC_MCTS_H1,0.5,1,3,12,partial,iterations,64,0.1,False,4cb373d9112673d0b4ad531f556ec1cd64a842c2337f27388ebfad3acb8f2f4e,total_planning_time,5,0.25472388002090157,0.19722339999862015,0.16882580120914403,0.045098960691601936,0.46434879935020124,5,5,0.5405659998068586
pilot,baseline,MPC_MCTS_H1,0.5,1,3,12,partial,iterations,64,0.1,False,4cb373d9112673d0b4ad531f556ec1cd64a842c2337f27388ebfad3acb8f2f4e,nodes_expanded,5,600.8,578.0,190.37515594215543,364.4180227141982,837.1819772858017,5,5,908
pilot,baseline,MPC_MCTS_H1,0.5,1,3,12,partial,iterations,64,0.1,False,4cb373d9112673d0b4ad531f556ec1cd64a842c2337f27388ebfad3acb8f2f4e,mcts_iterations,5,947.2,832.0,245.37970576231442,642.5208534651015,1251.8791465348986,5,5,1344
pilot,baseline,MPC_MCTS_H1,0.5,1,3,12,partial,iterations,64,0.1,False,4cb373d9112673d0b4ad531f556ec1cd64a842c2337f27388ebfad3acb8f2f4e,total_charging_time,5,182.50559552980616,110.21386412304676,199.43274414624574,-65.12286293956964,430.13405399918196,5,5,476.7994860584281
pilot,baseline,MPC_MCTS_H1,0.5,1,3,12,partial,iterations,64,0.1,False,4cb373d9112673d0b4ad531f556ec1cd64a842c2337f27388ebfad3acb8f2f4e,total_charging_visits,5,1.8,1.0,1.30384048104053,0.18106821529129657,3.4189317847087035,5,5,4
