study,instance_family,DoD_target,algorithm,full_service_rate,mean_service_ratio,median_unserved,mean_activated_vehicles,mean_distance_on_complete_runs,median_distance_on_complete_runs,mean_planning_time,p95_planning_time,number_of_runs
C,C1,0.5,COORDINATED_MPC_MCTS,0.0,0.62,38.0,13.0,,,0.067841,0.119549,4
C,C2,0.5,COORDINATED_MPC_MCTS,0.0,0.31,69.0,5.0,,,0.082326,0.143247,4
C,R1,0.5,COORDINATED_MPC_MCTS,0.0,0.648,35.25,20.0,,,0.062603,0.118233,4
C,R2,0.5,COORDINATED_MPC_MCTS,0.0,0.465,53.5,4.0,,,0.093952,0.161252,4
C,RC1,0.5,COORDINATED_MPC_MCTS,0.0,0.75,25.0,21.0,,,0.07588,0.12595,4
C,RC2,0.5,COORDINATED_MPC_MCTS,0.0,0.382,61.75,5.0,,,0.084202,0.158822,4
C,C1,0.5,COORDINATED_MPC_MCTS,0.0,0.67,33.0,13.0,,,0.03414,0.062407,1
C,C2,0.5,COORDINATED_MPC_MCTS,0.0,0.4,60.0,5.0,,,0.062584,0.109351,1
C,R1,0.5,COORDINATED_MPC_MCTS,0.0,0.64,36.0,20.0,,,0.04099,0.079278,1
C,R2,0.5,COORDINATED_MPC_MCTS,0.0,0.48,52.0,4.0,,,0.06655,0.132808,1
C,RC1,0.5,COORDINATED_MPC_MCTS,0.0,0.78,22.0,21.0,,,0.047729,0.100347,1
C,RC2,0.5,COORDINATED_MPC_MCTS,0.0,0.42,58.0,5.0,,,0.056329,0.121185,1
C,C1,0.5,INDEPENDENT_MPC_MCTS,0.0,0.65,35.0,13.0,,,0.0467,0.092896,5
C,C2,0.5,INDEPENDENT_MPC_MCTS,0.0,0.326,67.4,5.0,,,0.076728,0.137234,5
C,R1,0.5,INDEPENDENT_MPC_MCTS,0.0,0.634,36.6,20.0,,,0.042819,0.098384,5
C,R2,0.5,INDEPENDENT_MPC_MCTS,0.0,0.46,54.0,4.0,,,0.084371,0.153189,5
C,RC1,0.5,INDEPENDENT_MPC_MCTS,0.0,0.736,26.4,21.0,,,0.05118,0.123662,5
C,RC2,0.5,INDEPENDENT_MPC_MCTS,0.0,0.342,65.8,5.0,,,0.068742,0.136493,5
C,C1,0.5,MPC_MCTS_H1,0.0,0.45,55.0,13.0,,,0.026194,0.071754,5
C,C2,0.5,MPC_MCTS_H1,0.0,0.21,79.0,5.0,,,0.022085,0.04919,5
C,R1,0.5,MPC_MCTS_H1,0.0,0.44,56.0,20.0,,,0.037417,0.102463,5
C,R2,0.5,MPC_MCTS_H1,0.0,0.32,68.0,4.0,,,0.015185,0.022333,5
C,RC1,0.5,MPC_MCTS_H1,0.0,0.568,43.2,21.0,,,0.037402,0.103297,5
C,RC2,0.5,MPC_MCTS_H1,0.0,0.29,71.0,5.0,,,0.017678,0.036439,5
