study,first,second,metric,condition,matched_pairs,eligible_pairs,n,mean,median,standard_deviation,ci95_low,ci95_high,ambiguous_records,unmatched_records
C,COORDINATED_MPC_MCTS,GREEDY,customers_unserved,all matched service outcomes,0,0,0,,,,,,0,30
C,COORDINATED_MPC_MCTS,GREEDY,vehicles_activated,equal service count,0,0,0,,,,,,0,30
C,COORDINATED_MPC_MCTS,GREEDY,total_distance,equal service count and vehicle count,0,0,0,,,,,,0,30
C,COORDINATED_MPC_MCTS,GREEDY,total_planning_time,matched execution profile; concurrent timings are not isolated latency,0,0,0,,,,,,0,30
C,COORDINATED_MPC_MCTS,MPC_MCTS_H1,customers_unserved,all matched service outcomes,30,30,6,-15.667,-16.4,4.181,-20.055,-11.279,0,0
C,COORDINATED_MPC_MCTS,MPC_MCTS_H1,vehicles_activated,equal service count,30,0,0,,,,,,0,0
C,COORDINATED_MPC_MCTS,MPC_MCTS_H1,total_distance,equal service count and vehicle count,30,0,0,,,,,,0,0
C,COORDINATED_MPC_MCTS,MPC_MCTS_H1,total_planning_time,matched execution profile; concurrent timings are not isolated latency,30,24,6,4.064,4.156,0.974,3.042,5.086,0,0
C,COORDINATED_MPC_MCTS,INDEPENDENT_MPC_MCTS,customers_unserved,all matched service outcomes,30,30,6,-1.167,-1.0,2.236,-3.513,1.18,0,0
C,COORDINATED_MPC_MCTS,INDEPENDENT_MPC_MCTS,vehicles_activated,equal service count,30,3,3,0.0,0.0,0.0,0.0,0.0,0,0
C,COORDINATED_MPC_MCTS,INDEPENDENT_MPC_MCTS,total_distance,equal service count and vehicle count,30,3,3,-32.753,-40.426,16.88,-74.685,9.179,0,0
C,COORDINATED_MPC_MCTS,INDEPENDENT_MPC_MCTS,total_planning_time,matched execution profile; concurrent timings are not isolated latency,30,24,6,1.152,1.175,0.732,0.384,1.921,0,0
