study,ablation_factor,algorithm,DoD_target,prediction_horizon,top_l,candidate_limit,charging_mode,budget_mode,iterations,time_limit,parallel_agents,execution_profile,source_sha256,instance_family,number_of_runs,full_service_rate,mean_service_ratio,median_unserved,mean_activated_vehicles,mean_distance_on_complete_runs,mean_planning_time,p95_planning_time,mean_run_max_planning_time,mean_total_planning_time,mean_nodes_expanded,mean_iterations,mean_charging_time,mean_charging_visits,median_distance_on_complete_runs,maximum_planning_time
B,baseline,COORDINATED_MPC_MCTS,0.0,5,3,12,partial,iterations,16,0.5,False,concurrent,06d868f693a728ac1102e913d6ba675227fc8ef9ccd5c18031507f8350390552,C1,4,0.0,0.7150000000000001,28.0,13.5,,0.08385804605297154,0.14772204747860074,1.5647405750059988,8.620940700348001,2990.5,3756.0,2367.3675865555156,24.75,,1.761872599949129
B,baseline,COORDINATED_MPC_MCTS,0.0,5,3,12,partial,iterations,16,0.5,False,concurrent,06d868f693a728ac1102e913d6ba675227fc8ef9ccd5c18031507f8350390552,C2,4,0.0,0.2575,75.5,5.0,,0.1006269312747753,0.1708616262229043,0.5575533249939326,3.1962009998387657,700.5,796.0,428.42277057785736,4.0,,0.6765096000162885
B,baseline,COORDINATED_MPC_MCTS,0.0,5,3,12,partial,iterations,16,0.5,False,concurrent,06d868f693a728ac1102e913d6ba675227fc8ef9ccd5c18031507f8350390552,R1,4,0.0,0.725,28.0,19.5,,0.07587773371495317,0.1269806949887424,1.7946775250020437,8.16516957510612,4483.25,6064.0,272.0051896218013,29.75,,2.511071200016886
B,baseline,COORDINATED_MPC_MCTS,0.0,5,3,12,partial,iterations,16,0.5,False,concurrent,06d868f693a728ac1102e913d6ba675227fc8ef9ccd5c18031507f8350390552,R2,4,0.0,0.4625,53.0,3.5,,0.1081579603911616,0.1967684724688297,0.47242062498116866,5.834299050009577,930.75,1016.0,36.314746822489965,5.25,,0.4883597999578342
B,baseline,COORDINATED_MPC_MCTS,0.0,5,3,12,partial,iterations,16,0.5,False,concurrent,06d868f693a728ac1102e913d6ba675227fc8ef9ccd5c18031507f8350390552,RC1,4,0.0,0.7825,20.0,19.5,,0.08339373243410134,0.12471567125903672,2.031934300001012,9.487103249848587,4562.75,6124.0,288.8664108361211,29.0,,2.2057954999618232
B,baseline,COORDINATED_MPC_MCTS,0.0,5,3,12,partial,iterations,16,0.5,False,concurrent,06d868f693a728ac1102e913d6ba675227fc8ef9ccd5c18031507f8350390552,RC2,4,0.0,0.515,48.5,4.5,,0.10392890564955828,0.1852709187398432,0.6455040250148159,7.360233449871885,1180.25,1328.0,118.59465825858732,12.5,,0.6914675000589341
B,baseline,COORDINATED_MPC_MCTS,0.25,5,3,12,partial,iterations,16,0.5,False,concurrent,06d868f693a728ac1102e913d6ba675227fc8ef9ccd5c18031507f8350390552,C1,4,0.0,0.685,31.5,13.5,,0.08084520923396704,0.13685307125706447,1.5491347249771934,8.425254925125046,3059.25,3876.0,2492.4245967196057,29.0,,1.704456300009042
B,baseline,COORDINATED_MPC_MCTS,0.25,5,3,12,partial,iterations,16,0.5,False,concurrent,06d868f693a728ac1102e913d6ba675227fc8ef9ccd5c18031507f8350390552,C2,4,0.0,0.2775,71.5,5.0,,0.09640561039493713,0.15750519375724248,0.5485106249689125,3.54062957529095,784.25,884.0,516.1839284783432,7.0,,0.6179771999595687
B,baseline,COORDINATED_MPC_MCTS,0.25,5,3,12,partial,iterations,16,0.5,False,concurrent,06d868f693a728ac1102e913d6ba675227fc8ef9ccd5c18031507f8350390552,R1,4,0.0,0.7075,27.5,19.5,,0.08086960900787196,0.14872198003286025,1.8026301500212867,8.247871800296707,4056.5,5540.0,269.8036567972356,25.0,,2.462753999978304
B,baseline,COORDINATED_MPC_MCTS,0.25,5,3,12,partial,iterations,16,0.5,False,concurrent,06d868f693a728ac1102e913d6ba675227fc8ef9ccd5c18031507f8350390552,R2,4,0.0,0.49749999999999994,51.5,3.5,,0.10888591760733095,0.19708119002461896,0.4599595500039868,6.283439549966715,971.0,1064.0,44.334655584315826,5.75,,0.5218422000762075
B,baseline,COORDINATED_MPC_MCTS,0.25,5,3,12,partial,iterations,16,0.5,False,concurrent,06d868f693a728ac1102e913d6ba675227fc8ef9ccd5c18031507f8350390552,RC1,4,0.0,0.7575000000000001,24.5,19.5,,0.0857526293698671,0.1441260012506972,1.903734874969814,9.629214524844429,4730.5,6192.0,281.4801114738814,27.5,,2.080134099931456
B,baseline,COORDINATED_MPC_MCTS,0.25,5,3,12,partial,iterations,16,0.5,False,concurrent,06d868f693a728ac1102e913d6ba675227fc8ef9ccd5c18031507f8350390552,RC2,4,0.0,0.4775,53.5,4.5,,0.1017118139662796,0.18034681749704753,0.6105076749809086,6.576255474850768,1106.75,1232.0,80.1941954017177,11.0,,0.6252413999754936
B,baseline,COORDINATED_MPC_MCTS,0.5,5,3,12,partial,iterations,16,0.5,False,concurrent,06d868f693a728ac1102e913d6ba675227fc8ef9ccd5c18031507f8350390552,C1,3,0.0,0.73,25.0,13.666666666666666,,0.0819950851236298,0.13375104164782287,1.3492423333227634,8.90195146664822,3261.3333333333335,4122.666666666667,3104.4161049006525,28.0,,1.530266399960965
B,baseline,COORDINATED_MPC_MCTS,0.5,5,3,12,partial,iterations,16,0.5,False,concurrent,06d868f693a728ac1102e913d6ba675227fc8ef9ccd5c18031507f8350390552,C2,3,0.0,0.31666666666666665,65.0,5.0,,0.10123371197747649,0.17587590338080186,0.5279105999895061,4.069310066717056,827.3333333333334,938.6666666666666,472.50152166928865,5.333333333333333,,0.5975251999916509
B,baseline,COORDINATED_MPC_MCTS,0.5,5,3,12,partial,iterations,16,0.5,False,concurrent,06d868f693a728ac1102e913d6ba675227fc8ef9ccd5c18031507f8350390552,R1,3,0.0,0.7666666666666667,13.0,19.333333333333332,,0.07807301402922025,0.15463302833765424,1.7832797000495095,8.928986833741268,4004.3333333333335,5429.333333333333,338.0783038502229,30.666666666666668,,2.343755600042641
B,baseline,COORDINATED_MPC_MCTS,0.5,5,3,12,partial,iterations,16,0.5,False,concurrent,06d868f693a728ac1102e913d6ba675227fc8ef9ccd5c18031507f8350390552,R2,3,0.0,0.48666666666666664,50.0,3.3333333333333335,,0.10409976490851963,0.18903085666437014,0.3952153000670175,6.154131266870536,990.3333333333334,1082.6666666666667,44.918957883279745,7.333333333333333,,0.4850168999982998
B,baseline,COORDINATED_MPC_MCTS,0.5,5,3,12,partial,iterations,16,0.5,False,concurrent,06d868f693a728ac1102e913d6ba675227fc8ef9ccd5c18031507f8350390552,RC1,3,0.0,0.7533333333333333,25.0,19.0,,0.081705538988669,0.1297170416781833,1.8635827000640954,9.296154867081592,4531.333333333333,5984.0,331.4052240131054,29.666666666666668,,1.9471242000581697
B,baseline,COORDINATED_MPC_MCTS,0.5,5,3,12,partial,iterations,16,0.5,False,concurrent,06d868f693a728ac1102e913d6ba675227fc8ef9ccd5c18031507f8350390552,RC2,3,0.0,0.5966666666666667,34.0,4.333333333333333,,0.10502145980536336,0.1859056833782233,0.5148630333521093,8.065081599828167,1306.0,1440.0,111.67411111858361,12.666666666666666,,0.5518232000758871
B,baseline,COORDINATED_MPC_MCTS,0.5,5,3,12,partial,iterations,16,0.5,False,isolated,06d868f693a728ac1102e913d6ba675227fc8ef9ccd5c18031507f8350390552,C1,1,0.0,0.67,33.0,13.0,,0.034140480770684704,0.06240659995819442,0.5761070000007749,3.5506100001512095,2566.0,3632.0,2763.1598724554133,29.0,,0.5761070000007749
B,baseline,COORDINATED_MPC_MCTS,0.5,5,3,12,partial,iterations,16,0.5,False,isolated,06d868f693a728ac1102e913d6ba675227fc8ef9ccd5c18031507f8350390552,C2,1,0.0,0.4,60.0,5.0,,0.06258448599139228,0.10935072498978116,0.2265641000121832,3.1292242995696142,990.0,1088.0,1128.059639062533,8.0,,0.2265641000121832
B,baseline,COORDINATED_MPC_MCTS,0.5,5,3,12,partial,iterations,16,0.5,False,isolated,06d868f693a728ac1102e913d6ba675227fc8ef9ccd5c18031507f8350390552,R1,1,0.0,0.64,36.0,20.0,,0.04099010094179816,0.07927816000301384,0.8383653999771923,4.303960598888807,3927.0,5248.0,231.40280254806797,36.0,,0.8383653999771923
B,baseline,COORDINATED_MPC_MCTS,0.5,5,3,12,partial,iterations,16,0.5,False,isolated,06d868f693a728ac1102e913d6ba675227fc8ef9ccd5c18031507f8350390552,R2,1,0.0,0.48,52.0,4.0,,0.06655002623933871,0.13280839996878058,0.34350519999861717,4.0595516005996615,1062.0,1168.0,81.00155545428835,10.0,,0.34350519999861717
B,baseline,COORDINATED_MPC_MCTS,0.5,5,3,12,partial,iterations,16,0.5,False,isolated,06d868f693a728ac1102e913d6ba675227fc8ef9ccd5c18031507f8350390552,RC1,1,0.0,0.78,22.0,21.0,,0.04772898583133103,0.10034653998445713,1.1086510000750422,5.393375398940407,4772.0,6560.0,313.34957673713865,31.0,,1.1086510000750422
B,baseline,COORDINATED_MPC_MCTS,0.5,5,3,12,partial,iterations,16,0.5,False,isolated,06d868f693a728ac1102e913d6ba675227fc8ef9ccd5c18031507f8350390552,RC2,1,0.0,0.42,58.0,5.0,,0.05632862075065034,0.1211853799410164,0.30365149991121143,2.985416899784468,998.0,1184.0,61.331700261978625,8.0,,0.30365149991121143
B,baseline,COORDINATED_MPC_MCTS,0.75,5,3,12,partial,iterations,16,0.5,False,concurrent,06d868f693a728ac1102e913d6ba675227fc8ef9ccd5c18031507f8350390552,C1,4,0.0,0.725,28.0,13.5,,0.07960414749805735,0.13562904247519325,1.16350272501586,8.383222249423852,3062.5,3864.0,2623.4163635800796,25.0,,1.3347387000685558
B,baseline,COORDINATED_MPC_MCTS,0.75,5,3,12,partial,iterations,16,0.5,False,concurrent,06d868f693a728ac1102e913d6ba675227fc8ef9ccd5c18031507f8350390552,C2,4,0.0,0.525,46.0,5.0,,0.1051460627429252,0.1710895799827995,0.43678372498834506,7.418689874641132,1337.0,1440.0,1559.1272307573931,15.25,,0.5410202000057325
B,baseline,COORDINATED_MPC_MCTS,0.75,5,3,12,partial,iterations,16,0.5,False,concurrent,06d868f693a728ac1102e913d6ba675227fc8ef9ccd5c18031507f8350390552,R1,4,0.0,0.78,19.5,19.5,,0.08662713745451843,0.15025546873803244,1.4864741999772377,10.33279097508057,4861.0,6332.0,352.8791691159958,30.75,,2.1128895999863744
B,baseline,COORDINATED_MPC_MCTS,0.75,5,3,12,partial,iterations,16,0.5,False,concurrent,06d868f693a728ac1102e913d6ba675227fc8ef9ccd5c18031507f8350390552,R2,4,0.0,0.4875,52.5,3.5,,0.10318582258588835,0.1961378387713921,0.31853249997948296,6.020086250238819,975.75,1088.0,56.83545508173897,7.0,,0.3484891999978572
B,baseline,COORDINATED_MPC_MCTS,0.75,5,3,12,partial,iterations,16,0.5,False,concurrent,06d868f693a728ac1102e913d6ba675227fc8ef9ccd5c18031507f8350390552,RC1,4,0.0,0.8125,19.0,19.5,,0.07482660124031605,0.1267420762000256,1.4503543250029907,8.961844524921617,4354.5,5788.0,367.03722832551335,29.25,,1.7929245000705123
B,baseline,COORDINATED_MPC_MCTS,0.75,5,3,12,partial,iterations,16,0.5,False,concurrent,06d868f693a728ac1102e913d6ba675227fc8ef9ccd5c18031507f8350390552,RC2,4,0.0,0.5299999999999999,47.0,4.5,,0.10278925130879157,0.18155420374532688,0.4517280499858316,7.186488274746807,1194.75,1356.0,110.58261048253055,11.75,,0.49200019997078925
B,baseline,GREEDY,0.0,5,3,12,partial,iterations,16,0.5,False,concurrent,06d868f693a728ac1102e913d6ba675227fc8ef9ccd5c18031507f8350390552,C1,4,0.0,0.62,38.0,13.5,,0.0030646964783526904,0.008717213750060179,0.0238820000377018,0.2750418253708631,0.0,0.0,2902.137100070193,16.0,,0.02595210005529225
B,baseline,GREEDY,0.0,5,3,12,partial,iterations,16,0.5,False,concurrent,06d868f693a728ac1102e913d6ba675227fc8ef9ccd5c18031507f8350390552,C2,4,0.0,0.685,31.5,5.0,,0.0021027841799497664,0.005886962468503041,0.014471250033238903,0.1837917748489417,0.0,0.0,2434.0085012274076,13.0,,0.02094290009699762
B,baseline,GREEDY,0.0,5,3,12,partial,iterations,16,0.5,False,concurrent,06d868f693a728ac1102e913d6ba675227fc8ef9ccd5c18031507f8350390552,R1,4,0.0,0.31999999999999995,68.0,12.0,,0.006536854793970861,0.017366327493800758,0.032449175021611154,0.21250937474542297,0.0,0.0,151.0786213623002,10.0,,0.03723819996230304
B,baseline,GREEDY,0.0,5,3,12,partial,iterations,16,0.5,False,concurrent,06d868f693a728ac1102e913d6ba675227fc8ef9ccd5c18031507f8350390552,R2,4,0.0,0.425,57.5,3.5,,0.0026858390236862246,0.006559357489459215,0.02582289997371845,0.13921639963518828,0.0,0.0,134.97547837078264,5.0,,0.05329139996320009
B,baseline,GREEDY,0.0,5,3,12,partial,iterations,16,0.5,False,concurrent,06d868f693a728ac1102e913d6ba675227fc8ef9ccd5c18031507f8350390552,RC1,4,0.0,0.635,36.5,19.5,,0.003715992113841526,0.011966853743069814,0.03558902503573336,0.3760868253884837,0.0,0.0,306.361468375528,21.5,,0.03936460008844733
B,baseline,GREEDY,0.0,5,3,12,partial,iterations,16,0.5,False,concurrent,06d868f693a728ac1102e913d6ba675227fc8ef9ccd5c18031507f8350390552,RC2,4,0.0,0.575,42.5,4.5,,0.0023445600467159157,0.006473037505929822,0.013534849975258112,0.17243102530483156,0.0,0.0,227.49988505927539,11.0,,0.014741100021637976
B,baseline,GREEDY,0.25,5,3,12,partial,iterations,16,0.5,False,concurrent,06d868f693a728ac1102e913d6ba675227fc8ef9ccd5c18031507f8350390552,C1,4,0.0,0.7325,24.5,13.5,,0.003011243539883716,0.006047841244435399,0.024074850021861494,0.31510207505198196,0.0,0.0,2871.2926086385687,17.5,,0.030512499972246587
B,baseline,GREEDY,0.25,5,3,12,partial,iterations,16,0.5,False,concurrent,06d868f693a728ac1102e913d6ba675227fc8ef9ccd5c18031507f8350390552,C2,4,0.0,0.765,21.5,5.0,,0.002316708931733546,0.005828648789611178,0.014254924957640469,0.23123114998452365,0.0,0.0,2991.398012179349,15.25,,0.02012719993945211
B,baseline,GREEDY,0.25,5,3,12,partial,iterations,16,0.5,False,concurrent,06d868f693a728ac1102e913d6ba675227fc8ef9ccd5c18031507f8350390552,R1,4,0.0,0.6725,33.0,19.5,,0.0035264283297720433,0.008793597505427894,0.03484192499308847,0.39985677527147345,0.0,0.0,400.8201699845769,24.75,,0.04408089991193265
B,baseline,GREEDY,0.25,5,3,12,partial,iterations,16,0.5,False,concurrent,06d868f693a728ac1102e913d6ba675227fc8ef9ccd5c18031507f8350390552,R2,4,0.0,0.40499999999999997,58.5,3.5,,0.002531318211017423,0.0059401512553449685,0.018421050015604123,0.128239874902647,0.0,0.0,98.24562952659736,4.75,,0.02718149998690933
B,baseline,GREEDY,0.25,5,3,12,partial,iterations,16,0.5,False,concurrent,06d868f693a728ac1102e913d6ba675227fc8ef9ccd5c18031507f8350390552,RC1,4,0.0,0.6575,36.0,19.5,,0.004231566140506202,0.009883206256199623,0.03756352502387017,0.4603559252573177,0.0,0.0,364.9035112185867,19.5,,0.04992170003242791
B,baseline,GREEDY,0.25,5,3,12,partial,iterations,16,0.5,False,concurrent,06d868f693a728ac1102e913d6ba675227fc8ef9ccd5c18031507f8350390552,RC2,4,0.0,0.495,50.5,4.5,,0.002576607430331742,0.006466591256321406,0.02399277503718622,0.1660774752672296,0.0,0.0,196.24790780128035,8.5,,0.05026240006554872
B,baseline,GREEDY,0.5,5,3,12,partial,iterations,16,0.5,False,concurrent,06d868f693a728ac1102e913d6ba675227fc8ef9ccd5c18031507f8350390552,C1,4,0.0,0.72,28.0,13.5,,0.0024923510842468615,0.005803979992924723,0.01810177497100085,0.25552067506941967,0.0,0.0,2687.9187604460926,16.25,,0.023767100065015256
B,baseline,GREEDY,0.5,5,3,12,partial,iterations,16,0.5,False,concurrent,06d868f693a728ac1102e913d6ba675227fc8ef9ccd5c18031507f8350390552,C2,4,0.0,0.685,33.5,5.0,,0.0021144870208202222,0.005456924997270107,0.009364549972815439,0.18150965028326027,0.0,0.0,2424.2554756399904,12.25,,0.011491699959151447
B,baseline,GREEDY,0.5,5,3,12,partial,iterations,16,0.5,False,concurrent,06d868f693a728ac1102e913d6ba675227fc8ef9ccd5c18031507f8350390552,R1,4,0.0,0.685,29.5,19.5,,0.0033659189892799304,0.007928188725782088,0.02765022503444925,0.3736305749916937,0.0,0.0,376.66575030434433,23.0,,0.039171500015072525
B,baseline,GREEDY,0.5,5,3,12,partial,iterations,16,0.5,False,concurrent,06d868f693a728ac1102e913d6ba675227fc8ef9ccd5c18031507f8350390552,R2,4,0.0,0.43,54.5,3.5,,0.0022733509175761513,0.00551186624361435,0.013082899997243658,0.12271109956782311,0.0,0.0,116.47224026655621,6.0,,0.018768099951557815
B,baseline,GREEDY,0.5,5,3,12,partial,iterations,16,0.5,False,concurrent,06d868f693a728ac1102e913d6ba675227fc8ef9ccd5c18031507f8350390552,RC1,4,0.0,0.6675,34.5,19.5,,0.0035554001179226667,0.00812964625074528,0.02857527500600554,0.38811604943475686,0.0,0.0,346.88419789100215,20.25,,0.037983200047165155
B,baseline,GREEDY,0.5,5,3,12,partial,iterations,16,0.5,False,concurrent,06d868f693a728ac1102e913d6ba675227fc8ef9ccd5c18031507f8350390552,RC2,4,0.0,0.515,49.0,4.5,,0.002447401221150823,0.00686934502446092,0.01502489994163625,0.16614295038743876,0.0,0.0,209.05682755129493,9.75,,0.01843089994508773
B,baseline,GREEDY,0.75,5,3,12,partial,iterations,16,0.5,False,concurrent,06d868f693a728ac1102e913d6ba675227fc8ef9ccd5c18031507f8350390552,C1,4,0.0,0.705,27.5,13.5,,0.002747815216519796,0.006074315015575846,0.019327875023009256,0.2833629998494871,0.0,0.0,2829.518223771577,17.75,,0.025709400069899857
B,baseline,GREEDY,0.75,5,3,12,partial,iterations,16,0.5,False,concurrent,06d868f693a728ac1102e913d6ba675227fc8ef9ccd5c18031507f8350390552,C2,4,0.0,0.715,28.5,5.0,,0.002174323959253929,0.005533942522015421,0.011972124950261787,0.1968319995503407,0.0,0.0,2623.5933477821613,12.5,,0.020498999976553023
B,baseline,GREEDY,0.75,5,3,12,partial,iterations,16,0.5,False,concurrent,06d868f693a728ac1102e913d6ba675227fc8ef9ccd5c18031507f8350390552,R1,4,0.0,0.7,30.5,19.5,,0.003696587921962614,0.009276455009239721,0.03128869997453876,0.42852022481383756,0.0,0.0,426.4584225575279,24.25,,0.03485900000669062
B,baseline,GREEDY,0.75,5,3,12,partial,iterations,16,0.5,False,concurrent,06d868f693a728ac1102e913d6ba675227fc8ef9ccd5c18031507f8350390552,R2,4,0.0,0.43000000000000005,58.0,3.5,,0.002158734497594914,0.004358956245414442,0.01087102500605397,0.11519252473954111,0.0,0.0,104.75097585552886,5.25,,0.01800150005146861
B,baseline,GREEDY,0.75,5,3,12,partial,iterations,16,0.5,False,concurrent,06d868f693a728ac1102e913d6ba675227fc8ef9ccd5c18031507f8350390552,RC1,4,0.0,0.71,28.5,19.5,,0.0035642539563304214,0.0096538287354633,0.033076625026296824,0.4230906251759734,0.0,0.0,428.0170986447599,24.0,,0.03743420005775988
B,baseline,GREEDY,0.75,5,3,12,partial,iterations,16,0.5,False,concurrent,06d868f693a728ac1102e913d6ba675227fc8ef9ccd5c18031507f8350390552,RC2,4,0.0,0.49,49.5,4.5,,0.002440541638241802,0.007019118739117398,0.012309675017604604,0.15845087537309155,0.0,0.0,183.09536273239016,9.5,,0.015998900053091347
B,baseline,INDEPENDENT_MPC_MCTS,0.0,5,3,12,partial,iterations,16,0.5,False,concurrent,06d868f693a728ac1102e913d6ba675227fc8ef9ccd5c18031507f8350390552,C1,4,0.0,0.7250000000000001,26.5,13.5,,0.06439427337277223,0.12638465127529322,1.4440527249826118,6.721209649607772,2087.25,2600.0,2353.0833868473155,24.5,,1.6850358999799937
B,baseline,INDEPENDENT_MPC_MCTS,0.0,5,3,12,partial,iterations,16,0.5,False,concurrent,06d868f693a728ac1102e913d6ba675227fc8ef9ccd5c18031507f8350390552,C2,4,0.0,0.21000000000000002,79.0,5.0,,0.07544828601546105,0.13855596624343897,0.5506019749736879,1.9089519249391742,466.0,472.0,322.1486005310478,3.5,,0.6314880000427365
B,baseline,INDEPENDENT_MPC_MCTS,0.0,5,3,12,partial,iterations,16,0.5,False,concurrent,06d868f693a728ac1102e913d6ba675227fc8ef9ccd5c18031507f8350390552,R1,4,0.0,0.7,30.5,19.5,,0.0582899743260423,0.11168375749402903,1.6799344749888405,6.588658399909036,2915.0,3632.0,287.90293852741513,32.75,,2.3353310000384226
B,baseline,INDEPENDENT_MPC_MCTS,0.0,5,3,12,partial,iterations,16,0.5,False,concurrent,06d868f693a728ac1102e913d6ba675227fc8ef9ccd5c18031507f8350390552,R2,4,0.0,0.4875,52.0,3.5,,0.09338607492851889,0.17678990876302123,0.4504399500146974,5.256604749942198,919.75,948.0,43.46705988803889,6.0,,0.47972499998286366
B,baseline,INDEPENDENT_MPC_MCTS,0.0,5,3,12,partial,iterations,16,0.5,False,concurrent,06d868f693a728ac1102e913d6ba675227fc8ef9ccd5c18031507f8350390552,RC1,4,0.0,0.755,24.0,19.5,,0.06583626783012245,0.10975800248852458,1.9555836250074208,7.947791075246641,3354.0,4204.0,311.04492337724,31.25,,2.156714400043711
B,baseline,INDEPENDENT_MPC_MCTS,0.0,5,3,12,partial,iterations,16,0.5,False,concurrent,06d868f693a728ac1102e913d6ba675227fc8ef9ccd5c18031507f8350390552,RC2,4,0.0,0.515,49.5,4.5,,0.08635993844864746,0.15531657252140577,0.5708881249884143,5.784107299899915,1065.25,1092.0,109.37980774234862,11.0,,0.6024043000070378
B,baseline,INDEPENDENT_MPC_MCTS,0.25,5,3,12,partial,iterations,16,0.5,False,concurrent,06d868f693a728ac1102e913d6ba675227fc8ef9ccd5c18031507f8350390552,C1,4,0.0,0.6925,30.5,13.5,,0.06258270774635186,0.12266497746750245,1.4927451499679592,6.6395678499829955,2075.75,2344.0,2276.280343116082,23.0,,1.6612359998980537
B,baseline,INDEPENDENT_MPC_MCTS,0.25,5,3,12,partial,iterations,16,0.5,False,concurrent,06d868f693a728ac1102e913d6ba675227fc8ef9ccd5c18031507f8350390552,C2,4,0.0,0.2425,74.0,5.0,,0.08131275514887017,0.16427621248003543,0.5102182750124484,2.3862476501672063,528.75,536.0,344.2479413219031,4.0,,0.5810384000651538
B,baseline,INDEPENDENT_MPC_MCTS,0.25,5,3,12,partial,iterations,16,0.5,False,concurrent,06d868f693a728ac1102e913d6ba675227fc8ef9ccd5c18031507f8350390552,R1,4,0.0,0.72,27.5,19.5,,0.06338295885400001,0.11596751628821944,1.809100774989929,7.349846150202211,2980.0,3728.0,283.907227943693,30.5,,2.556910300045274
B,baseline,INDEPENDENT_MPC_MCTS,0.25,5,3,12,partial,iterations,16,0.5,False,concurrent,06d868f693a728ac1102e913d6ba675227fc8ef9ccd5c18031507f8350390552,R2,4,0.0,0.485,54.5,3.5,,0.09440161301405611,0.1762475250041461,0.4091329000366386,5.437051349726971,960.0,1004.0,39.678785284192,7.0,,0.42059510003309697
B,baseline,INDEPENDENT_MPC_MCTS,0.25,5,3,12,partial,iterations,16,0.5,False,concurrent,06d868f693a728ac1102e913d6ba675227fc8ef9ccd5c18031507f8350390552,RC1,4,0.0,0.7424999999999999,25.5,19.5,,0.06537403616624607,0.11372137124708381,1.8865702500042971,7.848859724908834,3309.5,4024.0,280.54439402923856,30.0,,2.1029702000087127
B,baseline,INDEPENDENT_MPC_MCTS,0.25,5,3,12,partial,iterations,16,0.5,False,concurrent,06d868f693a728ac1102e913d6ba675227fc8ef9ccd5c18031507f8350390552,RC2,4,0.0,0.495,52.5,4.5,,0.0922928155629758,0.16689469624398046,0.5664958249835763,6.229603599582333,1069.0,1100.0,90.56833397666888,11.5,,0.5897255999734625
B,baseline,INDEPENDENT_MPC_MCTS,0.5,5,3,12,partial,iterations,16,0.5,False,concurrent,06d868f693a728ac1102e913d6ba675227fc8ef9ccd5c18031507f8350390552,C1,4,0.0,0.7050000000000001,31.0,13.5,,0.057834954310345715,0.10882162997440892,1.1402708000096027,6.101155850337818,1944.75,2188.0,2730.596500774603,27.5,,1.3568310000700876
B,baseline,INDEPENDENT_MPC_MCTS,0.5,5,3,12,partial,iterations,16,0.5,False,concurrent,06d868f693a728ac1102e913d6ba675227fc8ef9ccd5c18031507f8350390552,C2,4,0.0,0.30499999999999994,67.0,5.0,,0.08087942496364606,0.1445276674654451,0.4413424250087701,2.9752240499074105,640.75,648.0,467.6472958344588,5.0,,0.5192877999506891
B,baseline,INDEPENDENT_MPC_MCTS,0.5,5,3,12,partial,iterations,16,0.5,False,concurrent,06d868f693a728ac1102e913d6ba675227fc8ef9ccd5c18031507f8350390552,R1,4,0.0,0.7250000000000001,26.5,19.5,,0.05594823529646747,0.11947017124912228,1.5534531000012066,6.706567325076321,3261.75,4236.0,303.0627115133875,32.25,,2.2249050000682473
B,baseline,INDEPENDENT_MPC_MCTS,0.5,5,3,12,partial,iterations,16,0.5,False,concurrent,06d868f693a728ac1102e913d6ba675227fc8ef9ccd5c18031507f8350390552,R2,4,0.0,0.4775,51.5,3.5,,0.09293107915355911,0.17412426744122056,0.4042640999541618,5.24418927487568,928.75,948.0,63.49392568946987,8.0,,0.48198379995301366
B,baseline,INDEPENDENT_MPC_MCTS,0.5,5,3,12,partial,iterations,16,0.5,False,concurrent,06d868f693a728ac1102e913d6ba675227fc8ef9ccd5c18031507f8350390552,RC1,4,0.0,0.7625,23.0,19.5,,0.05745122254160766,0.11914062750001897,1.64263565003057,6.997767750232015,2893.75,3496.0,275.4054767068313,32.25,,1.8472865000367165
B,baseline,INDEPENDENT_MPC_MCTS,0.5,5,3,12,partial,iterations,16,0.5,False,concurrent,06d868f693a728ac1102e913d6ba675227fc8ef9ccd5c18031507f8350390552,RC2,4,0.0,0.52,45.5,4.5,,0.0929158804040497,0.16537744124798331,0.4994678499933798,6.886918275034986,1116.25,1168.0,97.99571330399655,14.25,,0.5265851999865845
B,baseline,INDEPENDENT_MPC_MCTS,0.75,5,3,12,partial,iterations,16,0.5,False,concurrent,06d868f693a728ac1102e913d6ba675227fc8ef9ccd5c18031507f8350390552,C1,4,0.0,0.7024999999999999,31.5,13.5,,0.05690291692406344,0.11198475246928859,1.1378578500298318,6.530805600108579,2476.0,3092.0,2714.5473521301165,29.25,,1.351241100113839
B,baseline,INDEPENDENT_MPC_MCTS,0.75,5,3,12,partial,iterations,16,0.5,False,concurrent,06d868f693a728ac1102e913d6ba675227fc8ef9ccd5c18031507f8350390552,C2,4,0.0,0.4975,46.0,5.0,,0.09091530145899893,0.15271462996170157,0.4081802750006318,5.854750574711943,1093.75,1100.0,1359.8408259818166,13.5,,0.481208199984394
B,baseline,INDEPENDENT_MPC_MCTS,0.75,5,3,12,partial,iterations,16,0.5,False,concurrent,06d868f693a728ac1102e913d6ba675227fc8ef9ccd5c18031507f8350390552,R1,4,0.0,0.7775,21.5,19.5,,0.05910186293601208,0.12438814124616324,1.552086999930907,7.257482425018679,2686.75,3240.0,354.99302318959167,36.75,,2.168822899926454
B,baseline,INDEPENDENT_MPC_MCTS,0.75,5,3,12,partial,iterations,16,0.5,False,concurrent,06d868f693a728ac1102e913d6ba675227fc8ef9ccd5c18031507f8350390552,R2,4,0.0,0.5825,45.0,3.5,,0.09295520400977647,0.17116926997841797,0.29978602498886175,6.601195899973391,1168.25,1220.0,70.04570375163588,10.0,,0.3473169000353664
B,baseline,INDEPENDENT_MPC_MCTS,0.75,5,3,12,partial,iterations,16,0.5,False,concurrent,06d868f693a728ac1102e913d6ba675227fc8ef9ccd5c18031507f8350390552,RC1,4,0.0,0.7999999999999999,20.0,19.5,,0.05251161016695463,0.10534661121346281,1.4028264999797102,6.634927349747159,3082.0,3724.0,338.095473779481,33.0,,1.7642142999684438
B,baseline,INDEPENDENT_MPC_MCTS,0.75,5,3,12,partial,iterations,16,0.5,False,concurrent,06d868f693a728ac1102e913d6ba675227fc8ef9ccd5c18031507f8350390552,RC2,4,0.0,0.6,38.5,4.5,,0.09645824077212424,0.16979123876662924,0.40176922499085777,7.570028650050517,1259.0,1312.0,126.86974380256822,14.0,,0.45477059995755553
B,baseline,MPC_MCTS_H1,0.0,1,3,12,partial,iterations,16,0.5,False,concurrent,06d868f693a728ac1102e913d6ba675227fc8ef9ccd5c18031507f8350390552,C1,4,0.0,0.4525,55.0,13.5,,0.040314209529517586,0.12482073001447132,0.17227224999805912,2.2280675751972012,2788.0,3480.0,189.90064742921055,4.0,,0.18584179994650185
B,baseline,MPC_MCTS_H1,0.0,1,3,12,partial,iterations,16,0.5,False,concurrent,06d868f693a728ac1102e913d6ba675227fc8ef9ccd5c18031507f8350390552,C2,4,0.0,0.21500000000000002,78.5,5.0,,0.025647552969579594,0.06404747500200755,0.07007420001900755,0.5970147750340402,596.0,696.0,0.0,0.0,,0.0888925000326708
B,baseline,MPC_MCTS_H1,0.0,1,3,12,partial,iterations,16,0.5,False,concurrent,06d868f693a728ac1102e913d6ba675227fc8ef9ccd5c18031507f8350390552,R1,4,0.0,0.42000000000000004,58.0,11.5,,0.045385845088664716,0.12281267623184247,0.19666697495267726,2.076510799874086,3312.0,5164.0,28.889435692017887,7.0,,0.22192139993421733
B,baseline,MPC_MCTS_H1,0.0,1,3,12,partial,iterations,16,0.5,False,concurrent,06d868f693a728ac1102e913d6ba675227fc8ef9ccd5c18031507f8350390552,R2,4,0.0,0.475,52.5,3.5,,0.016643784925262854,0.032929427461931456,0.06999895002809353,0.8206175999366678,897.0,1000.0,10.436184203368303,1.0,,0.09244100004434586
B,baseline,MPC_MCTS_H1,0.0,1,3,12,partial,iterations,16,0.5,False,concurrent,06d868f693a728ac1102e913d6ba675227fc8ef9ccd5c18031507f8350390552,RC1,4,0.0,0.605,39.5,19.5,,0.04768634409731031,0.14247796497802478,0.22211552498629317,3.501154450321337,5309.25,6800.0,79.31992957271126,12.75,,0.24840899999253452
B,baseline,MPC_MCTS_H1,0.0,1,3,12,partial,iterations,16,0.5,False,concurrent,06d868f693a728ac1102e913d6ba675227fc8ef9ccd5c18031507f8350390552,RC2,4,0.0,0.495,50.5,4.5,,0.018774421849341152,0.037509939973824596,0.06716467492515221,1.107786849635886,1067.25,1208.0,52.30492800395761,4.75,,0.08853019995149225
B,baseline,MPC_MCTS_H1,0.25,1,3,12,partial,iterations,16,0.5,False,concurrent,06d868f693a728ac1102e913d6ba675227fc8ef9ccd5c18031507f8350390552,C1,4,0.0,0.48750000000000004,51.0,13.5,,0.03552901096734739,0.1040901337619288,0.16406882501905784,2.2201313252735417,2739.75,3376.0,418.38073693025615,6.0,,0.16875079995952547
B,baseline,MPC_MCTS_H1,0.25,1,3,12,partial,iterations,16,0.5,False,concurrent,06d868f693a728ac1102e913d6ba675227fc8ef9ccd5c18031507f8350390552,C2,4,0.0,0.2525,73.0,5.0,,0.02303458219478327,0.05601741499558554,0.07253152501652949,0.6538676000200212,663.0,760.0,18.278394162254777,0.25,,0.08778409997466952
B,baseline,MPC_MCTS_H1,0.25,1,3,12,partial,iterations,16,0.5,False,concurrent,06d868f693a728ac1102e913d6ba675227fc8ef9ccd5c18031507f8350390552,R1,4,0.0,0.6525,34.5,19.5,,0.039860920688261595,0.11891280998097498,0.20408510000561364,3.4118667244620156,5001.5,6364.0,100.56499670302183,12.5,,0.2224370000185445
B,baseline,MPC_MCTS_H1,0.25,1,3,12,partial,iterations,16,0.5,False,concurrent,06d868f693a728ac1102e913d6ba675227fc8ef9ccd5c18031507f8350390552,R2,4,0.0,0.495,52.0,3.5,,0.016930347829647054,0.02970138872333336,0.06713537502218969,0.8995990249677561,926.5,1024.0,6.4711834232948355,1.25,,0.08095129998400807
B,baseline,MPC_MCTS_H1,0.25,1,3,12,partial,iterations,16,0.5,False,concurrent,06d868f693a728ac1102e913d6ba675227fc8ef9ccd5c18031507f8350390552,RC1,4,0.0,0.6825,32.0,19.5,,0.040199688332969344,0.10236483252228926,0.19602212501922622,3.6762906000076327,5513.25,7104.0,115.13237631996229,13.0,,0.20593390008434653
B,baseline,MPC_MCTS_H1,0.25,1,3,12,partial,iterations,16,0.5,False,concurrent,06d868f693a728ac1102e913d6ba675227fc8ef9ccd5c18031507f8350390552,RC2,4,0.0,0.505,49.5,4.5,,0.017975417840077744,0.03394937125267459,0.06463394995080307,1.0365732998179737,1036.75,1164.0,39.78901432062569,3.25,,0.0709932999452576
B,baseline,MPC_MCTS_H1,0.5,1,3,12,partial,iterations,16,0.5,False,concurrent,06d868f693a728ac1102e913d6ba675227fc8ef9ccd5c18031507f8350390552,C1,4,0.0,0.5025,52.0,13.5,,0.03065380988876577,0.08473521120613436,0.13254532497376204,2.000235350074945,2680.75,3364.0,518.6258455069614,6.0,,0.14605679991655052
B,baseline,MPC_MCTS_H1,0.5,1,3,12,partial,iterations,16,0.5,False,concurrent,06d868f693a728ac1102e913d6ba675227fc8ef9ccd5c18031507f8350390552,C2,4,0.0,0.245,74.5,5.0,,0.02297592482400119,0.05435222002415683,0.07035467500099912,0.6372423250868451,647.0,748.0,0.0,0.0,,0.0853030999423936
B,baseline,MPC_MCTS_H1,0.5,1,3,12,partial,iterations,16,0.5,False,concurrent,06d868f693a728ac1102e913d6ba675227fc8ef9ccd5c18031507f8350390552,R1,4,0.0,0.6475,34.0,19.5,,0.03949353011529397,0.10283729001530444,0.1767529250064399,3.557640650047688,5464.0,6968.0,122.04867218310943,14.5,,0.19678250001743436
B,baseline,MPC_MCTS_H1,0.5,1,3,12,partial,iterations,16,0.5,False,concurrent,06d868f693a728ac1102e913d6ba675227fc8ef9ccd5c18031507f8350390552,R2,4,0.0,0.48750000000000004,50.5,3.5,,0.016304371545515187,0.024748762522358445,0.07933720000437461,0.8525471249886323,925.0,1032.0,10.557893752930749,1.25,,0.12113570002838969
B,baseline,MPC_MCTS_H1,0.5,1,3,12,partial,iterations,16,0.5,False,concurrent,06d868f693a728ac1102e913d6ba675227fc8ef9ccd5c18031507f8350390552,RC1,4,0.0,0.715,28.5,19.5,,0.03417998490734656,0.09760961749998387,0.1748814250167925,3.254505924793193,5168.75,6772.0,149.57049300897089,15.25,,0.1849517000373453
B,baseline,MPC_MCTS_H1,0.5,1,3,12,partial,iterations,16,0.5,False,concurrent,06d868f693a728ac1102e913d6ba675227fc8ef9ccd5c18031507f8350390552,RC2,4,0.0,0.48750000000000004,51.5,4.5,,0.017636951176137467,0.03398754877998725,0.05515292499330826,0.9868424998712726,1018.0,1144.0,49.596013266955,3.5,,0.062160099972970784
B,baseline,MPC_MCTS_H1,0.75,1,3,12,partial,iterations,16,0.5,False,concurrent,06d868f693a728ac1102e913d6ba675227fc8ef9ccd5c18031507f8350390552,C1,4,0.0,0.5325,46.5,13.5,,0.028461725812915367,0.08275613003643227,0.126318349968642,2.0337337250821292,2772.75,3532.0,562.4766603228275,7.25,,0.13851719989906996
B,baseline,MPC_MCTS_H1,0.75,1,3,12,partial,iterations,16,0.5,False,concurrent,06d868f693a728ac1102e913d6ba675227fc8ef9ccd5c18031507f8350390552,C2,4,0.0,0.29750000000000004,70.0,5.0,,0.021563489329868797,0.05220650124101667,0.06449780002003536,0.7339740499155596,753.5,852.0,158.59041563875584,1.0,,0.07421170000452548
B,baseline,MPC_MCTS_H1,0.75,1,3,12,partial,iterations,16,0.5,False,concurrent,06d868f693a728ac1102e913d6ba675227fc8ef9ccd5c18031507f8350390552,R1,4,0.0,0.6825,31.5,19.5,,0.03765317316543556,0.11379320876148988,0.21371097501832992,3.522928775375476,5214.75,6600.0,168.41673186173844,14.0,,0.23824219999369234
B,baseline,MPC_MCTS_H1,0.75,1,3,12,partial,iterations,16,0.5,False,concurrent,06d868f693a728ac1102e913d6ba675227fc8ef9ccd5c18031507f8350390552,R2,4,0.0,0.5175,49.0,3.5,,0.0157949226510815,0.0229603387750103,0.055540524976095185,0.8646800499700475,935.5,1040.0,6.115214658182066,1.0,,0.06284249993041158
B,baseline,MPC_MCTS_H1,0.75,1,3,12,partial,iterations,16,0.5,False,concurrent,06d868f693a728ac1102e913d6ba675227fc8ef9ccd5c18031507f8350390552,RC1,4,0.0,0.75,25.5,19.5,,0.03685774276026638,0.08791775373974815,0.1848263499850873,3.9022398247616366,6071.5,7596.0,192.11137128676924,17.5,,0.2045636000111699
B,baseline,MPC_MCTS_H1,0.75,1,3,12,partial,iterations,16,0.5,False,concurrent,06d868f693a728ac1102e913d6ba675227fc8ef9ccd5c18031507f8350390552,RC2,4,0.0,0.5149999999999999,48.5,4.5,,0.01778869466269198,0.03619142249663127,0.06212982500437647,1.1178803748334758,1095.75,1240.0,61.757605642110796,5.25,,0.06915899994783103
