study,instance,scenario_identifier,algorithm,scenario_seed,algorithm_seed,failure_class,customers_unserved,reason
A,rc105_21,7b44f83570842845e2fa52e38444208a414d7999e74d5aeeda5650cbde802f16,INDEPENDENT_MPC_MCTS,0,0,incomplete_service,27,Not all customers served
A,c106_21,33666c09bc68a5b176174f03a4cab304cfc0ccbfb851bca9815fc2f2adc15274,COORDINATED_MPC_MCTS,0,0,incomplete_service,38,Not all customers served
A,rc201_21,3111702a772029549ac38fd4867734ba646a0cf02b6e64b701af3f948a5afea7,MPC_MCTS_H1,0,0,incomplete_service,71,Not all customers served
A,r102_21,1e9136a2e97e1c9dcaf4345c5741c3c9fa24df6d695f45c566ef6fdebacf9957,GREEDY,0,0,incomplete_service,48,Not all customers served
A,c207_21,c135fedb6638e8cc9f9efafc692a06a07e8375102f6494c5dfd9a0f59b09bd53,INDEPENDENT_MPC_MCTS,0,0,incomplete_service,80,Not all customers served
A,r210_21,969edfdfe8c907592d04ac07880942047f085d44273c447b70cd2fd11de8fee1,COORDINATED_MPC_MCTS,0,0,incomplete_service,40,Not all customers served
A,c108_21,c19e71c21e1b9448c6b676e9fd6c9b8a6be0d1d94f75f7eebf9f37d136c0934a,INDEPENDENT_MPC_MCTS,0,0,incomplete_service,27,Not all customers served
A,r207_21,2dc246b4c2f051d796adbb8dcfb0353c9a770035dc14e2def5bc5a127ae97465,MPC_MCTS_H1,0,0,incomplete_service,44,Not all customers served
A,r107_21,99129e7ef900c88a73a618c8040c262748cd02586827b576193899b4ea9db7bf,COORDINATED_MPC_MCTS,0,0,incomplete_service,17,Not all customers served
A,r105_21,70efb4e7ed9a1274700a6d7ca9ac33a1dc8a23a7ad27007258b82b11144147ab,MPC_MCTS_H1,0,0,incomplete_service,57,Not all customers served
A,r205_21,7bad49d5aa6775832c41beb40fc63c271f5fbc1eeffbd5c32c0ac3cc5751f1c6,GREEDY,0,0,incomplete_service,43,Not all customers served
A,r104_21,2385b0f87f40fa8010340f611c52ab16c6690a789802ce92ca20158dc356d01f,INDEPENDENT_MPC_MCTS,0,0,incomplete_service,14,Not all customers served
A,r103_21,3afaedabfb57e943f4a7eea08845a082f2f1637739c30331f631b99961e988bc,INDEPENDENT_MPC_MCTS,0,0,incomplete_service,20,Not all customers served
A,r112_21,f9720c646dd2848678be055d2f9c15a146d45ca197b2a30855c47a35ff7e9991,GREEDY,0,0,incomplete_service,22,Not all customers served
A,rc106_21,a396df2a999027de91f9d9f2e6c35849a4bd36d1fc7cbd8fab9b442a380bed33,COORDINATED_MPC_MCTS,0,0,incomplete_service,25,Not all customers served
A,c207_21,c135fedb6638e8cc9f9efafc692a06a07e8375102f6494c5dfd9a0f59b09bd53,GREEDY,0,0,incomplete_service,59,Not all customers served
A,r202_21,8fc9a9559cc48adfd3c65a7b018f464776e2ba5ad0037e972822e0e8975224e3,COORDINATED_MPC_MCTS,0,0,incomplete_service,51,Not all customers served
A,r208_21,b451fb172d6bc95833f19c7a0d7d2d0490a2dbf98fe34969bc4d10ada5e648f0,INDEPENDENT_MPC_MCTS,0,0,incomplete_service,12,Not all customers served
A,r206_21,11a45eecf3bb27e12da50358eb7a7e2c56967081dfb44cd6245b30dfb2742c76,INDEPENDENT_MPC_MCTS,0,0,incomplete_service,36,Not all customers served
A,c206_21,938ef0b668f20a1acb59b05c08888792f986fcc7295ce1d259256ee79f51cb2f,GREEDY,0,0,incomplete_service,72,Not all customers served
A,r203_21,da9b4c7e26649fc954e23a266fc50ee5f166858bcba9bc714b6685b036262fd5,INDEPENDENT_MPC_MCTS,0,0,incomplete_service,41,Not all customers served
A,rc104_21,d59bf7c59b1196de9c27eb1587d3c5917d66cc8e2595e96846c29fe25ece4bf4,COORDINATED_MPC_MCTS,0,0,incomplete_service,21,Not all customers served
A,r106_21,a40345d87c4285c81a5925499597055fb902585d7f45a7b233961a1a5ab147d4,INDEPENDENT_MPC_MCTS,0,0,incomplete_service,26,Not all customers served
A,rc103_21,ef3fc2e62113de0cdefc1bb980556367eb1f1cd6d84827fc99524d9da9aaaef3,INDEPENDENT_MPC_MCTS,0,0,incomplete_service,19,Not all customers served
A,rc101_21,4208fd31438639b8f67328ae68f1c1d5b20c3c87949003fe710e9a91367b453d,MPC_MCTS_H1,0,0,incomplete_service,43,Not all customers served
A,r101_21,89afc6a13ace161299c804b89b155cfbb0ef27b628207f852fa9b81f88148862,MPC_MCTS_H1,0,0,incomplete_service,56,Not all customers served
A,r102_21,1e9136a2e97e1c9dcaf4345c5741c3c9fa24df6d695f45c566ef6fdebacf9957,MPC_MCTS_H1,0,0,incomplete_service,48,Not all customers served
A,rc208_21,8f25e277b285481ad0b29ab0591d4df1c15cc6d3384df60643a72bd985190993,GREEDY,0,0,incomplete_service,51,Not all customers served
A,r208_21,b451fb172d6bc95833f19c7a0d7d2d0490a2dbf98fe34969bc4d10ada5e648f0,GREEDY,0,0,incomplete_service,64,Not all customers served
A,r201_21,86283904b0ad6c920ca8396f492194ad73646d92604f538ac8bc665d1e64e746,INDEPENDENT_MPC_MCTS,0,0,incomplete_service,52,Not all customers served
A,rc108_21,f06925037622c36d6ce86689e326fd0209dc6a45ea5aba1420c90684a8e61222,COORDINATED_MPC_MCTS,0,0,incomplete_service,20,Not all customers served
A,rc204_21,1aeb4341260f332e58b1c5ae43dcaa0a2c829aad932a2c189ecc6c955dae28f2,INDEPENDENT_MPC_MCTS,0,0,incomplete_service,23,Not all customers served
A,r210_21,969edfdfe8c907592d04ac07880942047f085d44273c447b70cd2fd11de8fee1,GREEDY,0,0,incomplete_service,67,Not all customers served
A,r208_21,b451fb172d6bc95833f19c7a0d7d2d0490a2dbf98fe34969bc4d10ada5e648f0,MPC_MCTS_H1,0,0,incomplete_service,15,Not all customers served
A,r111_21,e141a5adeaa6b49ef65b326ec403c4006c8e14de001a0bf69125cd702586c312,INDEPENDENT_MPC_MCTS,0,0,incomplete_service,30,Not all customers served
A,rc108_21,f06925037622c36d6ce86689e326fd0209dc6a45ea5aba1420c90684a8e61222,GREEDY,0,0,incomplete_service,35,Not all customers served
A,r110_21,b5379adbfdf6b6743f7b0ba43e8b2ac16bd79c7e9e826066635127bb101378ba,INDEPENDENT_MPC_MCTS,0,0,incomplete_service,27,Not all customers served
A,rc204_21,1aeb4341260f332e58b1c5ae43dcaa0a2c829aad932a2c189ecc6c955dae28f2,MPC_MCTS_H1,0,0,incomplete_service,23,Not all customers served
A,c109_21,2d7481bfe4584024e0281b0a46ab0ff8e28b7fd483d4cba8197537b8598bf6c3,COORDINATED_MPC_MCTS,0,0,incomplete_service,22,Not all customers served
A,rc102_21,1cee4432ea6225b7dc7e3e4a001b76691706f8f44cdf6e6beeb6e8b544f89ad6,GREEDY,0,0,incomplete_service,34,Not all customers served
A,c208_21,dd13850e5a4f0617eae79cd862fe9bb53d2688907365f5f526dec3b80f6ee63e,COORDINATED_MPC_MCTS,0,0,incomplete_service,79,Not all customers served
A,c107_21,7f7dc71b89c051985a2f507a8312022b0f6620718ba4ead9e186353666821191,COORDINATED_MPC_MCTS,0,0,incomplete_service,24,Not all customers served
A,rc204_21,1aeb4341260f332e58b1c5ae43dcaa0a2c829aad932a2c189ecc6c955dae28f2,GREEDY,0,0,incomplete_service,59,Not all customers served
A,r109_21,3994aeffc6ba551509aa46f7beae8646df5b3556904cf84cb39f734a28faecd9,COORDINATED_MPC_MCTS,0,0,incomplete_service,28,Not all customers served
A,c204_21,1242c808038e519e501ebb10ce4b3653db960db6810408207dc0627347acf5c4,MPC_MCTS_H1,0,0,incomplete_service,28,Not all customers served
A,rc103_21,ef3fc2e62113de0cdefc1bb980556367eb1f1cd6d84827fc99524d9da9aaaef3,GREEDY,0,0,incomplete_service,36,Not all customers served
A,c109_21,2d7481bfe4584024e0281b0a46ab0ff8e28b7fd483d4cba8197537b8598bf6c3,GREEDY,0,0,incomplete_service,7,Not all customers served
A,rc203_21,44cc44b37b1764b3bf45c07a6e23158cb7dc3a7282a89de569e5cf0b7b175487,INDEPENDENT_MPC_MCTS,0,0,incomplete_service,32,Not all customers served
A,r103_21,3afaedabfb57e943f4a7eea08845a082f2f1637739c30331f631b99961e988bc,MPC_MCTS_H1,0,0,incomplete_service,32,Not all customers served
A,rc206_21,67c7389ddac4f9e054d5885a73535e95fb65b64e5c54864f448e2b935bae06bf,MPC_MCTS_H1,0,0,incomplete_service,64,Not all customers served
A,c106_21,33666c09bc68a5b176174f03a4cab304cfc0ccbfb851bca9815fc2f2adc15274,GREEDY,0,0,incomplete_service,43,Not all customers served
A,r205_21,7bad49d5aa6775832c41beb40fc63c271f5fbc1eeffbd5c32c0ac3cc5751f1c6,INDEPENDENT_MPC_MCTS,0,0,incomplete_service,54,Not all customers served
A,c203_21,7164e66905d528efddd360eb25784257e18ef0ab233fdded706168706f810fe0,INDEPENDENT_MPC_MCTS,0,0,incomplete_service,37,Not all customers served
A,c105_21,e8aae763bdc50bcde5a86081c8b71d1dcc980b7e0c4cc375a512abe1c4f1620f,GREEDY,0,0,incomplete_service,42,Not all customers served
A,rc203_21,44cc44b37b1764b3bf45c07a6e23158cb7dc3a7282a89de569e5cf0b7b175487,MPC_MCTS_H1,0,0,incomplete_service,55,Not all customers served
A,rc203_21,44cc44b37b1764b3bf45c07a6e23158cb7dc3a7282a89de569e5cf0b7b175487,GREEDY,0,0,incomplete_service,61,Not all customers served
A,c105_21,e8aae763bdc50bcde5a86081c8b71d1dcc980b7e0c4cc375a512abe1c4f1620f,INDEPENDENT_MPC_MCTS,0,0,incomplete_service,27,Not all customers served
A,r103_21,3afaedabfb57e943f4a7eea08845a082f2f1637739c30331f631b99961e988bc,COORDINATED_MPC_MCTS,0,0,incomplete_service,21,Not all customers served
A,c205_21,422cb655ec9b8d1848f377562f0625f0385039b5f3a764f8d0c88ab6adfea92c,GREEDY,0,0,incomplete_service,2,Not all customers served
A,rc106_21,a396df2a999027de91f9d9f2e6c35849a4bd36d1fc7cbd8fab9b442a380bed33,GREEDY,0,0,incomplete_service,25,Not all customers served
A,rc106_21,a396df2a999027de91f9d9f2e6c35849a4bd36d1fc7cbd8fab9b442a380bed33,INDEPENDENT_MPC_MCTS,0,0,incomplete_service,22,Not all customers served
A,r208_21,b451fb172d6bc95833f19c7a0d7d2d0490a2dbf98fe34969bc4d10ada5e648f0,COORDINATED_MPC_MCTS,0,0,incomplete_service,13,Not all customers served
A,rc208_21,8f25e277b285481ad0b29ab0591d4df1c15cc6d3384df60643a72bd985190993,MPC_MCTS_H1,0,0,incomplete_service,31,Not all customers served
A,c101_21,36effcf880a9fa96164abaa2767519ebec30a23ad53c3bff371f65280f13c403,GREEDY,0,0,incomplete_service,49,Not all customers served
A,r203_21,da9b4c7e26649fc954e23a266fc50ee5f166858bcba9bc714b6685b036262fd5,MPC_MCTS_H1,0,0,incomplete_service,43,Not all customers served
A,r211_21,2cdb77057c156f3f085166321a255400be0f429d147082ce57781704fa810469,COORDINATED_MPC_MCTS,0,0,incomplete_service,46,Not all customers served
A,r206_21,11a45eecf3bb27e12da50358eb7a7e2c56967081dfb44cd6245b30dfb2742c76,COORDINATED_MPC_MCTS,0,0,incomplete_service,40,Not all customers served
A,c105_21,e8aae763bdc50bcde5a86081c8b71d1dcc980b7e0c4cc375a512abe1c4f1620f,COORDINATED_MPC_MCTS,0,0,incomplete_service,34,Not all customers served
A,c106_21,33666c09bc68a5b176174f03a4cab304cfc0ccbfb851bca9815fc2f2adc15274,INDEPENDENT_MPC_MCTS,0,0,incomplete_service,36,Not all customers served
A,c203_21,7164e66905d528efddd360eb25784257e18ef0ab233fdded706168706f810fe0,GREEDY,0,0,incomplete_service,50,Not all customers served
A,c108_21,c19e71c21e1b9448c6b676e9fd6c9b8a6be0d1d94f75f7eebf9f37d136c0934a,MPC_MCTS_H1,0,0,incomplete_service,53,Not all customers served
A,r207_21,2dc246b4c2f051d796adbb8dcfb0353c9a770035dc14e2def5bc5a127ae97465,GREEDY,0,0,incomplete_service,47,Not all customers served
A,rc208_21,8f25e277b285481ad0b29ab0591d4df1c15cc6d3384df60643a72bd985190993,COORDINATED_MPC_MCTS,0,0,incomplete_service,30,Not all customers served
A,r102_21,1e9136a2e97e1c9dcaf4345c5741c3c9fa24df6d695f45c566ef6fdebacf9957,COORDINATED_MPC_MCTS,0,0,incomplete_service,22,Not all customers served
A,rc205_21,332b0c1c42850805d28c3c44f4ed5d5660c6c46a3b8e425633aa8f5d783922bc,COORDINATED_MPC_MCTS,0,0,incomplete_service,64,Not all customers served
A,rc103_21,ef3fc2e62113de0cdefc1bb980556367eb1f1cd6d84827fc99524d9da9aaaef3,COORDINATED_MPC_MCTS,0,0,incomplete_service,17,Not all customers served
A,r211_21,2cdb77057c156f3f085166321a255400be0f429d147082ce57781704fa810469,INDEPENDENT_MPC_MCTS,0,0,incomplete_service,55,Not all customers served
A,r201_21,86283904b0ad6c920ca8396f492194ad73646d92604f538ac8bc665d1e64e746,MPC_MCTS_H1,0,0,incomplete_service,68,Not all customers served
A,c104_21,7355d314c2e06a546f61547492335e9a62ad2eca013d7f32dbcaa1ad93eb7575,MPC_MCTS_H1,0,0,incomplete_service,19,Not all customers served
A,c205_21,422cb655ec9b8d1848f377562f0625f0385039b5f3a764f8d0c88ab6adfea92c,INDEPENDENT_MPC_MCTS,0,0,incomplete_service,61,Not all customers served
A,rc201_21,3111702a772029549ac38fd4867734ba646a0cf02b6e64b701af3f948a5afea7,COORDINATED_MPC_MCTS,0,0,incomplete_service,58,Not all customers served
A,r207_21,2dc246b4c2f051d796adbb8dcfb0353c9a770035dc14e2def5bc5a127ae97465,INDEPENDENT_MPC_MCTS,0,0,incomplete_service,22,Not all customers served
A,rc207_21,6f46ecad270262391660562aa3e2556386bda0c5e3f0dcbfc05d386dc8cfcbb2,COORDINATED_MPC_MCTS,0,0,incomplete_service,45,Not all customers served
A,c103_21,a328af401ffd40530e67d73a39b003241ecd12baf9af4619de6e993ebce2bcd4,INDEPENDENT_MPC_MCTS,0,0,incomplete_service,21,Not all customers served
A,r206_21,11a45eecf3bb27e12da50358eb7a7e2c56967081dfb44cd6245b30dfb2742c76,GREEDY,0,0,incomplete_service,56,Not all customers served
A,r110_21,b5379adbfdf6b6743f7b0ba43e8b2ac16bd79c7e9e826066635127bb101378ba,COORDINATED_MPC_MCTS,0,0,incomplete_service,25,Not all customers served
A,rc105_21,7b44f83570842845e2fa52e38444208a414d7999e74d5aeeda5650cbde802f16,MPC_MCTS_H1,0,0,incomplete_service,33,Not all customers served
A,r107_21,99129e7ef900c88a73a618c8040c262748cd02586827b576193899b4ea9db7bf,GREEDY,0,0,incomplete_service,32,Not all customers served
A,r204_21,46bcd63eb3c3dd25afde70ba4e630bf4941c34dc3d5311d0ab162c8152d73ed0,GREEDY,0,0,incomplete_service,75,Not all customers served
A,c102_21,c15b2f96ee71a87b896f3f818c99cfb9dad6098377dea90c519ad251b9c5a81d,COORDINATED_MPC_MCTS,0,0,incomplete_service,31,Not all customers served
A,rc205_21,332b0c1c42850805d28c3c44f4ed5d5660c6c46a3b8e425633aa8f5d783922bc,GREEDY,0,0,incomplete_service,79,Not all customers served
A,r110_21,b5379adbfdf6b6743f7b0ba43e8b2ac16bd79c7e9e826066635127bb101378ba,MPC_MCTS_H1,0,0,incomplete_service,27,Not all customers served
A,c108_21,c19e71c21e1b9448c6b676e9fd6c9b8a6be0d1d94f75f7eebf9f37d136c0934a,COORDINATED_MPC_MCTS,0,0,incomplete_service,26,Not all customers served
A,r105_21,70efb4e7ed9a1274700a6d7ca9ac33a1dc8a23a7ad27007258b82b11144147ab,GREEDY,0,0,incomplete_service,40,Not all customers served
A,r201_21,86283904b0ad6c920ca8396f492194ad73646d92604f538ac8bc665d1e64e746,COORDINATED_MPC_MCTS,0,0,incomplete_service,52,Not all customers served
A,c109_21,2d7481bfe4584024e0281b0a46ab0ff8e28b7fd483d4cba8197537b8598bf6c3,MPC_MCTS_H1,0,0,incomplete_service,38,Not all customers served
A,r107_21,99129e7ef900c88a73a618c8040c262748cd02586827b576193899b4ea9db7bf,MPC_MCTS_H1,0,0,incomplete_service,35,Not all customers served
A,r104_21,2385b0f87f40fa8010340f611c52ab16c6690a789802ce92ca20158dc356d01f,COORDINATED_MPC_MCTS,0,0,incomplete_service,19,Not all customers served
A,c202_21,8b37d704a2790fa01ffc19cbb131d89a1122027ccd4edb1247dd1d1892be2c04,COORDINATED_MPC_MCTS,0,0,incomplete_service,59,Not all customers served
A,r109_21,3994aeffc6ba551509aa46f7beae8646df5b3556904cf84cb39f734a28faecd9,INDEPENDENT_MPC_MCTS,0,0,incomplete_service,31,Not all customers served
A,c101_21,36effcf880a9fa96164abaa2767519ebec30a23ad53c3bff371f65280f13c403,INDEPENDENT_MPC_MCTS,0,0,incomplete_service,38,Not all customers served
A,rc104_21,d59bf7c59b1196de9c27eb1587d3c5917d66cc8e2595e96846c29fe25ece4bf4,INDEPENDENT_MPC_MCTS,0,0,incomplete_service,24,Not all customers served
A,r108_21,571b290be69502a81971d06422c8adfebc4e0da34cfe837529eb4e784aa1cf14,INDEPENDENT_MPC_MCTS,0,0,incomplete_service,10,Not all customers served
A,r211_21,2cdb77057c156f3f085166321a255400be0f429d147082ce57781704fa810469,MPC_MCTS_H1,0,0,incomplete_service,36,Not all customers served
A,c108_21,c19e71c21e1b9448c6b676e9fd6c9b8a6be0d1d94f75f7eebf9f37d136c0934a,GREEDY,0,0,incomplete_service,20,Not all customers served
A,r203_21,da9b4c7e26649fc954e23a266fc50ee5f166858bcba9bc714b6685b036262fd5,COORDINATED_MPC_MCTS,0,0,incomplete_service,32,Not all customers served
A,rc206_21,67c7389ddac4f9e054d5885a73535e95fb65b64e5c54864f448e2b935bae06bf,COORDINATED_MPC_MCTS,0,0,incomplete_service,65,Not all customers served
A,r107_21,99129e7ef900c88a73a618c8040c262748cd02586827b576193899b4ea9db7bf,INDEPENDENT_MPC_MCTS,0,0,incomplete_service,15,Not all customers served
A,r106_21,a40345d87c4285c81a5925499597055fb902585d7f45a7b233961a1a5ab147d4,COORDINATED_MPC_MCTS,0,0,incomplete_service,24,Not all customers served
A,r202_21,8fc9a9559cc48adfd3c65a7b018f464776e2ba5ad0037e972822e0e8975224e3,GREEDY,0,0,incomplete_service,76,Not all customers served
A,c105_21,e8aae763bdc50bcde5a86081c8b71d1dcc980b7e0c4cc375a512abe1c4f1620f,MPC_MCTS_H1,0,0,incomplete_service,57,Not all customers served
A,c104_21,7355d314c2e06a546f61547492335e9a62ad2eca013d7f32dbcaa1ad93eb7575,INDEPENDENT_MPC_MCTS,0,0,incomplete_service,10,Not all customers served
A,r112_21,f9720c646dd2848678be055d2f9c15a146d45ca197b2a30855c47a35ff7e9991,MPC_MCTS_H1,0,0,incomplete_service,12,Not all customers served
A,rc201_21,3111702a772029549ac38fd4867734ba646a0cf02b6e64b701af3f948a5afea7,GREEDY,0,0,incomplete_service,51,Not all customers served
A,rc102_21,1cee4432ea6225b7dc7e3e4a001b76691706f8f44cdf6e6beeb6e8b544f89ad6,MPC_MCTS_H1,0,0,incomplete_service,41,Not all customers served
A,rc108_21,f06925037622c36d6ce86689e326fd0209dc6a45ea5aba1420c90684a8e61222,MPC_MCTS_H1,0,0,incomplete_service,12,Not all customers served
A,r111_21,e141a5adeaa6b49ef65b326ec403c4006c8e14de001a0bf69125cd702586c312,COORDINATED_MPC_MCTS,0,0,incomplete_service,28,Not all customers served
A,c208_21,dd13850e5a4f0617eae79cd862fe9bb53d2688907365f5f526dec3b80f6ee63e,INDEPENDENT_MPC_MCTS,0,0,incomplete_service,62,Not all customers served
A,rc203_21,44cc44b37b1764b3bf45c07a6e23158cb7dc3a7282a89de569e5cf0b7b175487,COORDINATED_MPC_MCTS,0,0,incomplete_service,45,Not all customers served
A,c103_21,a328af401ffd40530e67d73a39b003241ecd12baf9af4619de6e993ebce2bcd4,GREEDY,0,0,incomplete_service,35,Not all customers served
A,c204_21,1242c808038e519e501ebb10ce4b3653db960db6810408207dc0627347acf5c4,INDEPENDENT_MPC_MCTS,0,0,incomplete_service,41,Not all customers served
A,rc101_21,4208fd31438639b8f67328ae68f1c1d5b20c3c87949003fe710e9a91367b453d,COORDINATED_MPC_MCTS,0,0,incomplete_service,22,Not all customers served
A,c201_21,9ab599bea8692723939603e1b081946a4ebd7f76a1d26675553a2d7862c98003,INDEPENDENT_MPC_MCTS,0,0,incomplete_service,69,Not all customers served
A,c203_21,7164e66905d528efddd360eb25784257e18ef0ab233fdded706168706f810fe0,COORDINATED_MPC_MCTS,0,0,incomplete_service,39,Not all customers served
A,r104_21,2385b0f87f40fa8010340f611c52ab16c6690a789802ce92ca20158dc356d01f,MPC_MCTS_H1,0,0,incomplete_service,15,Not all customers served
A,r209_21,71bcbb47e16a3703b764b43f178a56f27a702463673b3601706f45ecd1c2c1d4,COORDINATED_MPC_MCTS,0,0,incomplete_service,46,Not all customers served
A,rc102_21,1cee4432ea6225b7dc7e3e4a001b76691706f8f44cdf6e6beeb6e8b544f89ad6,INDEPENDENT_MPC_MCTS,0,0,incomplete_service,22,Not all customers served
A,c207_21,c135fedb6638e8cc9f9efafc692a06a07e8375102f6494c5dfd9a0f59b09bd53,COORDINATED_MPC_MCTS,0,0,incomplete_service,80,Not all customers served
A,r112_21,f9720c646dd2848678be055d2f9c15a146d45ca197b2a30855c47a35ff7e9991,INDEPENDENT_MPC_MCTS,0,0,incomplete_service,17,Not all customers served
A,r111_21,e141a5adeaa6b49ef65b326ec403c4006c8e14de001a0bf69125cd702586c312,MPC_MCTS_H1,0,0,incomplete_service,28,Not all customers served
A,r206_21,11a45eecf3bb27e12da50358eb7a7e2c56967081dfb44cd6245b30dfb2742c76,MPC_MCTS_H1,0,0,incomplete_service,35,Not all customers served
A,r209_21,71bcbb47e16a3703b764b43f178a56f27a702463673b3601706f45ecd1c2c1d4,GREEDY,0,0,incomplete_service,54,Not all customers served
A,rc107_21,ff160afa0432c3565c6b8052bdf996cc06f38e7ab4e61221057e58d6caea8a95,GREEDY,0,0,incomplete_service,32,Not all customers served
A,c204_21,1242c808038e519e501ebb10ce4b3653db960db6810408207dc0627347acf5c4,GREEDY,0,0,incomplete_service,61,Not all customers served
A,r101_21,89afc6a13ace161299c804b89b155cfbb0ef27b628207f852fa9b81f88148862,INDEPENDENT_MPC_MCTS,0,0,incomplete_service,36,Not all customers served
A,r205_21,7bad49d5aa6775832c41beb40fc63c271f5fbc1eeffbd5c32c0ac3cc5751f1c6,COORDINATED_MPC_MCTS,0,0,incomplete_service,56,Not all customers served
A,r204_21,46bcd63eb3c3dd25afde70ba4e630bf4941c34dc3d5311d0ab162c8152d73ed0,INDEPENDENT_MPC_MCTS,0,0,incomplete_service,31,Not all customers served
A,r210_21,969edfdfe8c907592d04ac07880942047f085d44273c447b70cd2fd11de8fee1,INDEPENDENT_MPC_MCTS,0,0,incomplete_service,41,Not all customers served
A,c107_21,7f7dc71b89c051985a2f507a8312022b0f6620718ba4ead9e186353666821191,INDEPENDENT_MPC_MCTS,0,0,incomplete_service,24,Not all customers served
A,rc105_21,7b44f83570842845e2fa52e38444208a414d7999e74d5aeeda5650cbde802f16,GREEDY,0,0,incomplete_service,39,Not all customers served
A,rc201_21,3111702a772029549ac38fd4867734ba646a0cf02b6e64b701af3f948a5afea7,INDEPENDENT_MPC_MCTS,0,0,incomplete_service,72,Not all customers served
A,rc102_21,1cee4432ea6225b7dc7e3e4a001b76691706f8f44cdf6e6beeb6e8b544f89ad6,COORDINATED_MPC_MCTS,0,0,incomplete_service,26,Not all customers served
A,r211_21,2cdb77057c156f3f085166321a255400be0f429d147082ce57781704fa810469,GREEDY,0,0,incomplete_service,54,Not all customers served
A,r105_21,70efb4e7ed9a1274700a6d7ca9ac33a1dc8a23a7ad27007258b82b11144147ab,INDEPENDENT_MPC_MCTS,0,0,incomplete_service,43,Not all customers served
A,rc202_21,9ff9eb70923123ae718d6e3dd107d4b42164a09bd7f77225b530d7f3deec3535,COORDINATED_MPC_MCTS,0,0,incomplete_service,48,Not all customers served
A,r204_21,46bcd63eb3c3dd25afde70ba4e630bf4941c34dc3d5311d0ab162c8152d73ed0,MPC_MCTS_H1,0,0,incomplete_service,23,Not all customers served
A,rc107_21,ff160afa0432c3565c6b8052bdf996cc06f38e7ab4e61221057e58d6caea8a95,COORDINATED_MPC_MCTS,0,0,incomplete_service,17,Not all customers served
A,c201_21,9ab599bea8692723939603e1b081946a4ebd7f76a1d26675553a2d7862c98003,GREEDY,0,0,incomplete_service,25,Not all customers served
A,r207_21,2dc246b4c2f051d796adbb8dcfb0353c9a770035dc14e2def5bc5a127ae97465,COORDINATED_MPC_MCTS,0,0,incomplete_service,25,Not all customers served
A,rc206_21,67c7389ddac4f9e054d5885a73535e95fb65b64e5c54864f448e2b935bae06bf,INDEPENDENT_MPC_MCTS,0,0,incomplete_service,65,Not all customers served
A,c104_21,7355d314c2e06a546f61547492335e9a62ad2eca013d7f32dbcaa1ad93eb7575,COORDINATED_MPC_MCTS,0,0,incomplete_service,10,Not all customers served
A,c107_21,7f7dc71b89c051985a2f507a8312022b0f6620718ba4ead9e186353666821191,GREEDY,0,0,incomplete_service,22,Not all customers served
A,c201_21,9ab599bea8692723939603e1b081946a4ebd7f76a1d26675553a2d7862c98003,COORDINATED_MPC_MCTS,0,0,incomplete_service,60,Not all customers served
A,rc105_21,7b44f83570842845e2fa52e38444208a414d7999e74d5aeeda5650cbde802f16,COORDINATED_MPC_MCTS,0,0,incomplete_service,21,Not all customers served
A,r104_21,2385b0f87f40fa8010340f611c52ab16c6690a789802ce92ca20158dc356d01f,GREEDY,0,0,incomplete_service,40,Not all customers served
A,c102_21,c15b2f96ee71a87b896f3f818c99cfb9dad6098377dea90c519ad251b9c5a81d,MPC_MCTS_H1,0,0,incomplete_service,48,Not all customers served
A,c101_21,36effcf880a9fa96164abaa2767519ebec30a23ad53c3bff371f65280f13c403,COORDINATED_MPC_MCTS,0,0,incomplete_service,33,Not all customers served
A,c202_21,8b37d704a2790fa01ffc19cbb131d89a1122027ccd4edb1247dd1d1892be2c04,INDEPENDENT_MPC_MCTS,0,0,incomplete_service,58,Not all customers served
A,c109_21,2d7481bfe4584024e0281b0a46ab0ff8e28b7fd483d4cba8197537b8598bf6c3,INDEPENDENT_MPC_MCTS,0,0,incomplete_service,18,Not all customers served
A,rc101_21,4208fd31438639b8f67328ae68f1c1d5b20c3c87949003fe710e9a91367b453d,GREEDY,0,0,incomplete_service,34,Not all customers served
A,r202_21,8fc9a9559cc48adfd3c65a7b018f464776e2ba5ad0037e972822e0e8975224e3,INDEPENDENT_MPC_MCTS,0,0,incomplete_service,52,Not all customers served
A,r109_21,3994aeffc6ba551509aa46f7beae8646df5b3556904cf84cb39f734a28faecd9,GREEDY,0,0,incomplete_service,26,Not all customers served
A,rc205_21,332b0c1c42850805d28c3c44f4ed5d5660c6c46a3b8e425633aa8f5d783922bc,MPC_MCTS_H1,0,0,incomplete_service,62,Not all customers served
A,c207_21,c135fedb6638e8cc9f9efafc692a06a07e8375102f6494c5dfd9a0f59b09bd53,MPC_MCTS_H1,0,0,incomplete_service,65,Not all customers served
A,c102_21,c15b2f96ee71a87b896f3f818c99cfb9dad6098377dea90c519ad251b9c5a81d,GREEDY,0,0,incomplete_service,42,Not all customers served
A,rc207_21,6f46ecad270262391660562aa3e2556386bda0c5e3f0dcbfc05d386dc8cfcbb2,GREEDY,0,0,incomplete_service,65,Not all customers served
A,r205_21,7bad49d5aa6775832c41beb40fc63c271f5fbc1eeffbd5c32c0ac3cc5751f1c6,MPC_MCTS_H1,0,0,incomplete_service,51,Not all customers served
A,c202_21,8b37d704a2790fa01ffc19cbb131d89a1122027ccd4edb1247dd1d1892be2c04,MPC_MCTS_H1,0,0,incomplete_service,79,Not all customers served
A,rc207_21,6f46ecad270262391660562aa3e2556386bda0c5e3f0dcbfc05d386dc8cfcbb2,MPC_MCTS_H1,0,0,incomplete_service,45,Not all customers served
A,r106_21,a40345d87c4285c81a5925499597055fb902585d7f45a7b233961a1a5ab147d4,MPC_MCTS_H1,0,0,incomplete_service,36,Not all customers served
A,c202_21,8b37d704a2790fa01ffc19cbb131d89a1122027ccd4edb1247dd1d1892be2c04,GREEDY,0,0,incomplete_service,49,Not all customers served
A,r102_21,1e9136a2e97e1c9dcaf4345c5741c3c9fa24df6d695f45c566ef6fdebacf9957,INDEPENDENT_MPC_MCTS,0,0,incomplete_service,24,Not all customers served
A,rc202_21,9ff9eb70923123ae718d6e3dd107d4b42164a09bd7f77225b530d7f3deec3535,INDEPENDENT_MPC_MCTS,0,0,incomplete_service,44,Not all customers served
A,rc107_21,ff160afa0432c3565c6b8052bdf996cc06f38e7ab4e61221057e58d6caea8a95,INDEPENDENT_MPC_MCTS,0,0,incomplete_service,22,Not all customers served
A,c208_21,dd13850e5a4f0617eae79cd862fe9bb53d2688907365f5f526dec3b80f6ee63e,MPC_MCTS_H1,0,0,incomplete_service,75,Not all customers served
A,c206_21,938ef0b668f20a1acb59b05c08888792f986fcc7295ce1d259256ee79f51cb2f,COORDINATED_MPC_MCTS,0,0,incomplete_service,72,Not all customers served
A,rc108_21,f06925037622c36d6ce86689e326fd0209dc6a45ea5aba1420c90684a8e61222,INDEPENDENT_MPC_MCTS,0,0,incomplete_service,17,Not all customers served
A,rc104_21,d59bf7c59b1196de9c27eb1587d3c5917d66cc8e2595e96846c29fe25ece4bf4,MPC_MCTS_H1,0,0,incomplete_service,12,Not all customers served
A,c205_21,422cb655ec9b8d1848f377562f0625f0385039b5f3a764f8d0c88ab6adfea92c,COORDINATED_MPC_MCTS,0,0,incomplete_service,56,Not all customers served
A,r209_21,71bcbb47e16a3703b764b43f178a56f27a702463673b3601706f45ecd1c2c1d4,MPC_MCTS_H1,0,0,incomplete_service,48,Not all customers served
A,c102_21,c15b2f96ee71a87b896f3f818c99cfb9dad6098377dea90c519ad251b9c5a81d,INDEPENDENT_MPC_MCTS,0,0,incomplete_service,36,Not all customers served
A,r204_21,46bcd63eb3c3dd25afde70ba4e630bf4941c34dc3d5311d0ab162c8152d73ed0,COORDINATED_MPC_MCTS,0,0,incomplete_service,22,Not all customers served
A,r209_21,71bcbb47e16a3703b764b43f178a56f27a702463673b3601706f45ecd1c2c1d4,INDEPENDENT_MPC_MCTS,0,0,incomplete_service,47,Not all customers served
A,r109_21,3994aeffc6ba551509aa46f7beae8646df5b3556904cf84cb39f734a28faecd9,MPC_MCTS_H1,0,0,incomplete_service,48,Not all customers served
A,rc202_21,9ff9eb70923123ae718d6e3dd107d4b42164a09bd7f77225b530d7f3deec3535,MPC_MCTS_H1,0,0,incomplete_service,53,Not all customers served
A,r106_21,a40345d87c4285c81a5925499597055fb902585d7f45a7b233961a1a5ab147d4,GREEDY,0,0,incomplete_service,33,Not all customers served
A,r203_21,da9b4c7e26649fc954e23a266fc50ee5f166858bcba9bc714b6685b036262fd5,GREEDY,0,0,incomplete_service,69,Not all customers served
A,c107_21,7f7dc71b89c051985a2f507a8312022b0f6620718ba4ead9e186353666821191,MPC_MCTS_H1,0,0,incomplete_service,54,Not all customers served
A,rc204_21,1aeb4341260f332e58b1c5ae43dcaa0a2c829aad932a2c189ecc6c955dae28f2,COORDINATED_MPC_MCTS,0,0,incomplete_service,17,Not all customers served
A,r101_21,89afc6a13ace161299c804b89b155cfbb0ef27b628207f852fa9b81f88148862,GREEDY,0,0,incomplete_service,35,Not all customers served
A,c104_21,7355d314c2e06a546f61547492335e9a62ad2eca013d7f32dbcaa1ad93eb7575,GREEDY,0,0,incomplete_service,47,Not all customers served
A,c206_21,938ef0b668f20a1acb59b05c08888792f986fcc7295ce1d259256ee79f51cb2f,INDEPENDENT_MPC_MCTS,0,0,incomplete_service,78,Not all customers served
A,r112_21,f9720c646dd2848678be055d2f9c15a146d45ca197b2a30855c47a35ff7e9991,COORDINATED_MPC_MCTS,0,0,incomplete_service,13,Not all customers served
A,c205_21,422cb655ec9b8d1848f377562f0625f0385039b5f3a764f8d0c88ab6adfea92c,MPC_MCTS_H1,0,0,incomplete_service,67,Not all customers served
A,r202_21,8fc9a9559cc48adfd3c65a7b018f464776e2ba5ad0037e972822e0e8975224e3,MPC_MCTS_H1,0,0,incomplete_service,64,Not all customers served
A,c203_21,7164e66905d528efddd360eb25784257e18ef0ab233fdded706168706f810fe0,MPC_MCTS_H1,0,0,incomplete_service,56,Not all customers served
A,c103_21,a328af401ffd40530e67d73a39b003241ecd12baf9af4619de6e993ebce2bcd4,COORDINATED_MPC_MCTS,0,0,incomplete_service,18,Not all customers served
A,c208_21,dd13850e5a4f0617eae79cd862fe9bb53d2688907365f5f526dec3b80f6ee63e,GREEDY,0,0,incomplete_service,17,Not all customers served
A,rc206_21,67c7389ddac4f9e054d5885a73535e95fb65b64e5c54864f448e2b935bae06bf,GREEDY,0,0,incomplete_service,66,Not all customers served
A,r110_21,b5379adbfdf6b6743f7b0ba43e8b2ac16bd79c7e9e826066635127bb101378ba,GREEDY,0,0,incomplete_service,31,Not all customers served
A,r111_21,e141a5adeaa6b49ef65b326ec403c4006c8e14de001a0bf69125cd702586c312,GREEDY,0,0,incomplete_service,37,Not all customers served
A,r103_21,3afaedabfb57e943f4a7eea08845a082f2f1637739c30331f631b99961e988bc,GREEDY,0,0,incomplete_service,43,Not all customers served
A,r201_21,86283904b0ad6c920ca8396f492194ad73646d92604f538ac8bc665d1e64e746,GREEDY,0,0,incomplete_service,55,Not all customers served
A,r108_21,571b290be69502a81971d06422c8adfebc4e0da34cfe837529eb4e784aa1cf14,MPC_MCTS_H1,0,0,incomplete_service,11,Not all customers served
A,rc106_21,a396df2a999027de91f9d9f2e6c35849a4bd36d1fc7cbd8fab9b442a380bed33,MPC_MCTS_H1,0,0,incomplete_service,36,Not all customers served
A,r108_21,571b290be69502a81971d06422c8adfebc4e0da34cfe837529eb4e784aa1cf14,GREEDY,0,0,incomplete_service,37,Not all customers served
A,r105_21,70efb4e7ed9a1274700a6d7ca9ac33a1dc8a23a7ad27007258b82b11144147ab,COORDINATED_MPC_MCTS,0,0,incomplete_service,34,Not all customers served
A,rc207_21,6f46ecad270262391660562aa3e2556386bda0c5e3f0dcbfc05d386dc8cfcbb2,INDEPENDENT_MPC_MCTS,0,0,incomplete_service,43,Not all customers served
A,c204_21,1242c808038e519e501ebb10ce4b3653db960db6810408207dc0627347acf5c4,COORDINATED_MPC_MCTS,0,0,incomplete_service,21,Not all customers served
A,r108_21,571b290be69502a81971d06422c8adfebc4e0da34cfe837529eb4e784aa1cf14,COORDINATED_MPC_MCTS,0,0,incomplete_service,12,Not all customers served
A,c206_21,938ef0b668f20a1acb59b05c08888792f986fcc7295ce1d259256ee79f51cb2f,MPC_MCTS_H1,0,0,incomplete_service,74,Not all customers served
A,rc103_21,ef3fc2e62113de0cdefc1bb980556367eb1f1cd6d84827fc99524d9da9aaaef3,MPC_MCTS_H1,0,0,incomplete_service,31,Not all customers served
A,c106_21,33666c09bc68a5b176174f03a4cab304cfc0ccbfb851bca9815fc2f2adc15274,MPC_MCTS_H1,0,0,incomplete_service,51,Not all customers served
A,rc205_21,332b0c1c42850805d28c3c44f4ed5d5660c6c46a3b8e425633aa8f5d783922bc,INDEPENDENT_MPC_MCTS,0,0,incomplete_service,64,Not all customers served
A,rc107_21,ff160afa0432c3565c6b8052bdf996cc06f38e7ab4e61221057e58d6caea8a95,MPC_MCTS_H1,0,0,incomplete_service,17,Not all customers served
A,r101_21,89afc6a13ace161299c804b89b155cfbb0ef27b628207f852fa9b81f88148862,COORDINATED_MPC_MCTS,0,0,incomplete_service,36,Not all customers served
A,r210_21,969edfdfe8c907592d04ac07880942047f085d44273c447b70cd2fd11de8fee1,MPC_MCTS_H1,0,0,incomplete_service,49,Not all customers served
A,c103_21,a328af401ffd40530e67d73a39b003241ecd12baf9af4619de6e993ebce2bcd4,MPC_MCTS_H1,0,0,incomplete_service,30,Not all customers served
A,c201_21,9ab599bea8692723939603e1b081946a4ebd7f76a1d26675553a2d7862c98003,MPC_MCTS_H1,0,0,incomplete_service,79,Not all customers served
A,rc202_21,9ff9eb70923123ae718d6e3dd107d4b42164a09bd7f77225b530d7f3deec3535,GREEDY,0,0,incomplete_service,51,Not all customers served
A,rc208_21,8f25e277b285481ad0b29ab0591d4df1c15cc6d3384df60643a72bd985190993,INDEPENDENT_MPC_MCTS,0,0,incomplete_service,35,Not all customers served
A,c101_21,36effcf880a9fa96164abaa2767519ebec30a23ad53c3bff371f65280f13c403,MPC_MCTS_H1,0,0,incomplete_service,55,Not all customers served
A,rc101_21,4208fd31438639b8f67328ae68f1c1d5b20c3c87949003fe710e9a91367b453d,INDEPENDENT_MPC_MCTS,0,0,incomplete_service,28,Not all customers served
A,rc104_21,d59bf7c59b1196de9c27eb1587d3c5917d66cc8e2595e96846c29fe25ece4bf4,GREEDY,0,0,incomplete_service,46,Not all customers served
