kind,id,node_kind,x,y,dynamic,vehicle,x_end,y_end
node,D0,d,40.0,50.0,False,,,
node,S0,f,40.0,50.0,False,,,
node,S5,f,31.0,84.0,False,,,
node,S15,f,39.0,26.0,False,,,
node,C30,c,20.0,55.0,True,,,
node,C12,c,25.0,85.0,False,,,
node,C100,c,55.0,85.0,True,,,
node,C85,c,68.0,60.0,True,,,
node,C64,c,48.0,30.0,False,,,
arc,,,40.0,50.0,False,0.0,25.0,85.0
arc,,,40.0,50.0,False,1.0,48.0,30.0
arc,,,25.0,85.0,False,0.0,31.0,84.0
arc,,,31.0,84.0,False,0.0,20.0,55.0
arc,,,48.0,30.0,False,1.0,40.0,50.0
arc,,,20.0,55.0,False,0.0,40.0,50.0
arc,,,40.0,50.0,False,1.0,68.0,60.0
arc,,,68.0,60.0,False,1.0,40.0,50.0
