vehicle,step,phase,time,soc,action
0,0,departure,0.0,77.75,wait
0,0,arrival,0.0,77.75,wait
0,0,start,0.0,77.75,wait
0,0,finish,172.52002335688118,77.75,wait
0,1,departure,172.52002335688118,77.75,serve
0,1,arrival,210.5988888862007,39.67113447068046,serve
0,1,start,210.5988888862007,39.67113447068046,serve
0,1,finish,300.5988888862007,39.67113447068046,serve
1,2,departure,0.0,77.75,serve
1,2,arrival,21.540659228538015,56.20934077146198,serve
1,2,start,263.0,56.20934077146198,serve
1,2,finish,353.0,56.20934077146198,serve
0,3,departure,300.5988888862007,39.67113447068046,charge
0,3,arrival,306.68165141649894,33.58837194038224,charge
0,3,start,306.68165141649894,33.58837194038224,charge
0,3,finish,369.2918365775785,51.63165296662995,charge
0,4,departure,369.2918365775785,51.63165296662995,serve
0,4,arrival,400.3079614161202,20.615528128088304,serve
0,4,start,400.3079614161202,20.615528128088304,serve
0,4,finish,490.3079614161202,20.615528128088304,serve
1,5,departure,353.0,56.20934077146198,charge
1,5,arrival,374.540659228538,34.66868154292396,charge
1,5,start,374.540659228538,34.66868154292396,charge
1,5,finish,524.0328342745919,77.75,charge
0,6,departure,490.3079614161202,20.615528128088304,charge
0,6,arrival,510.9234895442085,0.0,charge
0,6,start,510.9234895442085,0.0,charge
0,6,finish,717.2645237569893,59.464274989274024,charge
1,7,departure,524.0328342745919,77.75,serve
1,7,arrival,553.7649717692289,48.017862505362984,serve
1,7,start,737.0,48.017862505362984,serve
1,7,finish,827.0,48.017862505362984,serve
0,8,departure,717.2645237569893,59.464274989274024,wait
0,8,arrival,717.2645237569893,59.464274989274024,wait
0,8,start,717.2645237569893,59.464274989274024,wait
0,8,finish,827.0,59.464274989274024,wait
0,9,departure,827.0,59.464274989274024,wait
0,9,arrival,827.0,59.464274989274024,wait
0,9,start,827.0,59.464274989274024,wait
0,9,finish,1206.2678625053632,59.464274989274024,wait
1,10,departure,827.0,48.017862505362984,wait
1,10,arrival,827.0,48.017862505362984,wait
1,10,start,827.0,48.017862505362984,wait
1,10,finish,1206.2678625053632,48.017862505362984,wait
0,11,departure,1206.2678625053632,59.464274989274024,return
0,11,arrival,1206.2678625053632,59.464274989274024,return
0,11,start,1206.2678625053632,59.464274989274024,return
0,11,finish,1206.2678625053632,59.464274989274024,return
1,12,departure,1206.2678625053632,48.017862505362984,return
1,12,arrival,1236.0000000000002,18.285725010725972,return
1,12,start,1236.0000000000002,18.285725010725972,return
1,12,finish,1236.0000000000002,18.285725010725972,return
