study,ablation_factor,algorithm,DoD_target,prediction_horizon,top_l,candidate_limit,charging_mode,budget_mode,iterations,time_limit,parallel_agents,execution_profile,source_sha256,number_of_customers,metric,n,mean,median,standard_deviation,ci95_low,ci95_high,number_of_runs,contributing_runs,maximum_observed
C,baseline,COORDINATED_MPC_MCTS,0.5,5,3,12,partial,iterations,16,0.5,False,concurrent,06d868f693a728ac1102e913d6ba675227fc8ef9ccd5c18031507f8350390552,100,complete_service,6,0.0,0.0,0.0,0.0,0.0,24,24,False
C,baseline,COORDINATED_MPC_MCTS,0.5,5,3,12,partial,iterations,16,0.5,False,concurrent,06d868f693a728ac1102e913d6ba675227fc8ef9ccd5c18031507f8350390552,100,service_ratio,6,0.5291666666666667,0.5425,0.17010780895263647,0.3506494693271528,0.7076838640061806,24,24,0.79
C,baseline,COORDINATED_MPC_MCTS,0.5,5,3,12,partial,iterations,16,0.5,False,concurrent,06d868f693a728ac1102e913d6ba675227fc8ef9ccd5c18031507f8350390552,100,customers_unserved,6,47.083333333333336,45.75,17.010780895263647,29.231613599381944,64.93505306728473,24,24,76
C,baseline,COORDINATED_MPC_MCTS,0.5,5,3,12,partial,iterations,16,0.5,False,concurrent,06d868f693a728ac1102e913d6ba675227fc8ef9ccd5c18031507f8350390552,100,vehicles_activated,6,11.333333333333334,9.0,7.814516406449388,3.1325013078534525,19.534165358813215,24,24,21
C,baseline,COORDINATED_MPC_MCTS,0.5,5,3,12,partial,iterations,16,0.5,False,concurrent,06d868f693a728ac1102e913d6ba675227fc8ef9ccd5c18031507f8350390552,100,distance_complete,0,,,,,,24,0,
C,baseline,COORDINATED_MPC_MCTS,0.5,5,3,12,partial,iterations,16,0.5,False,concurrent,06d868f693a728ac1102e913d6ba675227fc8ef9ccd5c18031507f8350390552,100,mean_planning_time,6,0.07780051205024859,0.07910271081592773,0.011455677705590011,0.06577851558684057,0.0898225085136566,24,24,0.09671372142994576
C,baseline,COORDINATED_MPC_MCTS,0.5,5,3,12,partial,iterations,16,0.5,False,concurrent,06d868f693a728ac1102e913d6ba675227fc8ef9ccd5c18031507f8350390552,100,p95_planning_time,6,0.1378421925020423,0.1345984587504062,0.0193803812774402,0.11750372967472368,0.1581806553293609,24,24,0.17562145502306514
C,baseline,COORDINATED_MPC_MCTS,0.5,5,3,12,partial,iterations,16,0.5,False,concurrent,06d868f693a728ac1102e913d6ba675227fc8ef9ccd5c18031507f8350390552,100,maximum_planning_time,6,0.8953450041590258,0.8741249250015244,0.5112753223058654,0.3587944591319444,1.4318955491861072,24,24,1.6796304999152198
C,baseline,COORDINATED_MPC_MCTS,0.5,5,3,12,partial,iterations,16,0.5,False,concurrent,06d868f693a728ac1102e913d6ba675227fc8ef9ccd5c18031507f8350390552,100,total_planning_time,6,5.485709012505443,5.835021262566443,1.7119992689453651,3.689075964198306,7.28234206081258,24,24,8.896576400147751
C,baseline,COORDINATED_MPC_MCTS,0.5,5,3,12,partial,iterations,16,0.5,False,concurrent,06d868f693a728ac1102e913d6ba675227fc8ef9ccd5c18031507f8350390552,100,nodes_expanded,6,2409.25,1781.125,1829.1497136647945,489.67509977462964,4328.824900225371,24,24,5611
C,baseline,COORDINATED_MPC_MCTS,0.5,5,3,12,partial,iterations,16,0.5,False,concurrent,06d868f693a728ac1102e913d6ba675227fc8ef9ccd5c18031507f8350390552,100,mcts_iterations,6,3139.3333333333335,2262.0,2541.983372618056,471.68538608495146,5806.9812805817155,24,24,7312
C,baseline,COORDINATED_MPC_MCTS,0.5,5,3,12,partial,iterations,16,0.5,False,concurrent,06d868f693a728ac1102e913d6ba675227fc8ef9ccd5c18031507f8350390552,100,total_charging_time,6,563.4432855366581,238.74590261667436,826.6268986881007,-304.04844284332205,1430.9350139166381,24,24,3011.9089412034655
C,baseline,COORDINATED_MPC_MCTS,0.5,5,3,12,partial,iterations,16,0.5,False,concurrent,06d868f693a728ac1102e913d6ba675227fc8ef9ccd5c18031507f8350390552,100,total_charging_visits,6,16.333333333333332,15.875,10.765299190764123,5.03584468840206,27.630821978264606,24,24,35
C,baseline,COORDINATED_MPC_MCTS,0.5,5,3,12,partial,iterations,16,0.5,False,isolated,06d868f693a728ac1102e913d6ba675227fc8ef9ccd5c18031507f8350390552,100,complete_service,6,0.0,0.0,0.0,0.0,0.0,6,6,False
C,baseline,COORDINATED_MPC_MCTS,0.5,5,3,12,partial,iterations,16,0.5,False,isolated,06d868f693a728ac1102e913d6ba675227fc8ef9ccd5c18031507f8350390552,100,service_ratio,6,0.565,0.56,0.15385057685949702,0.4035437214250873,0.7264562785749126,6,6,0.78
C,baseline,COORDINATED_MPC_MCTS,0.5,5,3,12,partial,iterations,16,0.5,False,isolated,06d868f693a728ac1102e913d6ba675227fc8ef9ccd5c18031507f8350390552,100,customers_unserved,6,43.5,44.0,15.385057685949702,27.35437214250874,59.64562785749126,6,6,60
C,baseline,COORDINATED_MPC_MCTS,0.5,5,3,12,partial,iterations,16,0.5,False,isolated,06d868f693a728ac1102e913d6ba675227fc8ef9ccd5c18031507f8350390552,100,vehicles_activated,6,11.333333333333334,9.0,7.814516406449388,3.1325013078534525,19.534165358813215,6,6,21
C,baseline,COORDINATED_MPC_MCTS,0.5,5,3,12,partial,iterations,16,0.5,False,isolated,06d868f693a728ac1102e913d6ba675227fc8ef9ccd5c18031507f8350390552,100,distance_complete,0,,,,,,6,0,
C,baseline,COORDINATED_MPC_MCTS,0.5,5,3,12,partial,iterations,16,0.5,False,isolated,06d868f693a728ac1102e913d6ba675227fc8ef9ccd5c18031507f8350390552,100,mean_planning_time,6,0.051387116754199214,0.05202880329099069,0.012638351759905506,0.03812397998781224,0.06465025352058619,6,6,0.06655002623933871
C,baseline,COORDINATED_MPC_MCTS,0.5,5,3,12,partial,iterations,16,0.5,False,isolated,06d868f693a728ac1102e913d6ba675227fc8ef9ccd5c18031507f8350390552,100,p95_planning_time,6,0.10089596747420726,0.10484863248711915,0.026270170965667302,0.07332711379667528,0.12846482115173924,6,6,0.13280839996878058
C,baseline,COORDINATED_MPC_MCTS,0.5,5,3,12,partial,iterations,16,0.5,False,isolated,06d868f693a728ac1102e913d6ba675227fc8ef9ccd5c18031507f8350390552,100,maximum_planning_time,6,0.5661406999958368,0.459806099999696,0.3470741861286413,0.20190867938454815,0.9303727206071255,6,6,1.1086510000750422
C,baseline,COORDINATED_MPC_MCTS,0.5,5,3,12,partial,iterations,16,0.5,False,isolated,06d868f693a728ac1102e913d6ba675227fc8ef9ccd5c18031507f8350390552,100,total_planning_time,6,3.9036897996556945,3.8050808003754355,0.8912193975344214,2.968412400916445,4.838967198394943,6,6,5.393375398940407
C,baseline,COORDINATED_MPC_MCTS,0.5,5,3,12,partial,iterations,16,0.5,False,isolated,06d868f693a728ac1102e913d6ba675227fc8ef9ccd5c18031507f8350390552,100,nodes_expanded,6,2385.8333333333335,1814.0,1657.0101287157743,646.9078485903674,4124.7588180763,6,6,4772
C,baseline,COORDINATED_MPC_MCTS,0.5,5,3,12,partial,iterations,16,0.5,False,isolated,06d868f693a728ac1102e913d6ba675227fc8ef9ccd5c18031507f8350390552,100,mcts_iterations,6,3146.6666666666665,2408.0,2379.38165636929,649.6587555579936,5643.6745777753395,6,6,6560
C,baseline,COORDINATED_MPC_MCTS,0.5,5,3,12,partial,iterations,16,0.5,False,isolated,06d868f693a728ac1102e913d6ba675227fc8ef9ccd5c18031507f8350390552,100,total_charging_time,6,763.0508577532369,272.3761896426033,1056.0444502608298,-345.1998256648401,1871.3015411713138,6,6,2763.1598724554133
C,baseline,COORDINATED_MPC_MCTS,0.5,5,3,12,partial,iterations,16,0.5,False,isolated,06d868f693a728ac1102e913d6ba675227fc8ef9ccd5c18031507f8350390552,100,total_charging_visits,6,20.333333333333332,19.5,13.00256384974389,6.6879794193889595,33.978687247277705,6,6,36
C,baseline,INDEPENDENT_MPC_MCTS,0.5,5,3,12,partial,iterations,16,0.5,False,concurrent,06d868f693a728ac1102e913d6ba675227fc8ef9ccd5c18031507f8350390552,100,complete_service,6,0.0,0.0,0.0,0.0,0.0,30,30,False
C,baseline,INDEPENDENT_MPC_MCTS,0.5,5,3,12,partial,iterations,16,0.5,False,concurrent,06d868f693a728ac1102e913d6ba675227fc8ef9ccd5c18031507f8350390552,100,service_ratio,6,0.5246666666666667,0.5469999999999999,0.1728243809960466,0.3432986018064531,0.7060347315268803,30,30,0.76
C,baseline,INDEPENDENT_MPC_MCTS,0.5,5,3,12,partial,iterations,16,0.5,False,concurrent,06d868f693a728ac1102e913d6ba675227fc8ef9ccd5c18031507f8350390552,100,customers_unserved,6,47.53333333333333,45.3,17.282438099604658,29.396526847311975,65.67013981935469,30,30,74
C,baseline,INDEPENDENT_MPC_MCTS,0.5,5,3,12,partial,iterations,16,0.5,False,concurrent,06d868f693a728ac1102e913d6ba675227fc8ef9ccd5c18031507f8350390552,100,vehicles_activated,6,11.333333333333334,9.0,7.814516406449388,3.1325013078534525,19.534165358813215,30,30,21
C,baseline,INDEPENDENT_MPC_MCTS,0.5,5,3,12,partial,iterations,16,0.5,False,concurrent,06d868f693a728ac1102e913d6ba675227fc8ef9ccd5c18031507f8350390552,100,distance_complete,0,,,,,,30,0,
C,baseline,INDEPENDENT_MPC_MCTS,0.5,5,3,12,partial,iterations,16,0.5,False,concurrent,06d868f693a728ac1102e913d6ba675227fc8ef9ccd5c18031507f8350390552,100,mean_planning_time,6,0.06175665888457869,0.059960747153727886,0.017213572991501162,0.043692121897346434,0.07982119587181094,30,30,0.08629677868181015
C,baseline,INDEPENDENT_MPC_MCTS,0.5,5,3,12,partial,iterations,16,0.5,False,concurrent,06d868f693a728ac1102e913d6ba675227fc8ef9ccd5c18031507f8350390552,100,p95_planning_time,6,0.12364308815468873,0.13007777100196105,0.023690592830260662,0.0987813357083489,0.14850484060102856,30,30,0.16803716995054843
C,baseline,INDEPENDENT_MPC_MCTS,0.5,5,3,12,partial,iterations,16,0.5,False,concurrent,06d868f693a728ac1102e913d6ba675227fc8ef9ccd5c18031507f8350390552,100,maximum_planning_time,6,0.813683916659405,0.7427286599762738,0.4319868724708101,0.36034149672133536,1.2670263365974745,30,30,1.6168514000019059
C,baseline,INDEPENDENT_MPC_MCTS,0.5,5,3,12,partial,iterations,16,0.5,False,concurrent,06d868f693a728ac1102e913d6ba675227fc8ef9ccd5c18031507f8350390552,100,total_planning_time,6,4.253823220101185,4.4551054300740365,1.1290074788577755,3.0690025340787233,5.438643906123646,30,30,6.717748999129981
C,baseline,INDEPENDENT_MPC_MCTS,0.5,5,3,12,partial,iterations,16,0.5,False,concurrent,06d868f693a728ac1102e913d6ba675227fc8ef9ccd5c18031507f8350390552,100,nodes_expanded,6,1706.3333333333333,1374.4,1119.4704367095483,531.5211592404114,2881.145507426255,30,30,3842
C,baseline,INDEPENDENT_MPC_MCTS,0.5,5,3,12,partial,iterations,16,0.5,False,concurrent,06d868f693a728ac1102e913d6ba675227fc8ef9ccd5c18031507f8350390552,100,mcts_iterations,6,2042.6666666666667,1513.6,1507.1064656044264,461.05542854371015,3624.2779047896233,30,30,4768
C,baseline,INDEPENDENT_MPC_MCTS,0.5,5,3,12,partial,iterations,16,0.5,False,concurrent,06d868f693a728ac1102e913d6ba675227fc8ef9ccd5c18031507f8350390552,100,total_charging_time,6,637.1357176487867,259.5630755338959,975.2312904963111,-386.30675573979624,1660.5781910373696,30,30,2869.146330140253
C,baseline,INDEPENDENT_MPC_MCTS,0.5,5,3,12,partial,iterations,16,0.5,False,concurrent,06d868f693a728ac1102e913d6ba675227fc8ef9ccd5c18031507f8350390552,100,total_charging_visits,6,18.73333333333333,19.299999999999997,12.846581905964973,5.251672430370803,32.21499423629586,30,30,39
C,baseline,MPC_MCTS_H1,0.5,1,3,12,partial,iterations,16,0.5,False,concurrent,06d868f693a728ac1102e913d6ba675227fc8ef9ccd5c18031507f8350390552,100,complete_service,6,0.0,0.0,0.0,0.0,0.0,30,30,False
C,baseline,MPC_MCTS_H1,0.5,1,3,12,partial,iterations,16,0.5,False,concurrent,06d868f693a728ac1102e913d6ba675227fc8ef9ccd5c18031507f8350390552,100,service_ratio,6,0.37966666666666665,0.38,0.12995640294601363,0.24328578578243645,0.5160475475508969,30,30,0.57
C,baseline,MPC_MCTS_H1,0.5,1,3,12,partial,iterations,16,0.5,False,concurrent,06d868f693a728ac1102e913d6ba675227fc8ef9ccd5c18031507f8350390552,100,customers_unserved,6,62.03333333333333,62.0,12.995640294601365,48.395245244910306,75.67142142175635,30,30,79
C,baseline,MPC_MCTS_H1,0.5,1,3,12,partial,iterations,16,0.5,False,concurrent,06d868f693a728ac1102e913d6ba675227fc8ef9ccd5c18031507f8350390552,100,vehicles_activated,6,11.333333333333334,9.0,7.814516406449388,3.1325013078534525,19.534165358813215,30,30,21
C,baseline,MPC_MCTS_H1,0.5,1,3,12,partial,iterations,16,0.5,False,concurrent,06d868f693a728ac1102e913d6ba675227fc8ef9ccd5c18031507f8350390552,100,distance_complete,0,,,,,,30,0,
C,baseline,MPC_MCTS_H1,0.5,1,3,12,partial,iterations,16,0.5,False,concurrent,06d868f693a728ac1102e913d6ba675227fc8ef9ccd5c18031507f8350390552,100,mean_planning_time,6,0.025993436167266005,0.024139351661855497,0.009611820708091481,0.015906448951904545,0.036080423382627465,30,30,0.04117927692967873
C,baseline,MPC_MCTS_H1,0.5,1,3,12,partial,iterations,16,0.5,False,concurrent,06d868f693a728ac1102e913d6ba675227fc8ef9ccd5c18031507f8350390552,100,p95_planning_time,6,0.06424585599083606,0.060472063501947525,0.034054255411540356,0.02850810667184491,0.0999836053098272,30,30,0.1274408799596131
C,baseline,MPC_MCTS_H1,0.5,1,3,12,partial,iterations,16,0.5,False,concurrent,06d868f693a728ac1102e913d6ba675227fc8ef9ccd5c18031507f8350390552,100,maximum_planning_time,6,0.11071463666933899,0.10222339999163522,0.0569690546955177,0.05092928030067904,0.17049999303799895,30,30,0.20242320001125336
C,baseline,MPC_MCTS_H1,0.5,1,3,12,partial,iterations,16,0.5,False,concurrent,06d868f693a728ac1102e913d6ba675227fc8ef9ccd5c18031507f8350390552,100,total_planning_time,6,1.3964156866190025,1.0484190498595125,1.0241835420280376,0.321600975819873,2.471230397418132,30,30,3.211983600514941
C,baseline,MPC_MCTS_H1,0.5,1,3,12,partial,iterations,16,0.5,False,concurrent,06d868f693a728ac1102e913d6ba675227fc8ef9ccd5c18031507f8350390552,100,nodes_expanded,6,2241.7000000000003,1404.7,2021.3495204936728,120.42377250728168,4362.976227492719,30,30,5421
C,baseline,MPC_MCTS_H1,0.5,1,3,12,partial,iterations,16,0.5,False,concurrent,06d868f693a728ac1102e913d6ba675227fc8ef9ccd5c18031507f8350390552,100,mcts_iterations,6,3004.7999999999997,1868.8,2807.318982944403,58.699406741595794,5950.900593258404,30,30,7440
C,baseline,MPC_MCTS_H1,0.5,1,3,12,partial,iterations,16,0.5,False,concurrent,06d868f693a728ac1102e913d6ba675227fc8ef9ccd5c18031507f8350390552,100,total_charging_time,6,39.374290276395506,8.850059622531708,56.54720303050319,-19.96835992024876,98.71694047303977,30,30,145.0721277440446
C,baseline,MPC_MCTS_H1,0.5,1,3,12,partial,iterations,16,0.5,False,concurrent,06d868f693a728ac1102e913d6ba675227fc8ef9ccd5c18031507f8350390552,100,total_charging_visits,6,3.266666666666667,1.4,4.835976288885902,-1.8083792045821174,8.341712537915452,30,30,13
