study,DoD_target,algorithm,full_service_rate,mean_service_ratio,median_unserved,mean_activated_vehicles,mean_distance_on_complete_runs,median_distance_on_complete_runs,mean_planning_time,p95_planning_time,number_of_runs
ablations,0.5,COORDINATED_MPC_MCTS,0.0,0.565,44.0,11.33,,,0.051387,0.100896,6
ablations,0.5,INDEPENDENT_MPC_MCTS,0.0,0.508,45.0,11.33,,,0.05987,0.120142,6
ablations,0.5,COORDINATED_MPC_MCTS,0.0,0.537,45.5,11.33,,,0.170106,0.406047,6
ablations,0.5,COORDINATED_MPC_MCTS,0.0,0.565,44.0,11.33,,,0.051387,0.100896,6
ablations,0.5,COORDINATED_MPC_MCTS,0.0,0.547,45.0,11.33,,,0.027179,0.0517,6
ablations,0.5,COORDINATED_MPC_MCTS,0.0,0.565,44.0,11.33,,,0.051387,0.100896,6
ablations,0.5,COORDINATED_MPC_MCTS,0.0,0.527,46.0,11.33,,,0.093332,0.178362,6
ablations,0.5,COORDINATED_MPC_MCTS,0.0,0.538,45.0,11.33,,,0.163012,0.300077,6
ablations,0.5,COORDINATED_MPC_MCTS,0.0,0.38,62.0,11.33,,,0.02512,0.059275,6
ablations,0.5,COORDINATED_MPC_MCTS,0.0,0.422,52.0,11.33,,,0.054623,0.104199,6
ablations,0.5,COORDINATED_MPC_MCTS,0.0,0.565,44.0,11.33,,,0.051387,0.100896,6
ablations,0.5,COORDINATED_MPC_MCTS,0.0,0.525,44.5,11.33,,,0.069687,0.134097,6
ablations,0.5,COORDINATED_MPC_MCTS,0.0,0.565,44.0,11.33,,,0.051387,0.100896,6
ablations,0.5,COORDINATED_MPC_MCTS,0.0,0.527,45.0,11.33,,,0.083751,0.147845,6
